ds,trend,yhat_lower,yhat_upper,trend_lower,trend_upper,additive_terms,additive_terms_lower,additive_terms_upper,weekly,weekly_lower,weekly_upper,multiplicative_terms,multiplicative_terms_lower,multiplicative_terms_upper,yhat,l_ipn
2006-07-08,5.682765821985317,4.163255295380803,7.196986455004639,5.682765821985317,5.682765821985317,0.09804101953014034,0.09804101953014034,0.09804101953014034,0.09804101953014034,0.09804101953014034,0.09804101953014034,0.0,0.0,0.0,5.780806841515457,0
2006-07-09,5.697371172469503,3.8678035829356268,6.709577818680736,5.697371172469503,5.697371172469503,-0.3738233778452715,-0.3738233778452715,-0.3738233778452715,-0.3738233778452715,-0.3738233778452715,-0.3738233778452715,0.0,0.0,0.0,5.323547794624232,0
2006-07-10,5.71197652295369,3.98836590595516,7.175333743655663,5.71197652295369,5.71197652295369,-0.08645075549972607,-0.08645075549972607,-0.08645075549972607,-0.08645075549972607,-0.08645075549972607,-0.08645075549972607,0.0,0.0,0.0,5.625525767453964,0
2006-07-11,5.726581873437876,4.566601754668222,7.699681289412745,5.726581873437876,5.726581873437876,0.5134671404419525,0.5134671404419525,0.5134671404419525,0.5134671404419525,0.5134671404419525,0.5134671404419525,0.0,0.0,0.0,6.240049013879829,0
2006-07-12,5.741187223910031,4.008478514314825,7.032083084942152,5.741187223910031,5.741187223910031,-0.16935936895160802,-0.16935936895160802,-0.16935936895160802,-0.16935936895160802,-0.16935936895160802,-0.16935936895160802,0.0,0.0,0.0,5.571827854958423,0
2006-07-13,5.755792574382186,4.294247618226784,7.224706098747272,5.755792574382186,5.755792574382186,-0.009783101568432817,-0.009783101568432817,-0.009783101568432817,-0.009783101568432817,-0.009783101568432817,-0.009783101568432817,0.0,0.0,0.0,5.746009472813753,0
2006-07-14,5.77039792485242,4.304126763402331,7.303191212815087,5.77039792485242,5.77039792485242,0.027908443894735152,0.027908443894735152,0.027908443894735152,0.027908443894735152,0.027908443894735152,0.027908443894735152,0.0,0.0,0.0,5.798306368747156,0
2006-07-15,5.785003275322657,4.4353425822114545,7.434449054435444,5.785003275322657,5.785003275322657,0.09804101952952517,0.09804101952952517,0.09804101952952517,0.09804101952952517,0.09804101952952517,0.09804101952952517,0.0,0.0,0.0,5.883044294852182,0
2006-07-16,5.799608625792891,4.010673974110059,6.929698566760745,5.799608625792891,5.799608625792891,-0.3738233778448904,-0.3738233778448904,-0.3738233778448904,-0.3738233778448904,-0.3738233778448904,-0.3738233778448904,0.0,0.0,0.0,5.425785247948001,0
2006-07-17,5.814213976252619,4.221863071902771,7.2862561509378585,5.814213976252619,5.814213976252619,-0.08645075550206359,-0.08645075550206359,-0.08645075550206359,-0.08645075550206359,-0.08645075550206359,-0.08645075550206359,0.0,0.0,0.0,5.727763220750555,0
2006-07-18,5.828819326712346,4.924283557981607,7.953680424698152,5.828819326712346,5.828819326712346,0.5134671404413075,0.5134671404413075,0.5134671404413075,0.5134671404413075,0.5134671404413075,0.5134671404413075,0.0,0.0,0.0,6.342286467153654,0
2006-07-19,5.843424677172074,4.0874053886068795,7.166031098055846,5.843424677172074,5.843424677172074,-0.169359368952044,-0.169359368952044,-0.169359368952044,-0.169359368952044,-0.169359368952044,-0.169359368952044,0.0,0.0,0.0,5.67406530822003,0
2006-07-20,5.8580300276444515,4.285910713801925,7.27169719149135,5.8580300276444515,5.8580300276444515,-0.009783101568339869,-0.009783101568339869,-0.009783101568339869,-0.009783101568339869,-0.009783101568339869,-0.009783101568339869,0.0,0.0,0.0,5.848246926076111,0
2006-07-21,5.872635378116828,4.356472556893505,7.355515186408003,5.872635378116828,5.872635378116828,0.02790844389459963,0.02790844389459963,0.02790844389459963,0.02790844389459963,0.02790844389459963,0.02790844389459963,0.0,0.0,0.0,5.900543822011428,0
2006-07-22,5.887240728591474,4.527244622130806,7.589135182757917,5.887240728591474,5.887240728591474,0.09804101952988552,0.09804101952988552,0.09804101952988552,0.09804101952988552,0.09804101952988552,0.09804101952988552,0.0,0.0,0.0,5.985281748121359,0
2006-07-23,5.901846079066118,4.005463059703643,7.114878417946853,5.901846079066118,5.901846079066118,-0.3738233778459295,-0.3738233778459295,-0.3738233778459295,-0.3738233778459295,-0.3738233778459295,-0.3738233778459295,0.0,0.0,0.0,5.528022701220189,0
2006-07-24,5.916451429540762,4.29669737099493,7.2698898975927975,5.916451429540762,5.916451429540762,-0.08645075550186726,-0.08645075550186726,-0.08645075550186726,-0.08645075550186726,-0.08645075550186726,-0.08645075550186726,0.0,0.0,0.0,5.830000674038895,0
2006-07-25,5.9310567800088165,4.944172181664795,8.04769452977265,5.9310567800088165,5.9310567800088165,0.5134671404406626,0.5134671404406626,0.5134671404406626,0.5134671404406626,0.5134671404406626,0.5134671404406626,0.0,0.0,0.0,6.444523920449479,0
2006-07-26,5.94566213047687,4.262939395699323,7.384688964691644,5.94566213047687,5.94566213047687,-0.16935936895248008,-0.16935936895248008,-0.16935936895248008,-0.16935936895248008,-0.16935936895248008,-0.16935936895248008,0.0,0.0,0.0,5.77630276152439,0
2006-07-27,5.960267480944925,4.511931180675304,7.5332151667448395,5.960267480944925,5.960267480944925,-0.009783101568672568,-0.009783101568672568,-0.009783101568672568,-0.009783101568672568,-0.009783101568672568,-0.009783101568672568,0.0,0.0,0.0,5.9504843793762525,0
2006-07-28,5.974872831404428,4.4067937046347865,7.408926970118615,5.974872831404428,5.974872831404428,0.027908443894957956,0.027908443894957956,0.027908443894957956,0.027908443894957956,0.027908443894957956,0.027908443894957956,0.0,0.0,0.0,6.0027812752993865,0
2006-07-29,5.989478181863931,4.572674868343293,7.546243007148736,5.989478181863931,5.989478181863931,0.0980410195304165,0.0980410195304165,0.0980410195304165,0.0980410195304165,0.0980410195304165,0.0980410195304165,0.0,0.0,0.0,6.087519201394348,0
2006-07-30,6.0040835323141675,4.04556173855261,7.035473069024641,6.0040835323141675,6.0040835323141675,-0.37382337784568964,-0.37382337784568964,-0.37382337784568964,-0.37382337784568964,-0.37382337784568964,-0.37382337784568964,0.0,0.0,0.0,5.630260154468478,0
2006-07-31,6.018688882764404,4.5793098695870365,7.390654531426369,6.018688882764404,6.018688882764404,-0.08645075550051239,-0.08645075550051239,-0.08645075550051239,-0.08645075550051239,-0.08645075550051239,-0.08645075550051239,0.0,0.0,0.0,5.932238127263892,0
2006-08-01,6.033294233214638,5.010586082163565,8.118745096708741,6.033294233214638,6.033294233214638,0.5134671404408825,0.5134671404408825,0.5134671404408825,0.5134671404408825,0.5134671404408825,0.5134671404408825,0.0,0.0,0.0,6.546761373655521,0
2006-08-02,6.047899583648096,4.322105630558942,7.314650322031184,6.047899583648096,6.047899583648096,-0.16935936895190257,-0.16935936895190257,-0.16935936895190257,-0.16935936895190257,-0.16935936895190257,-0.16935936895190257,0.0,0.0,0.0,5.878540214696193,0
2006-08-03,6.062504934081552,4.456847129366816,7.566609111222358,6.062504934081552,6.062504934081552,-0.009783101569005267,-0.009783101569005267,-0.009783101569005267,-0.009783101569005267,-0.009783101569005267,-0.009783101569005267,0.0,0.0,0.0,6.052721832512547,0
2006-08-04,6.07711028451501,4.635258020148874,7.575920412745528,6.07711028451501,6.07711028451501,0.027908443895316343,0.027908443895316343,0.027908443895316343,0.027908443895316343,0.027908443895316343,0.027908443895316343,0.0,0.0,0.0,6.105018728410326,0
2006-08-05,6.091715634954616,4.625708277693206,7.713632243652654,6.091715634954616,6.091715634954616,0.09804101953094747,0.09804101953094747,0.09804101953094747,0.09804101953094747,0.09804101953094747,0.09804101953094747,0.0,0.0,0.0,6.189756654485564,0
2006-08-06,6.106320985394221,4.21066099869783,7.150905526860024,6.106320985394221,6.106320985394221,-0.37382337784544983,-0.37382337784544983,-0.37382337784544983,-0.37382337784544983,-0.37382337784544983,-0.37382337784544983,0.0,0.0,0.0,5.732497607548771,0
2006-08-07,6.1209263358547865,4.479095286660206,7.484582251382188,6.1209263358547865,6.1209263358547865,-0.08645075550158297,-0.08645075550158297,-0.08645075550158297,-0.08645075550158297,-0.08645075550158297,-0.08645075550158297,0.0,0.0,0.0,6.034475580353203,0
2006-08-08,6.135531686315351,5.137121370580056,8.204564637125605,6.135531686315351,6.135531686315351,0.5134671404410461,0.5134671404410461,0.5134671404410461,0.5134671404410461,0.5134671404410461,0.5134671404410461,0.0,0.0,0.0,6.648998826756396,0
2006-08-09,6.150137036775915,4.581768098650292,7.561908921222416,6.150137036775915,6.150137036775915,-0.16935936895204007,-0.16935936895204007,-0.16935936895204007,-0.16935936895204007,-0.16935936895204007,-0.16935936895204007,0.0,0.0,0.0,5.980777667823874,0
2006-08-10,6.164742387229994,4.544920683006502,7.640557902646576,6.164742387229994,6.164742387229994,-0.009783101568912319,-0.009783101568912319,-0.009783101568912319,-0.009783101568912319,-0.009783101568912319,-0.009783101568912319,0.0,0.0,0.0,6.154959285661082,0
2006-08-11,6.179347737684075,4.553179453762976,7.662070031635947,6.179347737684075,6.179347737684075,0.027908443894888408,0.027908443894888408,0.027908443894888408,0.027908443894888408,0.027908443894888408,0.027908443894888408,0.0,0.0,0.0,6.207256181578963,0
2006-08-12,6.193953088138155,4.796514985940085,7.828383597755104,6.193953088138155,6.193953088138155,0.09804101953130782,0.09804101953130782,0.09804101953130782,0.09804101953130782,0.09804101953130782,0.09804101953130782,0.0,0.0,0.0,6.2919941076694625,0
2006-08-13,6.208558438588439,4.289116181417391,7.310390469750489,6.208558438588439,6.208558438588439,-0.37382337784492753,-0.37382337784492753,-0.37382337784492753,-0.37382337784492753,-0.37382337784492753,-0.37382337784492753,0.0,0.0,0.0,5.834735060743512,0
2006-08-14,6.2231637890387255,4.660055188069502,7.645192525002356,6.2231637890387255,6.2231637890387255,-0.08645075550138659,-0.08645075550138659,-0.08645075550138659,-0.08645075550138659,-0.08645075550138659,-0.08645075550138659,0.0,0.0,0.0,6.1367130335373385,0
2006-08-15,6.237769139489009,5.249938288715303,8.191294537487849,6.237769139489009,6.237769139489009,0.5134671404412097,0.5134671404412097,0.5134671404412097,0.5134671404412097,0.5134671404412097,0.5134671404412097,0.0,0.0,0.0,6.751236279930218,0
2006-08-16,6.252374489923165,4.601176941171586,7.557871266651138,6.252374489923165,6.252374489923165,-0.16935936895217757,-0.16935936895217757,-0.16935936895217757,-0.16935936895217757,-0.16935936895217757,-0.16935936895217757,0.0,0.0,0.0,6.0830151209709875,0
2006-08-17,6.266979840357322,4.809496378684543,7.724336919544424,6.266979840357322,6.266979840357322,-0.009783101568974346,-0.009783101568974346,-0.009783101568974346,-0.009783101568974346,-0.009783101568974346,-0.009783101568974346,0.0,0.0,0.0,6.257196738788347,0
2006-08-18,6.281585190793199,4.80078586739546,7.847400427164363,6.281585190793199,6.281585190793199,0.027908443894752825,0.027908443894752825,0.027908443894752825,0.027908443894752825,0.027908443894752825,0.027908443894752825,0.0,0.0,0.0,6.309493634687952,0
2006-08-19,6.296190541229075,4.8508165825427145,7.787090498551585,6.296190541229075,6.296190541229075,0.09804101953069268,0.09804101953069268,0.09804101953069268,0.09804101953069268,0.09804101953069268,0.09804101953069268,0.0,0.0,0.0,6.394231560759768,0
2006-08-20,6.310795891664952,4.476111478694244,7.396169821352969,6.310795891664952,6.310795891664952,-0.3738233778446876,-0.3738233778446876,-0.3738233778446876,-0.3738233778446876,-0.3738233778446876,-0.3738233778446876,0.0,0.0,0.0,5.9369725138202645,0
2006-08-21,6.325401242113899,4.700220650971966,7.690276093979675,6.325401242113899,6.325401242113899,-0.08645075550119023,-0.08645075550119023,-0.08645075550119023,-0.08645075550119023,-0.08645075550119023,-0.08645075550119023,0.0,0.0,0.0,6.238950486612708,0
2006-08-22,6.340006592562845,5.393813802399001,8.506562482710073,6.340006592562845,6.340006592562845,0.5134671404405649,0.5134671404405649,0.5134671404405649,0.5134671404405649,0.5134671404405649,0.5134671404405649,0.0,0.0,0.0,6.85347373300341,0
2006-08-23,6.354611943011792,4.695716362157398,7.680561691286478,6.354611943011792,6.354611943011792,-0.16935936895160006,-0.16935936895160006,-0.16935936895160006,-0.16935936895160006,-0.16935936895160006,-0.16935936895160006,0.0,0.0,0.0,6.1852525740601925,0
2006-08-24,6.369217293456776,4.8392498831430855,7.831958476832326,6.369217293456776,6.369217293456776,-0.009783101568881368,-0.009783101568881368,-0.009783101568881368,-0.009783101568881368,-0.009783101568881368,-0.009783101568881368,0.0,0.0,0.0,6.359434191887895,0
2006-08-25,6.383822643901759,4.908765191434022,8.064836761547282,6.383822643901759,6.383822643901759,0.027908443895111167,0.027908443895111167,0.027908443895111167,0.027908443895111167,0.027908443895111167,0.027908443895111167,0.0,0.0,0.0,6.41173108779687,0
2006-08-26,6.398427994358524,4.975383372073779,7.944216772317202,6.398427994358524,6.398427994358524,0.0980410195300775,0.0980410195300775,0.0980410195300775,0.0980410195300775,0.0980410195300775,0.0980410195300775,0.0,0.0,0.0,6.496469013888602,0
2006-08-27,6.413033344815289,4.441409007705012,7.700762875282301,6.413033344815289,6.413033344815289,-0.37382337784444775,-0.37382337784444775,-0.37382337784444775,-0.37382337784444775,-0.37382337784444775,-0.37382337784444775,0.0,0.0,0.0,6.039209966970841,0
2006-08-28,6.427638695272054,4.79048660076271,7.699451829064163,6.427638695272054,6.427638695272054,-0.08645075550110226,-0.08645075550110226,-0.08645075550110226,-0.08645075550110226,-0.08645075550110226,-0.08645075550110226,0.0,0.0,0.0,6.341187939770952,0
2006-08-29,6.442244045743743,5.459557900179993,8.472153902416835,6.442244045743743,6.442244045743743,0.5134671404407848,0.5134671404407848,0.5134671404407848,0.5134671404407848,0.5134671404407848,0.5134671404407848,0.0,0.0,0.0,6.955711186184527,0
2006-08-30,6.456849396215431,4.702638401805017,7.640005249334997,6.456849396215431,6.456849396215431,-0.16935936895132106,-0.16935936895132106,-0.16935936895132106,-0.16935936895132106,-0.16935936895132106,-0.16935936895132106,0.0,0.0,0.0,6.28749002726411,0
2006-08-31,6.471454746687119,4.937386172578966,7.988788088325962,6.471454746687119,6.471454746687119,-0.00978310156878842,-0.00978310156878842,-0.00978310156878842,-0.00978310156878842,-0.00978310156878842,-0.00978310156878842,0.0,0.0,0.0,6.46167164511833,0
2006-09-01,6.486060097198216,4.891198056254445,8.062915278165457,6.486060097198216,6.486060097198216,0.027908443895469523,0.027908443895469523,0.027908443895469523,0.027908443895469523,0.027908443895469523,0.027908443895469523,0.0,0.0,0.0,6.513968541093686,0
2006-09-02,6.500665447709312,5.132409093853161,8.142342348237882,6.500665447709312,6.500665447709312,0.09804101953060847,0.09804101953060847,0.09804101953060847,0.09804101953060847,0.09804101953060847,0.09804101953060847,0.0,0.0,0.0,6.5987064672399205,0
2006-09-03,6.51527079821122,4.666912256166864,7.620788183297983,6.51527079821122,6.51527079821122,-0.3738233778453457,-0.3738233778453457,-0.3738233778453457,-0.3738233778453457,-0.3738233778453457,-0.3738233778453457,0.0,0.0,0.0,6.141447420365874,0
2006-09-04,6.529876148713128,5.0120013383407045,7.9332334136857146,6.529876148713128,6.529876148713128,-0.08645075550090593,-0.08645075550090593,-0.08645075550090593,-0.08645075550090593,-0.08645075550090593,-0.08645075550090593,0.0,0.0,0.0,6.443425393212222,0
2006-09-05,6.544481499215036,5.490990894554805,8.476565043468785,6.544481499215036,6.544481499215036,0.5134671404409483,0.5134671404409483,0.5134671404409483,0.5134671404409483,0.5134671404409483,0.5134671404409483,0.0,0.0,0.0,7.057948639655984,0
2006-09-06,6.559087032756004,4.909468009089429,7.8940524976411615,6.559087032756004,6.559087032756004,-0.16935936895175704,-0.16935936895175704,-0.16935936895175704,-0.16935936895175704,-0.16935936895175704,-0.16935936895175704,0.0,0.0,0.0,6.389727663804247,0
2006-09-07,6.573692566296973,5.002027226167389,8.121678986062676,6.573692566296973,6.573692566296973,-0.009783101568695473,-0.009783101568695473,-0.009783101568695473,-0.009783101568695473,-0.009783101568695473,-0.009783101568695473,0.0,0.0,0.0,6.563909464728278,0
2006-09-08,6.5882980998379415,5.098300405053724,8.116535324858644,6.5882980998379415,6.5882980998379415,0.027908443894547694,0.027908443894547694,0.027908443894547694,0.027908443894547694,0.027908443894547694,0.027908443894547694,0.0,0.0,0.0,6.616206543732489,0
2006-09-09,6.602903633370854,5.190085988820539,8.329688993028896,6.602903633370854,6.602903633370854,0.09804101953096885,0.09804101953096885,0.09804101953096885,0.09804101953096885,0.09804101953096885,0.09804101953096885,0.0,0.0,0.0,6.700944652901823,0
2006-09-10,6.6175091669037664,4.656660701548266,7.697193787160066,6.6175091669037664,6.6175091669037664,-0.37382337784510583,-0.37382337784510583,-0.37382337784510583,-0.37382337784510583,-0.37382337784510583,-0.37382337784510583,0.0,0.0,0.0,6.24368578905866,0
2006-09-11,6.632114700443234,4.997802805618293,8.044104990150252,6.632114700443234,6.632114700443234,-0.08645075550070956,-0.08645075550070956,-0.08645075550070956,-0.08645075550070956,-0.08645075550070956,-0.08645075550070956,0.0,0.0,0.0,6.5456639449425245,0
2006-09-12,6.646720233982699,5.740094122601689,8.724615851649638,6.646720233982699,6.646720233982699,0.513467140441112,0.513467140441112,0.513467140441112,0.513467140441112,0.513467140441112,0.513467140441112,0.0,0.0,0.0,7.160187374423812,0
2006-09-13,6.661325767522167,5.115338998822865,8.087752592446163,6.661325767522167,6.661325767522167,-0.16935936895088102,-0.16935936895088102,-0.16935936895088102,-0.16935936895088102,-0.16935936895088102,-0.16935936895088102,0.0,0.0,0.0,6.491966398571286,0
2006-09-14,6.6759313010535575,5.134767098795818,8.304617361842658,6.6759313010535575,6.6759313010535575,-0.009783101568757469,-0.009783101568757469,-0.009783101568757469,-0.009783101568757469,-0.009783101568757469,-0.009783101568757469,0.0,0.0,0.0,6.6661481994848,0
2006-09-15,6.690536834584948,5.274653417259608,8.103411277392102,6.690536834584948,6.690536834584948,0.027908443894906036,0.027908443894906036,0.027908443894906036,0.027908443894906036,0.027908443894906036,0.027908443894906036,0.0,0.0,0.0,6.718445278479853,0
2006-09-16,6.705142368116338,5.329097005016943,8.304170065985328,6.705142368116338,6.705142368116338,0.09804101953018304,0.09804101953018304,0.09804101953018304,0.09804101953018304,0.09804101953018304,0.09804101953018304,0.0,0.0,0.0,6.803183387646521,0
2006-09-17,6.719747901647727,4.905970046882904,7.978945073921071,6.719747901647727,6.719747901647727,-0.37382337784486597,-0.37382337784486597,-0.37382337784486597,-0.37382337784486597,-0.37382337784486597,-0.37382337784486597,0.0,0.0,0.0,6.345924523802861,0
2006-09-18,6.734353435179118,5.147935671468506,8.097120856993755,6.734353435179118,6.734353435179118,-0.08645075550051327,-0.08645075550051327,-0.08645075550051327,-0.08645075550051327,-0.08645075550051327,-0.08645075550051327,0.0,0.0,0.0,6.647902679678605,0
2006-09-19,6.748958968710507,5.684617315393758,8.886788338473531,6.748958968710507,6.748958968710507,0.5134671404405233,0.5134671404405233,0.5134671404405233,0.5134671404405233,0.5134671404405233,0.5134671404405233,0.0,0.0,0.0,7.262426109151031,0
2006-09-20,6.7635645022418975,5.109478525057468,8.070487793692768,6.7635645022418975,6.7635645022418975,-0.16935936895131704,-0.16935936895131704,-0.16935936895131704,-0.16935936895131704,-0.16935936895131704,-0.16935936895131704,0.0,0.0,0.0,6.594205133290581,0
2006-09-21,6.778170035773288,5.28243041152635,8.323173913981755,6.778170035773288,6.778170035773288,-0.00978310156866452,-0.00978310156866452,-0.00978310156866452,-0.00978310156866452,-0.00978310156866452,-0.00978310156866452,0.0,0.0,0.0,6.7683869342046235,0
2006-09-22,6.792775569304678,5.2796136137700955,8.385773451855268,6.792775569304678,6.792775569304678,0.027908443895264423,0.027908443895264423,0.027908443895264423,0.027908443895264423,0.027908443895264423,0.027908443895264423,0.0,0.0,0.0,6.820684013199942,0
2006-09-23,6.807381102836069,5.307291645458012,8.437001840934986,6.807381102836069,6.807381102836069,0.09804101952956784,0.09804101952956784,0.09804101952956784,0.09804101952956784,0.09804101952956784,0.09804101952956784,0.0,0.0,0.0,6.9054221223656365,0
2006-09-24,6.821986636367458,4.864102935923497,7.968075183749349,6.821986636367458,6.821986636367458,-0.3738233778457639,-0.3738233778457639,-0.3738233778457639,-0.3738233778457639,-0.3738233778457639,-0.3738233778457639,0.0,0.0,0.0,6.448163258521694,0
2006-09-25,6.836592169898848,5.2669649680462385,8.269331899279223,6.836592169898848,6.836592169898848,-0.0864507555004253,-0.0864507555004253,-0.0864507555004253,-0.0864507555004253,-0.0864507555004253,-0.0864507555004253,0.0,0.0,0.0,6.750141414398423,0
2006-09-26,6.8511977034302385,5.9339459959962015,8.92581601500477,6.8511977034302385,6.8511977034302385,0.5134671404415517,0.5134671404415517,0.5134671404415517,0.5134671404415517,0.5134671404415517,0.5134671404415517,0.0,0.0,0.0,7.3646648438717905,0
2006-09-27,6.865803236961629,5.1996452390010095,8.26271897263969,6.865803236961629,6.865803236961629,-0.16935936895175302,-0.16935936895175302,-0.16935936895175302,-0.16935936895175302,-0.16935936895175302,-0.16935936895175302,0.0,0.0,0.0,6.696443868009876,0
2006-09-28,6.880408770493019,5.30533241455429,8.399916072427182,6.880408770493019,6.880408770493019,-0.009783101568571574,-0.009783101568571574,-0.009783101568571574,-0.009783101568571574,-0.009783101568571574,-0.009783101568571574,0.0,0.0,0.0,6.870625668924447,0
2006-09-29,6.895014304024409,5.490411071275932,8.42459155514471,6.895014304024409,6.895014304024409,0.027908443895622765,0.027908443895622765,0.027908443895622765,0.027908443895622765,0.027908443895622765,0.027908443895622765,0.0,0.0,0.0,6.9229227479200315,0
2006-09-30,6.909619837555798,5.429572066551428,8.562826263251651,6.909619837555798,6.909619837555798,0.09804101953107441,0.09804101953107441,0.09804101953107441,0.09804101953107441,0.09804101953107441,0.09804101953107441,0.0,0.0,0.0,7.007660857086873,0
2006-10-01,6.924225371087188,4.9856719311947275,8.082516474103413,6.9242253701196494,6.924225372776481,-0.373823377845524,-0.373823377845524,-0.373823377845524,-0.373823377845524,-0.373823377845524,-0.373823377845524,0.0,0.0,0.0,6.550401993241664,0
2006-10-02,6.938830904618579,5.309205250834034,8.359280985333154,6.938830898275222,6.938830912104803,-0.08645075550022893,-0.08645075550022893,-0.08645075550022893,-0.08645075550022893,-0.08645075550022893,-0.08645075550022893,0.0,0.0,0.0,6.852380149118351,0
2006-10-03,6.95343643814997,6.0253023488969575,8.955944575427836,6.95343642261769,6.953436455329617,0.5134671404417154,0.5134671404417154,0.5134671404417154,0.5134671404417154,0.5134671404417154,0.5134671404417154,0.0,0.0,0.0,7.466903578591685,0
2006-10-04,6.96804197168136,5.246067220598895,8.348548906802796,6.968041944853114,6.968042000258132,-0.16935936895218906,-0.16935936895218906,-0.16935936895218906,-0.16935936895218906,-0.16935936895218906,-0.16935936895218906,0.0,0.0,0.0,6.798682602729171,0
2006-10-05,6.982647505212749,5.549048533781251,8.51190191215073,6.982647463186043,6.982647544511889,-0.00978310156863357,-0.00978310156863357,-0.00978310156863357,-0.00978310156863357,-0.00978310156863357,-0.00978310156863357,0.0,0.0,0.0,6.972864403644116,0
2006-10-06,6.997253038744139,5.503991976174811,8.616619132417558,6.997252979194735,6.997253091764185,0.0279084438947009,0.0279084438947009,0.0279084438947009,0.0279084438947009,0.0279084438947009,0.0279084438947009,0.0,0.0,0.0,7.02516148263884,0
2006-10-07,7.011858572275529,5.497611027083072,8.58625888098593,7.011858496825281,7.011858639650582,0.09804101953045925,0.09804101953045925,0.09804101953045925,0.09804101953045925,0.09804101953045925,0.09804101953045925,0.0,0.0,0.0,7.109899591805989,0
2006-07-08,7.471186270784564,6.122169375986561,8.601379261218588,7.471186270784564,7.471186270784564,-0.07219500290129,-0.07219500290129,-0.07219500290129,-0.07219500290129,-0.07219500290129,-0.07219500290129,0.0,0.0,0.0,7.398991267883274,1
2006-07-09,7.489356670890982,6.60263267809831,8.978881887313994,7.489356670890982,7.489356670890982,0.31817216289431566,0.31817216289431566,0.31817216289431566,0.31817216289431566,0.31817216289431566,0.31817216289431566,0.0,0.0,0.0,7.807528833785297,1
2006-07-10,7.5075270709974005,5.584782262686567,7.988204158428661,7.5075270709974005,7.5075270709974005,-0.6974652144403254,-0.6974652144403254,-0.6974652144403254,-0.6974652144403254,-0.6974652144403254,-0.6974652144403254,0.0,0.0,0.0,6.810061856557075,1
2006-07-11,7.5256974710287725,6.50736658351656,8.908875668218347,7.5256974710287725,7.5256974710287725,0.15155506461967158,0.15155506461967158,0.15155506461967158,0.15155506461967158,0.15155506461967158,0.15155506461967158,0.0,0.0,0.0,7.677252535648444,1
2006-07-12,7.543867870800907,6.593113762417655,8.901196119769864,7.543867870800907,7.543867870800907,0.1858963359844922,0.1858963359844922,0.1858963359844922,0.1858963359844922,0.1858963359844922,0.1858963359844922,0.0,0.0,0.0,7.729764206785399,1
2006-07-13,7.56203827057304,6.41575955929294,8.799091024813757,7.56203827057304,7.56203827057304,0.05352014811425005,0.05352014811425005,0.05352014811425005,0.05352014811425005,0.05352014811425005,0.05352014811425005,0.0,0.0,0.0,7.61555841868729,1
2006-07-14,7.580208670416436,6.425612141804088,8.781782558955186,7.580208670416436,7.580208670416436,0.060516505725007746,0.060516505725007746,0.060516505725007746,0.060516505725007746,0.060516505725007746,0.060516505725007746,0.0,0.0,0.0,7.640725176141443,1
2006-07-15,7.598379070299152,6.242590872886458,8.677900213734546,7.598379070299152,7.598379070299152,-0.07219500290147995,-0.07219500290147995,-0.07219500290147995,-0.07219500290147995,-0.07219500290147995,-0.07219500290147995,0.0,0.0,0.0,7.526184067397672,1
2006-07-16,7.616549470181866,6.7814394090093,9.118491070805499,7.616549470181866,7.616549470181866,0.31817216289502825,0.31817216289502825,0.31817216289502825,0.31817216289502825,0.31817216289502825,0.31817216289502825,0.0,0.0,0.0,7.934721633076894,1
2006-07-17,7.634719870136157,5.711611824040914,8.08564547925137,7.634719870136157,7.634719870136157,-0.6974652144398356,-0.6974652144398356,-0.6974652144398356,-0.6974652144398356,-0.6974652144398356,-0.6974652144398356,0.0,0.0,0.0,6.9372546556963215,1
2006-07-18,7.652890269837433,6.661845896780249,8.99372436069309,7.652890269837433,7.652890269837433,0.1515550646212487,0.1515550646212487,0.1515550646212487,0.1515550646212487,0.1515550646212487,0.1515550646212487,0.0,0.0,0.0,7.8044453344586815,1
2006-07-19,7.67106066953871,6.641075348867542,8.997924654387209,7.67106066953871,7.67106066953871,0.18589633598502092,0.18589633598502092,0.18589633598502092,0.18589633598502092,0.18589633598502092,0.18589633598502092,0.0,0.0,0.0,7.85695700552373,1
2006-07-20,7.689231069334448,6.597985598988666,9.034564370112472,7.689231069334448,7.689231069334448,0.0535201481134387,0.0535201481134387,0.0535201481134387,0.0535201481134387,0.0535201481134387,0.0535201481134387,0.0,0.0,0.0,7.7427512174478865,1
2006-07-21,7.707401469366778,6.6046402976035905,8.976144978742647,7.707401469366778,7.707401469366778,0.06051650572526567,0.06051650572526567,0.06051650572526567,0.06051650572526567,0.06051650572526567,0.06051650572526567,0.0,0.0,0.0,7.767917975092044,1
2006-07-22,7.725571869399109,6.524075208869506,8.896883364773505,7.725571869399109,7.725571869399109,-0.07219500290201401,-0.07219500290201401,-0.07219500290201401,-0.07219500290201401,-0.07219500290201401,-0.07219500290201401,0.0,0.0,0.0,7.653376866497094,1
2006-07-23,7.743742269691653,6.866403263036015,9.288615039563325,7.743742269691653,7.743742269691653,0.3181721628943368,0.3181721628943368,0.3181721628943368,0.3181721628943368,0.3181721628943368,0.3181721628943368,0.0,0.0,0.0,8.06191443258599,1
2006-07-24,7.761912670233192,5.8373314416600595,8.275116956050118,7.761912670233192,7.761912670233192,-0.6974652144397819,-0.6974652144397819,-0.6974652144397819,-0.6974652144397819,-0.6974652144397819,-0.6974652144397819,0.0,0.0,0.0,7.0644474557934105,1
2006-07-25,7.780083070774732,6.836138842166751,9.13304809782479,7.780083070774732,7.780083070774732,0.15155506462282584,0.15155506462282584,0.15155506462282584,0.15155506462282584,0.15155506462282584,0.15155506462282584,0.0,0.0,0.0,7.931638135397558,1
2006-07-26,7.7982534713251805,6.800891135381855,9.13790907830369,7.7982534713251805,7.7982534713251805,0.18589633598554964,0.18589633598554964,0.18589633598554964,0.18589633598554964,0.18589633598554964,0.18589633598554964,0.0,0.0,0.0,7.98414980731073,1
2006-07-27,7.816423871856821,6.696119705774934,9.06986683264039,7.816423871856821,7.816423871856821,0.05352014811341416,0.05352014811341416,0.05352014811341416,0.05352014811341416,0.05352014811341416,0.05352014811341416,0.0,0.0,0.0,7.869944019970235,1
2006-07-28,7.83459427238846,6.76912392295025,9.072021244699226,7.83459427238846,7.83459427238846,0.06051650572585104,0.06051650572585104,0.06051650572585104,0.06051650572585104,0.06051650572585104,0.06051650572585104,0.0,0.0,0.0,7.8951107781143115,1
2006-07-29,7.852764672800431,6.551414121286978,8.996624003681562,7.852764672800431,7.852764672800431,-0.07219500290082059,-0.07219500290082059,-0.07219500290082059,-0.07219500290082059,-0.07219500290082059,-0.07219500290082059,0.0,0.0,0.0,7.78056966989961,1
2006-07-30,7.8709350732285985,7.037018663830494,9.358419552576288,7.8709350732285985,7.8709350732285985,0.31817216289408917,0.31817216289408917,0.31817216289408917,0.31817216289408917,0.31817216289408917,0.31817216289408917,0.0,0.0,0.0,8.189107236122688,1
2006-07-31,7.889105473656766,6.022111601159112,8.315371306087176,7.889105473656766,7.889105473656766,-0.697465214440312,-0.697465214440312,-0.697465214440312,-0.697465214440312,-0.697465214440312,-0.697465214440312,0.0,0.0,0.0,7.191640259216454,1
2006-08-01,7.907325022442404,6.8770539479015245,9.245263651942027,7.907325022442404,7.907325022442404,0.15155506462174564,0.15155506462174564,0.15155506462174564,0.15155506462174564,0.15155506462174564,0.15155506462174564,0.0,0.0,0.0,8.05888008706415,1
2006-08-02,7.925544571088289,6.869888907883855,9.217212907235641,7.925544571088289,7.925544571088289,0.18589633598594602,0.18589633598594602,0.18589633598594602,0.18589633598594602,0.18589633598594602,0.18589633598594602,0.0,0.0,0.0,8.111440907074234,1
2006-08-03,7.943764119734174,6.792611053438935,9.16533614491826,7.943764119734174,7.943764119734174,0.05352014811338962,0.05352014811338962,0.05352014811338962,0.05352014811338962,0.05352014811338962,0.05352014811338962,0.0,0.0,0.0,7.997284267847564,1
2006-08-04,7.9619836685267265,6.890372262341066,9.228304058520019,7.9619836685267265,7.9619836685267265,0.0605165057264364,0.0605165057264364,0.0605165057264364,0.0605165057264364,0.0605165057264364,0.0605165057264364,0.0,0.0,0.0,8.022500174253162,1
2006-08-05,7.980203217384262,6.777849396721757,9.160826856100167,7.980203217384262,7.980203217384262,-0.07219500289962716,-0.07219500289962716,-0.07219500289962716,-0.07219500289962716,-0.07219500289962716,-0.07219500289962716,0.0,0.0,0.0,7.908008214484635,1
2006-08-06,7.998422766241798,7.155235009258908,9.488146896611253,7.998422766241798,7.998422766241798,0.31817216289384137,0.31817216289384137,0.31817216289384137,0.31817216289384137,0.31817216289384137,0.31817216289384137,0.0,0.0,0.0,8.31659492913564,1
2006-08-07,8.016642314774876,6.233349443799462,8.453710707482719,8.016642314774876,8.016642314774876,-0.6974652144400402,-0.6974652144400402,-0.6974652144400402,-0.6974652144400402,-0.6974652144400402,-0.6974652144400402,0.0,0.0,0.0,7.319177100334835,1
2006-08-08,8.03486186299229,7.125149403558649,9.340159304225361,8.03486186299229,8.03486186299229,0.15155506462182688,0.15155506462182688,0.15155506462182688,0.15155506462182688,0.15155506462182688,0.15155506462182688,0.0,0.0,0.0,8.186416927614117,1
2006-08-09,8.053081411209705,7.085787921801318,9.437078494367881,8.053081411209705,8.053081411209705,0.18589633598436323,0.18589633598436323,0.18589633598436323,0.18589633598436323,0.18589633598436323,0.18589633598436323,0.0,0.0,0.0,8.238977747194069,1
2006-08-10,8.071300959560297,6.875395681890258,9.323867558764903,8.071300959560297,8.071300959560297,0.053520148112578284,0.053520148112578284,0.053520148112578284,0.053520148112578284,0.053520148112578284,0.053520148112578284,0.0,0.0,0.0,8.124821107672876,1
2006-08-11,8.089520507649423,7.02329685826008,9.351483437431412,8.089520507649423,8.089520507649423,0.06051650572497262,0.06051650572497262,0.06051650572497262,0.06051650572497262,0.06051650572497262,0.06051650572497262,0.0,0.0,0.0,8.150037013374396,1
2006-08-12,8.107740055738548,6.843850520048744,9.195357581059248,8.107740055738548,8.107740055738548,-0.07219500290016122,-0.07219500290016122,-0.07219500290016122,-0.07219500290016122,-0.07219500290016122,-0.07219500290016122,0.0,0.0,0.0,8.035545052838387,1
2006-08-13,8.125956506207816,7.217194831585146,9.546245923586321,8.125956506207816,8.125956506207816,0.3181721628955143,0.3181721628955143,0.3181721628955143,0.3181721628955143,0.3181721628955143,0.3181721628955143,0.0,0.0,0.0,8.44412866910333,1
2006-08-14,8.144172956328918,6.250024326401346,8.55320744762669,8.144172956328918,8.144172956328918,-0.6974652144399863,-0.6974652144399863,-0.6974652144399863,-0.6974652144399863,-0.6974652144399863,-0.6974652144399863,0.0,0.0,0.0,7.446707741888932,1
2006-08-15,8.162389406450021,7.2264716642379865,9.490574396303083,8.162389406450021,8.162389406450021,0.1515550646219081,0.1515550646219081,0.1515550646219081,0.1515550646219081,0.1515550646219081,0.1515550646219081,0.0,0.0,0.0,8.31394447107193,1
2006-08-16,8.180605856229816,7.144266565429803,9.529000283940409,8.180605856229816,8.180605856229816,0.1858963359827804,0.1858963359827804,0.1858963359827804,0.1858963359827804,0.1858963359827804,0.1858963359827804,0.0,0.0,0.0,8.366502192212597,1
2006-08-17,8.19882230600961,7.002019377874783,9.405421252994172,8.19882230600961,8.19882230600961,0.053520148114862734,0.053520148114862734,0.053520148114862734,0.053520148114862734,0.053520148114862734,0.053520148114862734,0.0,0.0,0.0,8.252342454124474,1
2006-08-18,8.217038755789407,7.1439783816240245,9.39030980497964,8.217038755789407,8.217038755789407,0.06051650572523057,0.06051650572523057,0.06051650572523057,0.06051650572523057,0.06051650572523057,0.06051650572523057,0.0,0.0,0.0,8.277555261514637,1
2006-08-19,8.235255205569201,6.839524035305369,9.322720238781917,8.235255205569201,8.235255205569201,-0.07219500290035119,-0.07219500290035119,-0.07219500290035119,-0.07219500290035119,-0.07219500290035119,-0.07219500290035119,0.0,0.0,0.0,8.16306020266885,1
2006-08-20,8.253471655348998,7.371246452026167,9.741780975427316,8.253471655348998,8.253471655348998,0.31817216289526656,0.31817216289526656,0.31817216289526656,0.31817216289526656,0.31817216289526656,0.31817216289526656,0.0,0.0,0.0,8.571643818244263,1
2006-08-21,8.271688105128792,6.3032304647755995,8.771932790224575,8.271688105128792,8.271688105128792,-0.6974652144399326,-0.6974652144399326,-0.6974652144399326,-0.6974652144399326,-0.6974652144399326,-0.6974652144399326,0.0,0.0,0.0,7.574222890688859,1
2006-08-22,8.289904554908587,7.305141751269343,9.608110871048218,8.289904554908587,8.289904554908587,0.15155506462348528,0.15155506462348528,0.15155506462348528,0.15155506462348528,0.15155506462348528,0.15155506462348528,0.0,0.0,0.0,8.441459619532072,1
2006-08-23,8.308121004688381,7.325929942779748,9.630014043040294,8.308121004688381,8.308121004688381,0.18589633598317687,0.18589633598317687,0.18589633598317687,0.18589633598317687,0.18589633598317687,0.18589633598317687,0.0,0.0,0.0,8.494017340671558,1
2006-08-24,8.326337454468176,7.320784582747009,9.528749302470557,8.326337454468176,8.326337454468176,0.053520148114051376,0.053520148114051376,0.053520148114051376,0.053520148114051376,0.053520148114051376,0.053520148114051376,0.0,0.0,0.0,8.379857602582227,1
2006-08-28,8.399203253587357,6.488187836873618,8.860065161736122,8.399203253587357,8.399203253587357,-0.6974652144402449,-0.6974652144402449,-0.6974652144402449,-0.6974652144402449,-0.6974652144402449,-0.6974652144402449,0.0,0.0,0.0,7.701738039147113,1
2006-08-29,8.417419703367152,7.399473180483279,9.781283319032845,8.417418626732685,8.4174207415545,0.15155506462240506,0.15155506462240506,0.15155506462240506,0.15155506462240506,0.15155506462240506,0.15155506462240506,0.0,0.0,0.0,8.568974767989557,1
2006-08-30,8.435636153146946,7.36094170417443,9.839101106027178,8.435632672035966,8.435639666368006,0.18589633598568478,0.18589633598568478,0.18589633598568478,0.18589633598568478,0.18589633598568478,0.18589633598568478,0.0,0.0,0.0,8.621532489132631,1
2006-08-31,8.453852602926741,7.293051897711175,9.644975408334474,8.45384539129595,8.453859301314864,0.05352014811324004,0.05352014811324004,0.05352014811324004,0.05352014811324004,0.05352014811324004,0.05352014811324004,0.0,0.0,0.0,8.50737275103998,1
2006-09-01,8.472069052706535,7.3131567291808315,9.730826073617607,8.472058119378039,8.472079510845814,0.0605165057264013,0.0605165057264013,0.0605165057264013,0.0605165057264013,0.0605165057264013,0.0605165057264013,0.0,0.0,0.0,8.532585558432936,1
2006-09-02,8.49028550248633,7.226991283186586,9.586586333826133,8.490269841606377,8.490300246755277,-0.07219500289934766,-0.07219500289934766,-0.07219500289934766,-0.07219500289934766,-0.07219500289934766,-0.07219500289934766,0.0,0.0,0.0,8.418090499586983,1
2006-09-03,8.508501952266126,7.578591077357007,9.908773464496262,8.508480580173844,8.508523079257913,0.3181721628952877,0.3181721628952877,0.3181721628952877,0.3181721628952877,0.3181721628952877,0.3181721628952877,0.0,0.0,0.0,8.826674115161413,1
2006-09-04,8.52671840204592,6.661686631646317,9.03740758269372,8.526691639615194,8.526746909470035,-0.697465214440191,-0.697465214440191,-0.697465214440191,-0.697465214440191,-0.697465214440191,-0.697465214440191,0.0,0.0,0.0,7.82925318760573,1
2006-07-08,7.267195554889898,6.263551149303309,7.801872997715879,7.267195554889898,7.267195554889898,-0.24101541168758103,-0.24101541168758103,-0.24101541168758103,-0.24101541168758103,-0.24101541168758103,-0.24101541168758103,0.0,0.0,0.0,7.026180143202317,2
2006-07-09,7.262803458302026,6.227138328746726,7.708026336334412,7.262803458302026,7.262803458302026,-0.31349690902539623,-0.31349690902539623,-0.31349690902539623,-0.31349690902539623,-0.31349690902539623,-0.31349690902539623,0.0,0.0,0.0,6.9493065492766295,2
2006-07-10,7.258411361714153,6.2899399686411295,7.749360089700011,7.258411361714153,7.258411361714153,-0.23370988620388652,-0.23370988620388652,-0.23370988620388652,-0.23370988620388652,-0.23370988620388652,-0.23370988620388652,0.0,0.0,0.0,7.024701475510266,2
2006-07-11,7.2540192651262805,6.6893687819802965,8.216490512129601,7.2540192651262805,7.2540192651262805,0.17341913098265233,0.17341913098265233,0.17341913098265233,0.17341913098265233,0.17341913098265233,0.17341913098265233,0.0,0.0,0.0,7.427438396108933,2
2006-07-12,7.249627168719679,6.596731462648337,8.15590086672942,7.249627168719679,7.249627168719679,0.12155213575437036,0.12155213575437036,0.12155213575437036,0.12155213575437036,0.12155213575437036,0.12155213575437036,0.0,0.0,0.0,7.37117930447405,2
2006-07-13,7.245235072313079,6.808619330303125,8.335456108262923,7.245235072313079,7.245235072313079,0.32743193080017724,0.32743193080017724,0.32743193080017724,0.32743193080017724,0.32743193080017724,0.32743193080017724,0.0,0.0,0.0,7.572667003113256,2
2006-07-14,7.240842975644529,6.642874097189491,8.145206530102719,7.240842975644529,7.240842975644529,0.16581900937989,0.16581900937989,0.16581900937989,0.16581900937989,0.16581900937989,0.16581900937989,0.0,0.0,0.0,7.406661985024419,2
2006-07-15,7.236450878975978,6.236268156755748,7.745785905213457,7.236450878975978,7.236450878975978,-0.24101541168798374,-0.24101541168798374,-0.24101541168798374,-0.24101541168798374,-0.24101541168798374,-0.24101541168798374,0.0,0.0,0.0,6.995435467287994,2
2006-07-16,7.232058782307427,6.165189944223702,7.700625313097206,7.232058782307427,7.232058782307427,-0.31349690902538374,-0.31349690902538374,-0.31349690902538374,-0.31349690902538374,-0.31349690902538374,-0.31349690902538374,0.0,0.0,0.0,6.9185618732820435,2
2006-07-17,7.22766668594942,6.223817799411247,7.785410112834578,7.22766668594942,7.22766668594942,-0.23370988620493616,-0.23370988620493616,-0.23370988620493616,-0.23370988620493616,-0.23370988620493616,-0.23370988620493616,0.0,0.0,0.0,6.993956799744484,2
2006-07-18,7.223274589591412,6.6257264110253375,8.174279759623786,7.223274589591412,7.223274589591412,0.17341913098284142,0.17341913098284142,0.17341913098284142,0.17341913098284142,0.17341913098284142,0.17341913098284142,0.0,0.0,0.0,7.396693720574254,2
2006-07-19,7.218882493233404,6.5426835635394776,8.110331178781454,7.218882493233404,7.218882493233404,0.1215521357545251,0.1215521357545251,0.1215521357545251,0.1215521357545251,0.1215521357545251,0.1215521357545251,0.0,0.0,0.0,7.340434628987929,2
2006-07-20,7.21449039716428,6.75390111611943,8.284771806269465,7.21449039716428,7.21449039716428,0.3274319308000831,0.3274319308000831,0.3274319308000831,0.3274319308000831,0.3274319308000831,0.3274319308000831,0.0,0.0,0.0,7.541922327964363,2
2006-07-21,7.210098301095157,6.562171355426372,8.12024258453358,7.210098301095157,7.210098301095157,0.1658190093804107,0.1658190093804107,0.1658190093804107,0.1658190093804107,0.1658190093804107,0.1658190093804107,0.0,0.0,0.0,7.375917310475568,2
2006-07-22,7.205706205302811,6.1967417495990915,7.764027624604235,7.205706205302811,7.205706205302811,-0.24101541168764418,-0.24101541168764418,-0.24101541168764418,-0.24101541168764418,-0.24101541168764418,-0.24101541168764418,0.0,0.0,0.0,6.964690793615167,2
2006-07-23,7.201314109510467,6.1444599927929255,7.7043313099314235,7.201314109510467,7.201314109510467,-0.3134969090256627,-0.3134969090256627,-0.3134969090256627,-0.3134969090256627,-0.3134969090256627,-0.3134969090256627,0.0,0.0,0.0,6.887817200484805,2
2006-07-24,7.1969220137181225,6.221810006308131,7.752207883590954,7.1969220137181225,7.1969220137181225,-0.2337098862047527,-0.2337098862047527,-0.2337098862047527,-0.2337098862047527,-0.2337098862047527,-0.2337098862047527,0.0,0.0,0.0,6.96321212751337,2
2006-07-25,7.192529917866868,6.574446023158486,8.161115966808282,7.192529917866868,7.192529917866868,0.17341913098303055,0.17341913098303055,0.17341913098303055,0.17341913098303055,0.17341913098303055,0.17341913098303055,0.0,0.0,0.0,7.365949048849899,2
2006-07-26,7.188137822015613,6.541843093800896,8.044555241572262,7.188137822015613,7.188137822015613,0.12155213575467995,0.12155213575467995,0.12155213575467995,0.12155213575467995,0.12155213575467995,0.12155213575467995,0.0,0.0,0.0,7.309689957770293,2
2006-07-27,7.183745726164359,6.721785783383202,8.28944341461922,7.183745726164359,7.183745726164359,0.3274319307999023,0.3274319307999023,0.3274319307999023,0.3274319307999023,0.3274319307999023,0.3274319307999023,0.0,0.0,0.0,7.511177656964261,2
2006-07-28,7.179353630654838,6.5881810062581225,8.090029385896523,7.179353630654838,7.179353630654838,0.16581900938033922,0.16581900938033922,0.16581900938033922,0.16581900938033922,0.16581900938033922,0.16581900938033922,0.0,0.0,0.0,7.345172640035177,2
2006-07-29,7.174961535145315,6.169295956237272,7.723123035058207,7.174961535145315,7.174961535145315,-0.241015411687462,-0.241015411687462,-0.241015411687462,-0.241015411687462,-0.241015411687462,-0.241015411687462,0.0,0.0,0.0,6.933946123457853,2
2006-07-30,7.170585490842773,6.0869414085971485,7.5844195488832655,7.170585490842773,7.170585490842773,-0.3134969090255186,-0.3134969090255186,-0.3134969090255186,-0.3134969090255186,-0.3134969090255186,-0.3134969090255186,0.0,0.0,0.0,6.857088581817254,2
2006-07-31,7.166209446540229,6.190648262718003,7.678274085946083,7.166209446540229,7.166209446540229,-0.2337098862043917,-0.2337098862043917,-0.2337098862043917,-0.2337098862043917,-0.2337098862043917,-0.2337098862043917,0.0,0.0,0.0,6.932499560335837,2
2006-08-01,7.161833402237686,6.593788097202795,8.046897544639602,7.161833402237686,7.161833402237686,0.17341913098281522,0.17341913098281522,0.17341913098281522,0.17341913098281522,0.17341913098281522,0.17341913098281522,0.0,0.0,0.0,7.335252533220501,2
2006-08-02,7.157461208024967,6.548422697095148,8.052728381933337,7.157461208024967,7.157461208024967,0.12155213575463635,0.12155213575463635,0.12155213575463635,0.12155213575463635,0.12155213575463635,0.12155213575463635,0.0,0.0,0.0,7.279013343779603,2
2006-08-03,7.153089013812247,6.725166521646941,8.25160113648885,7.153089013812247,7.153089013812247,0.32743193079972155,0.32743193079972155,0.32743193079972155,0.32743193079972155,0.32743193079972155,0.32743193079972155,0.0,0.0,0.0,7.4805209446119685,2
2006-08-04,7.148716819599528,6.5374325359291,8.076013440630664,7.148716819599528,7.148716819599528,0.1658190093802678,0.1658190093802678,0.1658190093802678,0.1658190093802678,0.1658190093802678,0.1658190093802678,0.0,0.0,0.0,7.314535828979796,2
2006-08-05,7.14441411680313,6.125964274845004,7.636935388640838,7.14441411680313,7.14441411680313,-0.24101541168727986,-0.24101541168727986,-0.24101541168727986,-0.24101541168727986,-0.24101541168727986,-0.24101541168727986,0.0,0.0,0.0,6.90339870511585,2
2006-08-06,7.140111414006731,6.0967816264100465,7.649302340507177,7.140111414006731,7.140111414006731,-0.31349690902537447,-0.31349690902537447,-0.31349690902537447,-0.31349690902537447,-0.31349690902537447,-0.31349690902537447,0.0,0.0,0.0,6.8266145049813565,2
2006-08-07,7.135846386803933,6.154228875698288,7.661212444055489,7.135846386803933,7.135846386803933,-0.23370988620482475,-0.23370988620482475,-0.23370988620482475,-0.23370988620482475,-0.23370988620482475,-0.23370988620482475,0.0,0.0,0.0,6.902136500599108,2
2006-08-08,7.131581359601133,6.593658788682357,8.031381991939247,7.131581359601133,7.131581359601133,0.17341913098290115,0.17341913098290115,0.17341913098290115,0.17341913098290115,0.17341913098290115,0.17341913098290115,0.0,0.0,0.0,7.305000490584034,2
2006-08-09,7.127316332398334,6.479096953280675,7.983718608815036,7.127316332398334,7.127316332398334,0.12155213575442761,0.12155213575442761,0.12155213575442761,0.12155213575442761,0.12155213575442761,0.12155213575442761,0.0,0.0,0.0,7.248868468152762,2
2006-08-10,7.1418871563701645,6.728683466266396,8.243586686849154,7.1418871563701645,7.1418871563701645,0.3274319307996274,0.3274319307996274,0.3274319307996274,0.3274319307996274,0.3274319307996274,0.3274319307996274,0.0,0.0,0.0,7.469319087169792,2
2006-08-11,7.156457980341995,6.525244412020463,8.089299297670763,7.156457980341995,7.156457980341995,0.1658190093795655,0.1658190093795655,0.1658190093795655,0.1658190093795655,0.1658190093795655,0.1658190093795655,0.0,0.0,0.0,7.32227698972156,2
2006-08-12,7.171028804313823,6.136727267867082,7.706208628463794,7.171028804313823,7.171028804313823,-0.2410154116869403,-0.2410154116869403,-0.2410154116869403,-0.2410154116869403,-0.2410154116869403,-0.2410154116869403,0.0,0.0,0.0,6.930013392626883,2
2006-08-13,7.185675507564808,6.133590474001128,7.650490601117515,7.185675507564808,7.185675507564808,-0.3134969090254937,-0.3134969090254937,-0.3134969090254937,-0.3134969090254937,-0.3134969090254937,-0.3134969090254937,0.0,0.0,0.0,6.872178598539314,2
2006-08-14,7.2003222108157905,6.1711597215636065,7.791674711342019,7.2003222108157905,7.2003222108157905,-0.23370988620464125,-0.23370988620464125,-0.23370988620464125,-0.23370988620464125,-0.23370988620464125,-0.23370988620464125,0.0,0.0,0.0,6.966612324611149,2
2006-08-15,7.214968914066773,6.649136283165175,8.164640808553294,7.214968914066773,7.214968914066773,0.17341913098298695,0.17341913098298695,0.17341913098298695,0.17341913098298695,0.17341913098298695,0.17341913098298695,0.0,0.0,0.0,7.38838804504976,2
2006-08-16,7.229633685400243,6.588718969829704,8.066160631456334,7.229633685400243,7.229633685400243,0.12155213575421883,0.12155213575421883,0.12155213575421883,0.12155213575421883,0.12155213575421883,0.12155213575421883,0.0,0.0,0.0,7.351185821154462,2
2006-08-17,7.24429845673371,6.808750884999829,8.343997194083046,7.24429845673371,7.24429845673371,0.3274319307999984,0.3274319307999984,0.3274319307999984,0.3274319307999984,0.3274319307999984,0.3274319307999984,0.0,0.0,0.0,7.571730387533709,2
2006-08-18,7.258992962828586,6.643320084961082,8.191014233208545,7.258992962828586,7.258992962828586,0.16581900938008629,0.16581900938008629,0.16581900938008629,0.16581900938008629,0.16581900938008629,0.16581900938008629,0.0,0.0,0.0,7.424811972208672,2
2006-08-19,7.2736874689234625,6.2351496271060585,7.763868748890914,7.2736874689234625,7.2736874689234625,-0.24101541168734295,-0.24101541168734295,-0.24101541168734295,-0.24101541168734295,-0.24101541168734295,-0.24101541168734295,0.0,0.0,0.0,7.03267205723612,2
2006-08-20,7.288381975018337,6.138323487110674,7.714893031430799,7.288381975018337,7.288381975018337,-0.3134969090253496,-0.3134969090253496,-0.3134969090253496,-0.3134969090253496,-0.3134969090253496,-0.3134969090253496,0.0,0.0,0.0,6.9748850659929875,2
2006-08-21,7.303085921586321,6.306555988802389,7.858630913116685,7.303085921586321,7.303085921586321,-0.2337098862044578,-0.2337098862044578,-0.2337098862044578,-0.2337098862044578,-0.2337098862044578,-0.2337098862044578,0.0,0.0,0.0,7.069376035381864,2
2006-08-22,7.317789868154305,6.728209626324676,8.22336003616189,7.317789868154305,7.317789868154305,0.1734191309831761,0.1734191309831761,0.1734191309831761,0.1734191309831761,0.1734191309831761,0.1734191309831761,0.0,0.0,0.0,7.4912089991374815,2
2006-08-23,7.332493814722287,6.664345863566876,8.166612471947182,7.332493814722287,7.332493814722287,0.12155213575417527,0.12155213575417527,0.12155213575417527,0.12155213575417527,0.12155213575417527,0.12155213575417527,0.0,0.0,0.0,7.454045950476463,2
2006-08-24,7.34721088627676,6.930622697445087,8.439496999274851,7.34721088627676,7.34721088627676,0.3274319307999043,0.3274319307999043,0.3274319307999043,0.3274319307999043,0.3274319307999043,0.3274319307999043,0.0,0.0,0.0,7.6746428170766645,2
2006-08-25,7.361927957831232,6.8385814334683035,8.327574694759567,7.361927957831232,7.361927957831232,0.1658190093800148,0.1658190093800148,0.1658190093800148,0.1658190093800148,0.1658190093800148,0.1658190093800148,0.0,0.0,0.0,7.527746967211247,2
2006-08-26,7.3766496937602035,6.3891494056863145,7.917479479328297,7.3766496937602035,7.3766496937602035,-0.24101541168774557,-0.24101541168774557,-0.24101541168774557,-0.24101541168774557,-0.24101541168774557,-0.24101541168774557,0.0,0.0,0.0,7.135634282072458,2
2006-08-27,7.391371429689174,6.304297273226371,7.816128250047756,7.391371429689174,7.391371429689174,-0.3134969090252055,-0.3134969090252055,-0.3134969090252055,-0.3134969090252055,-0.3134969090252055,-0.3134969090252055,0.0,0.0,0.0,7.077874520663969,2
2006-08-28,7.406093165618144,6.452840950210093,7.9653653780289275,7.406093165618144,7.406093165618144,-0.23370988620471334,-0.23370988620471334,-0.23370988620471334,-0.23370988620471334,-0.23370988620471334,-0.23370988620471334,0.0,0.0,0.0,7.172383279413431,2
2006-08-29,7.420816374847025,6.766816319009837,8.347277942037302,7.420816374847025,7.420816374847025,0.1734191309829608,0.1734191309829608,0.1734191309829608,0.1734191309829608,0.1734191309829608,0.1734191309829608,0.0,0.0,0.0,7.594235505829985,2
2006-08-30,7.435539584075904,6.830559088533331,8.343505784344918,7.435539584075904,7.435539584075904,0.12155213575449526,0.12155213575449526,0.12155213575449526,0.12155213575449526,0.12155213575449526,0.12155213575449526,0.0,0.0,0.0,7.5570917198303995,2
2006-08-31,7.450262793304784,7.113246116811688,8.576032156926388,7.450262793304784,7.450262793304784,0.3274319307998101,0.3274319307998101,0.3274319307998101,0.3274319307998101,0.3274319307998101,0.3274319307998101,0.0,0.0,0.0,7.777694724104594,2
2006-09-01,7.464986002764375,6.825206501465351,8.3975877004407,7.464986002764375,7.464986002764375,0.16581900937994332,0.16581900937994332,0.16581900937994332,0.16581900937994332,0.16581900937994332,0.16581900937994332,0.0,0.0,0.0,7.630805012144318,2
2006-09-02,7.479709212223964,6.489436911176763,8.008517116899025,7.479709212223964,7.479709212223964,-0.2410154116875634,-0.2410154116875634,-0.2410154116875634,-0.2410154116875634,-0.2410154116875634,-0.2410154116875634,0.0,0.0,0.0,7.238693800536401,2
2006-09-03,7.494432423268496,6.398146660198348,7.994585924491385,7.494432423268496,7.494432423268496,-0.31349690902561606,-0.31349690902561606,-0.31349690902561606,-0.31349690902561606,-0.31349690902561606,-0.31349690902561606,0.0,0.0,0.0,7.180935514242879,2
2006-09-04,7.509155634313027,6.527171741470004,8.056909736277664,7.509155634313027,7.509155634313027,-0.23370988620452984,-0.23370988620452984,-0.23370988620452984,-0.23370988620452984,-0.23370988620452984,-0.23370988620452984,0.0,0.0,0.0,7.275445748108497,2
2006-09-05,7.523878845357558,6.896721679652887,8.434299118966774,7.523878845357558,7.523878845357558,0.17341913098304665,0.17341913098304665,0.17341913098304665,0.17341913098304665,0.17341913098304665,0.17341913098304665,0.0,0.0,0.0,7.697297976340605,2
2006-09-06,7.538608882152313,6.881494117395652,8.382279852157154,7.538608882152313,7.538608882152313,0.12155213575465004,0.12155213575465004,0.12155213575465004,0.12155213575465004,0.12155213575465004,0.12155213575465004,0.0,0.0,0.0,7.660161017906963,2
2006-09-07,7.553338918947068,7.076656567446896,8.636490098334804,7.553338918947068,7.553338918947068,0.32743193079971594,0.32743193079971594,0.32743193079971594,0.32743193079971594,0.32743193079971594,0.32743193079971594,0.0,0.0,0.0,7.880770849746784,2
2006-09-08,7.568068955741821,6.941112960601697,8.498754394281509,7.568068955741821,7.568068955741821,0.1658190093798333,0.1658190093798333,0.1658190093798333,0.1658190093798333,0.1658190093798333,0.1658190093798333,0.0,0.0,0.0,7.733887965121655,2
2006-09-09,7.582798992936396,6.5978658241253125,8.118433089406125,7.582798992936396,7.582798992936396,-0.2410154116872239,-0.2410154116872239,-0.2410154116872239,-0.2410154116872239,-0.2410154116872239,-0.2410154116872239,0.0,0.0,0.0,7.341783581249172,2
2006-09-10,7.59752903013097,6.488250407720339,8.057970464599453,7.59752903013097,7.59752903013097,-0.31349690902547195,-0.31349690902547195,-0.31349690902547195,-0.31349690902547195,-0.31349690902547195,-0.31349690902547195,0.0,0.0,0.0,7.284032121105499,2
2006-09-11,7.612259069127506,6.586053814940835,8.121237366919889,7.612259069127506,7.612259069127506,-0.23370988620434632,-0.23370988620434632,-0.23370988620434632,-0.23370988620434632,-0.23370988620434632,-0.23370988620434632,0.0,0.0,0.0,7.37854918292316,2
2006-09-12,7.626989108124043,6.99642580098443,8.555198397284538,7.626989108124043,7.626989108124043,0.17341913098313252,0.17341913098313252,0.17341913098313252,0.17341913098313252,0.17341913098313252,0.17341913098313252,0.0,0.0,0.0,7.800408239107176,2
2006-09-13,7.64171914712058,7.030509331428303,8.586830910569835,7.64171914712058,7.64171914712058,0.12155213575424292,0.12155213575424292,0.12155213575424292,0.12155213575424292,0.12155213575424292,0.12155213575424292,0.0,0.0,0.0,7.763271282874823,2
2006-09-14,7.656449186448889,7.191086403540437,8.799743033771458,7.656449186448889,7.656449186448889,0.327431930800087,0.327431930800087,0.327431930800087,0.327431930800087,0.327431930800087,0.327431930800087,0.0,0.0,0.0,7.983881117248975,2
2006-09-15,7.6711792257771965,6.99766730283631,8.578027978248556,7.6711792257771965,7.6711792257771965,0.1658190093797618,0.1658190093797618,0.1658190093797618,0.1658190093797618,0.1658190093797618,0.1658190093797618,0.0,0.0,0.0,7.836998235156958,2
2006-09-16,7.685909265105504,6.71583459759764,8.14279453969051,7.685909265105504,7.685909265105504,-0.24101541168746915,-0.24101541168746915,-0.24101541168746915,-0.24101541168746915,-0.24101541168746915,-0.24101541168746915,0.0,0.0,0.0,7.444893853418035,2
2006-09-17,7.700639304433813,6.645480181337025,8.174980285255208,7.700639304433813,7.700639304433813,-0.31349690902532784,-0.31349690902532784,-0.31349690902532784,-0.31349690902532784,-0.31349690902532784,-0.31349690902532784,0.0,0.0,0.0,7.387142395408485,2
2006-09-18,7.715369343762121,6.739101885991087,8.295157022018877,7.715369343762121,7.715369343762121,-0.2337098862041628,-0.2337098862041628,-0.2337098862041628,-0.2337098862041628,-0.2337098862041628,-0.2337098862041628,0.0,0.0,0.0,7.481659457557958,2
2006-09-19,7.730099383090429,7.196175628566694,8.650101200095722,7.730099383090429,7.730099383090429,0.17341913098302045,0.17341913098302045,0.17341913098302045,0.17341913098302045,0.17341913098302045,0.17341913098302045,0.0,0.0,0.0,7.90351851407345,2
2006-09-20,7.7448294224187375,7.143624165509214,8.681160297779298,7.7448294224187375,7.7448294224187375,0.12155213575439773,0.12155213575439773,0.12155213575439773,0.12155213575439773,0.12155213575439773,0.12155213575439773,0.0,0.0,0.0,7.866381558173135,2
2006-09-21,7.759559461747045,7.308301397330156,8.786932882736767,7.759559461747045,7.759559461747045,0.3274319307999928,0.3274319307999928,0.3274319307999928,0.3274319307999928,0.3274319307999928,0.3274319307999928,0.0,0.0,0.0,8.086991392547038,2
2006-09-22,7.774289501075353,7.173414073307187,8.692183999499191,7.774289501075353,7.774289501075353,0.16581900937969038,0.16581900937969038,0.16581900937969038,0.16581900937969038,0.16581900937969038,0.16581900937969038,0.0,0.0,0.0,7.940108510455044,2
2006-09-23,7.789019540403662,6.75694652624429,8.329378605206418,7.789019540403662,7.789019540403662,-0.2410154116878718,-0.2410154116878718,-0.2410154116878718,-0.2410154116878718,-0.2410154116878718,-0.2410154116878718,0.0,0.0,0.0,7.54800412871579,2
2006-09-24,7.80374957973197,6.70059784017406,8.242720772906972,7.80374957973197,7.80374957973197,-0.31349690902573846,-0.31349690902573846,-0.31349690902573846,-0.31349690902573846,-0.31349690902573846,-0.31349690902573846,0.0,0.0,0.0,7.490252670706232,2
2006-09-25,7.818479619060278,6.864077454462173,8.358384355065418,7.818479619060278,7.818479619060278,-0.23370988620441843,-0.23370988620441843,-0.23370988620441843,-0.23370988620441843,-0.23370988620441843,-0.23370988620441843,0.0,0.0,0.0,7.584769732855859,2
2006-09-26,7.833209658388586,7.272598580156843,8.74233102923744,7.833209658388586,7.833209658388586,0.17341913098270187,0.17341913098270187,0.17341913098270187,0.17341913098270187,0.17341913098270187,0.17341913098270187,0.0,0.0,0.0,8.006628789371288,2
2006-09-27,7.847939697716894,7.275868121831706,8.744332529883946,7.847939697716894,7.847939697716894,0.12155213575455251,0.12155213575455251,0.12155213575455251,0.12155213575455251,0.12155213575455251,0.12155213575455251,0.0,0.0,0.0,7.969491833471447,2
2006-09-28,7.862669737045202,7.414857305792608,8.952375326917338,7.862669737045202,7.862669737045202,0.32743193079989863,0.32743193079989863,0.32743193079989863,0.32743193079989863,0.32743193079989863,0.32743193079989863,0.0,0.0,0.0,8.1901016678451,2
2006-09-29,7.877399776373511,7.241737708085644,8.773542793665671,7.877399776373511,7.877399776373511,0.1658190093796189,0.1658190093796189,0.1658190093796189,0.1658190093796189,0.1658190093796189,0.1658190093796189,0.0,0.0,0.0,8.04321878575313,2
2006-09-30,7.892129815701818,6.937518749450078,8.456584096089195,7.892129815701818,7.892129815701818,-0.24101541168694743,-0.24101541168694743,-0.24101541168694743,-0.24101541168694743,-0.24101541168694743,-0.24101541168694743,0.0,0.0,0.0,7.65111440401487,2
2006-10-01,7.906859855030127,6.838951346830478,8.336547189985515,7.90668767990848,7.907016703850055,-0.31349690902559435,-0.31349690902559435,-0.31349690902559435,-0.31349690902559435,-0.31349690902559435,-0.31349690902559435,0.0,0.0,0.0,7.593362946004532,2
2006-10-02,7.921589894358435,6.910534965226358,8.458344401439508,7.92075351810901,7.922371015446687,-0.23370988620423494,-0.23370988620423494,-0.23370988620423494,-0.23370988620423494,-0.23370988620423494,-0.23370988620423494,0.0,0.0,0.0,7.687880008154201,2
2006-10-03,7.936319933686744,7.302329335792946,8.865788336194623,7.934463837536114,7.938008939757892,0.17341913098278774,0.17341913098278774,0.17341913098278774,0.17341913098278774,0.17341913098278774,0.17341913098278774,0.0,0.0,0.0,8.109739064669531,2
2006-10-04,7.951049973015051,7.327655768666034,8.792574434241326,7.947869565901979,7.95398874600076,0.12155213575470729,0.12155213575470729,0.12155213575470729,0.12155213575470729,0.12155213575470729,0.12155213575470729,0.0,0.0,0.0,8.072602108769757,2
2006-10-05,7.96578001234336,7.506367397721076,9.058316990265238,7.961202176669923,7.970069973141387,0.3274319308002697,0.3274319308002697,0.3274319308002697,0.3274319308002697,0.3274319308002697,0.3274319308002697,0.0,0.0,0.0,8.29321194314363,2
2006-10-06,7.980510051671667,7.358574354237333,8.912560141714934,7.974311712000314,7.986472038376295,0.16581900937950886,0.16581900937950886,0.16581900937950886,0.16581900937950886,0.16581900937950886,0.16581900937950886,0.0,0.0,0.0,8.146329061051176,2
2006-10-07,7.9952400909999755,6.972807718511485,8.513303388593195,7.987423061944101,8.002833038641525,-0.24101541168735013,-0.24101541168735013,-0.24101541168735013,-0.24101541168735013,-0.24101541168735013,-0.24101541168735013,0.0,0.0,0.0,7.7542246793126255,2
2006-07-08,3.643225302048905,3.3738377238677955,4.923411014251719,3.643225302048905,3.643225302048905,0.5127097181493926,0.5127097181493926,0.5127097181493926,0.5127097181493926,0.5127097181493926,0.5127097181493926,0.0,0.0,0.0,4.155935020198298,3
2006-07-09,3.6463562567642143,3.0528124402691117,4.5269375884731256,3.6463562567642143,3.6463562567642143,0.1309893881608515,0.1309893881608515,0.1309893881608515,0.1309893881608515,0.1309893881608515,0.1309893881608515,0.0,0.0,0.0,3.7773456449250657,3
2006-07-10,3.649487211479524,2.592621761426436,4.146171412219619,3.649487211479524,3.649487211479524,-0.2678450545983425,-0.2678450545983425,-0.2678450545983425,-0.2678450545983425,-0.2678450545983425,-0.2678450545983425,0.0,0.0,0.0,3.381642156881181,3
2006-07-11,3.652618166194833,3.0511469742679007,4.606732219848933,3.652618166194833,3.652618166194833,0.19609707007110197,0.19609707007110197,0.19609707007110197,0.19609707007110197,0.19609707007110197,0.19609707007110197,0.0,0.0,0.0,3.8487152362659347,3
2006-07-12,3.6557491209168647,2.6885983936950777,4.27831578674707,3.6557491209168647,3.6557491209168647,-0.17141331713426097,-0.17141331713426097,-0.17141331713426097,-0.17141331713426097,-0.17141331713426097,-0.17141331713426097,0.0,0.0,0.0,3.4843358037826038,3
2006-07-13,3.658880075638897,2.713308059515975,4.217018688450267,3.658880075638897,3.658880075638897,-0.17996284316453523,-0.17996284316453523,-0.17996284316453523,-0.17996284316453523,-0.17996284316453523,-0.17996284316453523,0.0,0.0,0.0,3.4789172324743616,3
2006-07-14,3.662011030411836,2.6368367919544107,4.171582444875657,3.662011030411836,3.662011030411836,-0.22057496148472938,-0.22057496148472938,-0.22057496148472938,-0.22057496148472938,-0.22057496148472938,-0.22057496148472938,0.0,0.0,0.0,3.4414360689271066,3
2006-07-15,3.6651419851847757,3.3799241037054135,4.922814976495849,3.6651419851847757,3.6651419851847757,0.5127097181492195,0.5127097181492195,0.5127097181492195,0.5127097181492195,0.5127097181492195,0.5127097181492195,0.0,0.0,0.0,4.177851703333995,3
2006-07-16,3.6682729399577156,3.082236982045142,4.576503088441177,3.6682729399577156,3.6682729399577156,0.13098938816185615,0.13098938816185615,0.13098938816185615,0.13098938816185615,0.13098938816185615,0.13098938816185615,0.0,0.0,0.0,3.7992623281195717,3
2006-07-17,3.671403894726354,2.5994718180468475,4.098044094575285,3.671403894726354,3.671403894726354,-0.2678450545986777,-0.2678450545986777,-0.2678450545986777,-0.2678450545986777,-0.2678450545986777,-0.2678450545986777,0.0,0.0,0.0,3.403558840127676,3
2006-07-18,3.674534849494993,3.069835930216937,4.673816119630546,3.674534849494993,3.674534849494993,0.19609707007061142,0.19609707007061142,0.19609707007061142,0.19609707007061142,0.19609707007061142,0.19609707007061142,0.0,0.0,0.0,3.8706319195656045,3
2006-07-19,3.6776658042501276,2.7396997584828378,4.342780864693521,3.6776658042501276,3.6776658042501276,-0.1714133171346167,-0.1714133171346167,-0.1714133171346167,-0.1714133171346167,-0.1714133171346167,-0.1714133171346167,0.0,0.0,0.0,3.506252487115511,3
2006-07-20,3.680796759005263,2.752036804232709,4.287665649262062,3.680796759005263,3.680796759005263,-0.179962843164696,-0.179962843164696,-0.179962843164696,-0.179962843164696,-0.179962843164696,-0.179962843164696,0.0,0.0,0.0,3.500833915840567,3
2006-07-21,3.683927713760398,2.678316822314036,4.210860162371552,3.683927713760398,3.683927713760398,-0.2205749614853561,-0.2205749614853561,-0.2205749614853561,-0.2205749614853561,-0.2205749614853561,-0.2205749614853561,0.0,0.0,0.0,3.463352752275042,3
2006-07-22,3.68705866853974,3.449383044815532,5.05722941848449,3.68705866853974,3.68705866853974,0.5127097181487679,0.5127097181487679,0.5127097181487679,0.5127097181487679,0.5127097181487679,0.5127097181487679,0.0,0.0,0.0,4.199768386688508,3
2006-07-23,3.690189623319082,3.0692938378529897,4.620025086890777,3.690189623319082,3.690189623319082,0.1309893881604068,0.1309893881604068,0.1309893881604068,0.1309893881604068,0.1309893881604068,0.1309893881604068,0.0,0.0,0.0,3.821179011479489,3
2006-07-24,3.6933205781382847,2.6569682407470987,4.247984347241524,3.6933205781382847,3.6933205781382847,-0.26784505459895186,-0.26784505459895186,-0.26784505459895186,-0.26784505459895186,-0.26784505459895186,-0.26784505459895186,0.0,0.0,0.0,3.425475523539333,3
2006-07-25,3.696451532957487,3.103244547374307,4.698204664361428,3.696451532957487,3.696451532957487,0.19609707007012092,0.19609707007012092,0.19609707007012092,0.19609707007012092,0.19609707007012092,0.19609707007012092,0.0,0.0,0.0,3.892548603027608,3
2006-07-26,3.69958248777669,2.7082686188154574,4.288577237417648,3.69958248777669,3.69958248777669,-0.17141331713497243,-0.17141331713497243,-0.17141331713497243,-0.17141331713497243,-0.17141331713497243,-0.17141331713497243,0.0,0.0,0.0,3.5281691706417178,3
2006-07-27,3.7027134425480432,2.752214192655714,4.34210839118323,3.7027134425480432,3.7027134425480432,-0.17996284316457042,-0.17996284316457042,-0.17996284316457042,-0.17996284316457042,-0.17996284316457042,-0.17996284316457042,0.0,0.0,0.0,3.522750599383473,3
2006-07-28,3.705844397319396,2.6990628180213783,4.228189901963365,3.705844397319396,3.705844397319396,-0.22057496148471026,-0.22057496148471026,-0.22057496148471026,-0.22057496148471026,-0.22057496148471026,-0.22057496148471026,0.0,0.0,0.0,3.485269435834686,3
2006-07-29,3.7089753520667377,3.444902803555794,4.969051425947597,3.7089753520667377,3.7089753520667377,0.5127097181497996,0.5127097181497996,0.5127097181497996,0.5127097181497996,0.5127097181497996,0.5127097181497996,0.0,0.0,0.0,4.221685070216537,3
2006-07-30,3.712106306814079,3.09294095520932,4.59478414290644,3.712106306814079,3.712106306814079,0.13098938816032152,0.13098938816032152,0.13098938816032152,0.13098938816032152,0.13098938816032152,0.13098938816032152,0.0,0.0,0.0,3.8430956949744006,3
2006-07-31,3.71523726156142,2.6329176078676224,4.2775104962155,3.71523726156142,3.71523726156142,-0.26784505459797303,-0.26784505459797303,-0.26784505459797303,-0.26784505459797303,-0.26784505459797303,-0.26784505459797303,0.0,0.0,0.0,3.447392206963447,3
2006-08-01,3.7183682162948535,3.1228274583176976,4.639899071881361,3.7183682162948535,3.7183682162948535,0.19609707006997398,0.19609707006997398,0.19609707006997398,0.19609707006997398,0.19609707006997398,0.19609707006997398,0.0,0.0,0.0,3.9144652863648273,3
2006-08-02,3.7214991710282868,2.8115337990722318,4.3094914872630525,3.7214991710282868,3.7214991710282868,-0.17141331713457272,-0.17141331713457272,-0.17141331713457272,-0.17141331713457272,-0.17141331713457272,-0.17141331713457272,0.0,0.0,0.0,3.550085853893714,3
2006-08-03,3.72463012576172,2.7854537165688384,4.334479423391593,3.72463012576172,3.72463012576172,-0.17996284316444483,-0.17996284316444483,-0.17996284316444483,-0.17996284316444483,-0.17996284316444483,-0.17996284316444483,0.0,0.0,0.0,3.5446672825972754,3
2006-08-04,3.7277610805362063,2.7732248180816095,4.3630842050395895,3.7277610805362063,3.7277610805362063,-0.2205749614840644,-0.2205749614840644,-0.2205749614840644,-0.2205749614840644,-0.2205749614840644,-0.2205749614840644,0.0,0.0,0.0,3.507186119052142,3
2006-08-05,3.7308920353106934,3.430119188068593,4.948614115778307,3.7308920353106934,3.7308920353106934,0.5127097181508312,0.5127097181508312,0.5127097181508312,0.5127097181508312,0.5127097181508312,0.5127097181508312,0.0,0.0,0.0,4.243601753461524,3
2006-08-06,3.734022990044026,3.103016809930919,4.634701512674885,3.734022990044026,3.734022990044026,0.13098938816023617,0.13098938816023617,0.13098938816023617,0.13098938816023617,0.13098938816023617,0.13098938816023617,0.0,0.0,0.0,3.865012378204262,3
2006-08-07,3.7371539447773587,2.6873452515717977,4.270364004960441,3.7371539447773587,3.7371539447773587,-0.2678450545982776,-0.2678450545982776,-0.2678450545982776,-0.2678450545982776,-0.2678450545982776,-0.2678450545982776,0.0,0.0,0.0,3.469308890179081,3
2006-08-08,3.7402848995106917,3.176039631173482,4.742048426772069,3.7402848995106917,3.7402848995106917,0.19609707007037724,0.19609707007037724,0.19609707007037724,0.19609707007037724,0.19609707007037724,0.19609707007037724,0.0,0.0,0.0,3.9363819695810687,3
2006-08-09,3.743415854264626,2.7582242722659083,4.348666487998946,3.743415854264626,3.743415854264626,-0.17141331713457086,-0.17141331713457086,-0.17141331713457086,-0.17141331713457086,-0.17141331713457086,-0.17141331713457086,0.0,0.0,0.0,3.572002537130055,3
2006-08-10,3.7465468090185587,2.8147998072535634,4.380228237656232,3.7465468090185587,3.7465468090185587,-0.1799628431646056,-0.1799628431646056,-0.1799628431646056,-0.1799628431646056,-0.1799628431646056,-0.1799628431646056,0.0,0.0,0.0,3.5665839658539533,3
2006-08-11,3.749677763766524,2.7863026961620276,4.3567589471845665,3.749677763766524,3.749677763766524,-0.2205749614842256,-0.2205749614842256,-0.2205749614842256,-0.2205749614842256,-0.2205749614842256,-0.2205749614842256,0.0,0.0,0.0,3.5291028022822983,3
2006-08-12,3.7528087185144896,3.503097053304067,5.065316380494185,3.7528087185144896,3.7528087185144896,0.5127097181503796,0.5127097181503796,0.5127097181503796,0.5127097181503796,0.5127097181503796,0.5127097181503796,0.0,0.0,0.0,4.265518436664869,3
2006-08-13,3.755939673262455,3.0642001985486997,4.6599385482186495,3.755939673262455,3.755939673262455,0.13098938816233077,0.13098938816233077,0.13098938816233077,0.13098938816233077,0.13098938816233077,0.13098938816233077,0.0,0.0,0.0,3.8869290614247856,3
2006-08-14,3.7590706280034776,2.7706669773619628,4.25053743726504,3.7590706280034776,3.7590706280034776,-0.2678450545985518,-0.2678450545985518,-0.2678450545985518,-0.2678450545985518,-0.2678450545985518,-0.2678450545985518,0.0,0.0,0.0,3.491225573404926,3
2006-08-15,3.7622015827445003,3.1891713987397248,4.7509028636357415,3.7622015827445003,3.7622015827445003,0.19609707007078045,0.19609707007078045,0.19609707007078045,0.19609707007078045,0.19609707007078045,0.19609707007078045,0.0,0.0,0.0,3.9582986528152806,3
2006-08-16,3.76533253746398,2.85698030621469,4.394853680924999,3.76533253746398,3.76533253746398,-0.17141331713456898,-0.17141331713456898,-0.17141331713456898,-0.17141331713456898,-0.17141331713456898,-0.17141331713456898,0.0,0.0,0.0,3.593919220329411,3
2006-08-17,3.7684634921834594,2.8434493524627715,4.3830051253253846,3.7684634921834594,3.7684634921834594,-0.17996284316423058,-0.17996284316423058,-0.17996284316423058,-0.17996284316423058,-0.17996284316423058,-0.17996284316423058,0.0,0.0,0.0,3.588500649019229,3
2006-08-18,3.7715944469029385,2.7645149355085135,4.301459982417621,3.7715944469029385,3.7715944469029385,-0.2205749614848524,-0.2205749614848524,-0.2205749614848524,-0.2205749614848524,-0.2205749614848524,-0.2205749614848524,0.0,0.0,0.0,3.5510194854180863,3
2006-08-19,3.774725401658171,3.51533092417134,5.031207091486176,3.774725401658171,3.774725401658171,0.5127097181502065,0.5127097181502065,0.5127097181502065,0.5127097181502065,0.5127097181502065,0.5127097181502065,0.0,0.0,0.0,4.287435119808377,3
2006-08-20,3.777856356413403,3.1247468642576908,4.662687652695026,3.777856356413403,3.777856356413403,0.1309893881622455,0.1309893881622455,0.1309893881622455,0.1309893881622455,0.1309893881622455,0.1309893881622455,0.0,0.0,0.0,3.9088457445756486,3
2006-08-21,3.7809873111686354,2.736388076193293,4.249931203265262,3.7809873111686354,3.7809873111686354,-0.26784505459882596,-0.26784505459882596,-0.26784505459882596,-0.26784505459882596,-0.26784505459882596,-0.26784505459882596,0.0,0.0,0.0,3.5131422565698096,3
2006-08-22,3.7841182659671166,3.193925480184893,4.761863026056935,3.7841182659671166,3.7841182659671166,0.19609707007028992,0.19609707007028992,0.19609707007028992,0.19609707007028992,0.19609707007028992,0.19609707007028992,0.0,0.0,0.0,3.9802153360374066,3
2006-08-23,3.787249220765599,2.8496682996256175,4.41509951628536,3.787249220765599,3.787249220765599,-0.17141331713416927,-0.17141331713416927,-0.17141331713416927,-0.17141331713416927,-0.17141331713416927,-0.17141331713416927,0.0,0.0,0.0,3.6158359036314294,3
2006-08-24,3.7903801756317,2.805781548504135,4.392232259326323,3.7903801756317,3.7903801756317,-0.17996284316439135,-0.17996284316439135,-0.17996284316439135,-0.17996284316439135,-0.17996284316439135,-0.17996284316439135,0.0,0.0,0.0,3.610417332467309,3
2006-08-25,3.793511130497802,2.8157783787110695,4.281420524482083,3.793511130497802,3.793511130497802,-0.22057496148420647,-0.22057496148420647,-0.22057496148420647,-0.22057496148420647,-0.22057496148420647,-0.22057496148420647,0.0,0.0,0.0,3.5729361690135955,3
2006-08-26,3.7966420853639034,3.5131616425993237,5.027606079339977,3.7966420853639034,3.7966420853639034,0.5127097181500333,0.5127097181500333,0.5127097181500333,0.5127097181500333,0.5127097181500333,0.5127097181500333,0.0,0.0,0.0,4.309351803513937,3
2006-08-27,3.7997730402147707,3.176917949718009,4.716328845621923,3.7997730402147707,3.7997730402147707,0.13098938816216013,0.13098938816216013,0.13098938816216013,0.13098938816216013,0.13098938816216013,0.13098938816216013,0.0,0.0,0.0,3.930762428376931,3
2006-08-28,3.8029039950656385,2.775837697722759,4.317699138707821,3.8029039950656385,3.8029039950656385,-0.2678450545978776,-0.2678450545978776,-0.2678450545978776,-0.2678450545978776,-0.2678450545978776,-0.2678450545978776,0.0,0.0,0.0,3.535058940467761,3
2006-08-29,3.806034949964514,3.190858167998537,4.746759367851246,3.806034949964514,3.806034949964514,0.19609707007014304,0.19609707007014304,0.19609707007014304,0.19609707007014304,0.19609707007014304,0.19609707007014304,0.0,0.0,0.0,4.002132020034657,3
2006-08-30,3.8091659048633892,2.7967425122096206,4.407371011243178,3.8091659048633892,3.8091659048633892,-0.17141331713412725,-0.17141331713412725,-0.17141331713412725,-0.17141331713412725,-0.17141331713412725,-0.17141331713412725,0.0,0.0,0.0,3.637752587729262,3
2006-08-31,3.8122968597622653,2.8720083294961114,4.3957215608971865,3.8122968597622653,3.8122968597622653,-0.1799628431645521,-0.1799628431645521,-0.1799628431645521,-0.1799628431645521,-0.1799628431645521,-0.1799628431645521,0.0,0.0,0.0,3.632334016597713,3
2006-09-01,3.815427814657539,2.8067727172448453,4.422935876504587,3.815427814657539,3.815427814657539,-0.22057496148356062,-0.22057496148356062,-0.22057496148356062,-0.22057496148356062,-0.22057496148356062,-0.22057496148356062,0.0,0.0,0.0,3.594852853173978,3
2006-09-02,3.8185587695528116,3.5130715125430823,5.074410532979,3.8185587695528116,3.8185587695528116,0.512709718151065,0.512709718151065,0.512709718151065,0.512709718151065,0.512709718151065,0.512709718151065,0.0,0.0,0.0,4.331268487703877,3
2006-09-03,3.8216897244484267,3.1756843043335903,4.694198220626006,3.8216897244484267,3.8216897244484267,0.13098938816180086,0.13098938816180086,0.13098938816180086,0.13098938816180086,0.13098938816180086,0.13098938816180086,0.0,0.0,0.0,3.9526791126102276,3
2006-09-04,3.8248206793440422,2.730786189100943,4.342919337070858,3.8248206793440422,3.8248206793440422,-0.2678450545981518,-0.2678450545981518,-0.2678450545981518,-0.2678450545981518,-0.2678450545981518,-0.2678450545981518,0.0,0.0,0.0,3.5569756247458906,3
2006-09-05,3.827951634239657,3.2126328336373464,4.841581346522792,3.827951634239657,3.827951634239657,0.19609707007054633,0.19609707007054633,0.19609707007054633,0.19609707007054633,0.19609707007054633,0.19609707007054633,0.0,0.0,0.0,4.024048704310204,3
2006-09-06,3.8310825890964226,2.8908717487420126,4.449391614283679,3.8310825890964226,3.8310825890964226,-0.17141331713448296,-0.17141331713448296,-0.17141331713448296,-0.17141331713448296,-0.17141331713448296,-0.17141331713448296,0.0,0.0,0.0,3.6596692719619397,3
2006-09-07,3.834213543953189,2.8763093586833786,4.370505578674307,3.834213543953189,3.834213543953189,-0.17996284316471287,-0.17996284316471287,-0.17996284316471287,-0.17996284316471287,-0.17996284316471287,-0.17996284316471287,0.0,0.0,0.0,3.654250700788476,3
2006-09-08,3.837344498784671,2.858876979371805,4.378676102773343,3.837344498784671,3.837344498784671,-0.2205749614849944,-0.2205749614849944,-0.2205749614849944,-0.2205749614849944,-0.2205749614849944,-0.2205749614849944,0.0,0.0,0.0,3.616769537299677,3
2006-09-09,3.8404754536161545,3.5519392811549486,5.12268011656475,3.8404754536161545,3.8404754536161545,0.5127097181506134,0.5127097181506134,0.5127097181506134,0.5127097181506134,0.5127097181506134,0.5127097181506134,0.0,0.0,0.0,4.353185171766768,3
2006-09-10,3.8436064084476365,3.2074130224877972,4.737259085252378,3.8436064084476365,3.8436064084476365,0.1309893881617155,0.1309893881617155,0.1309893881617155,0.1309893881617155,0.1309893881617155,0.1309893881617155,0.0,0.0,0.0,3.974595796609352,3
2006-09-11,3.8467373632554707,2.766266937957536,4.3521089278438945,3.8467373632554707,3.8467373632554707,-0.2678450545984259,-0.2678450545984259,-0.2678450545984259,-0.2678450545984259,-0.2678450545984259,-0.2678450545984259,0.0,0.0,0.0,3.5788923086570446,3
2006-09-12,3.849868318063305,3.2852486533504197,4.774369499164936,3.849868318063305,3.849868318063305,0.1960970700709495,0.1960970700709495,0.1960970700709495,0.1960970700709495,0.1960970700709495,0.1960970700709495,0.0,0.0,0.0,4.045965388134254,3
2006-09-13,3.8529992728711386,2.90279998312796,4.418847276505958,3.8529992728711386,3.8529992728711386,-0.1714133171337257,-0.1714133171337257,-0.1714133171337257,-0.1714133171337257,-0.1714133171337257,-0.1714133171337257,0.0,0.0,0.0,3.681585955737413,3
2006-09-14,3.856130227678973,2.875582764957018,4.4807754673313855,3.856130227678973,3.856130227678973,-0.17996284316433792,-0.17996284316433792,-0.17996284316433792,-0.17996284316433792,-0.17996284316433792,-0.17996284316433792,0.0,0.0,0.0,3.6761673845146348,3
2006-09-15,3.859261182486807,2.9007430486162455,4.417569078822153,3.859261182486807,3.859261182486807,-0.22057496148434852,-0.22057496148434852,-0.22057496148434852,-0.22057496148434852,-0.22057496148434852,-0.22057496148434852,0.0,0.0,0.0,3.6386862210024584,3
2006-09-16,3.8623921372946417,3.5964278361252875,5.204652799203162,3.8623921372946417,3.8623921372946417,0.512709718148957,0.512709718148957,0.512709718148957,0.512709718148957,0.512709718148957,0.512709718148957,0.0,0.0,0.0,4.3751018554435985,3
2006-09-17,3.8655230921024755,3.188683988692255,4.750695099069623,3.8655230921024755,3.8655230921024755,0.13098938816163017,0.13098938816163017,0.13098938816163017,0.13098938816163017,0.13098938816163017,0.13098938816163017,0.0,0.0,0.0,3.9965124802641054,3
2006-09-18,3.8686540469103097,2.811175520479592,4.369916892480901,3.8686540469103097,3.8686540469103097,-0.2678450545987001,-0.2678450545987001,-0.2678450545987001,-0.2678450545987001,-0.2678450545987001,-0.2678450545987001,0.0,0.0,0.0,3.6008089923116096,3
2006-09-19,3.871785001718144,3.283709284750664,4.835709044178987,3.871785001718144,3.871785001718144,0.19609707006990884,0.19609707006990884,0.19609707006990884,0.19609707006990884,0.19609707006990884,0.19609707006990884,0.0,0.0,0.0,4.067882071788053,3
2006-09-20,3.8749159565259776,2.909797407924927,4.529274360117681,3.8749159565259776,3.8749159565259776,-0.17141331713408142,-0.17141331713408142,-0.17141331713408142,-0.17141331713408142,-0.17141331713408142,-0.17141331713408142,0.0,0.0,0.0,3.703502639391896,3
2006-09-21,3.878046911333812,2.9205371593384766,4.469088648789381,3.878046911333812,3.878046911333812,-0.17996284316449868,-0.17996284316449868,-0.17996284316449868,-0.17996284316449868,-0.17996284316449868,-0.17996284316449868,0.0,0.0,0.0,3.698084068169313,3
2006-09-22,3.881177866141646,2.844865813320252,4.4444762885894615,3.881177866141646,3.881177866141646,-0.22057496148370268,-0.22057496148370268,-0.22057496148370268,-0.22057496148370268,-0.22057496148370268,-0.22057496148370268,0.0,0.0,0.0,3.6606029046579436,3
2006-09-23,3.8843088209494807,3.680315803193774,5.177744465414944,3.8843088209494807,3.8843088209494807,0.5127097181487839,0.5127097181487839,0.5127097181487839,0.5127097181487839,0.5127097181487839,0.5127097181487839,0.0,0.0,0.0,4.397018539098265,3
2006-09-24,3.887439775757314,3.3359299490391185,4.819396813584182,3.887439775757314,3.887439775757314,0.13098938816127087,0.13098938816127087,0.13098938816127087,0.13098938816127087,0.13098938816127087,0.13098938816127087,0.0,0.0,0.0,4.018429163918585,3
2006-09-25,3.8905707305651487,2.8958953004864556,4.422405270567625,3.8905707305651487,3.8905707305651487,-0.2678450545977518,-0.2678450545977518,-0.2678450545977518,-0.2678450545977518,-0.2678450545977518,-0.2678450545977518,0.0,0.0,0.0,3.6227256759673967,3
2006-09-26,3.893701685372983,3.270929007210273,4.829328839168942,3.893701685372983,3.893701685372983,0.19609707007065574,0.19609707007065574,0.19609707007065574,0.19609707007065574,0.19609707007065574,0.19609707007065574,0.0,0.0,0.0,4.089798755443638,3
2006-09-27,3.8968326401808167,2.9108135939179336,4.482159178118393,3.8968326401808167,3.8968326401808167,-0.17141331713443714,-0.17141331713443714,-0.17141331713443714,-0.17141331713443714,-0.17141331713443714,-0.17141331713443714,0.0,0.0,0.0,3.7254193230463795,3
2006-09-28,3.899963594988651,2.930118816425154,4.4612576250837135,3.8999635948381135,3.8999635952107052,-0.17996284316465938,-0.17996284316465938,-0.17996284316465938,-0.17996284316465938,-0.17996284316465938,-0.17996284316465938,0.0,0.0,0.0,3.7200007518239913,3
2006-09-29,3.903094549796485,2.9051122993386564,4.475447656298355,3.9030945490833377,3.903094550611611,-0.22057496148305686,-0.22057496148305686,-0.22057496148305686,-0.22057496148305686,-0.22057496148305686,-0.22057496148305686,0.0,0.0,0.0,3.6825195883134283,3
2006-09-30,3.9062255046043193,3.694169342264417,5.1234959819682615,3.906225503007413,3.906225506670561,0.512709718149537,0.512709718149537,0.512709718149537,0.512709718149537,0.512709718149537,0.512709718149537,0.0,0.0,0.0,4.4189352227538565,3
2006-10-01,3.909356459412153,3.2213567839634956,4.84903328297276,3.9093564567611643,3.909356462634137,0.13098938816118555,0.13098938816118555,0.13098938816118555,0.13098938816118555,0.13098938816118555,0.13098938816118555,0.0,0.0,0.0,4.040345847573339,3
2006-10-02,3.9124874142199872,2.8044871865636645,4.414949606033258,3.912487410177435,3.912487419030642,-0.26784505459802593,-0.26784505459802593,-0.26784505459802593,-0.26784505459802593,-0.26784505459802593,-0.26784505459802593,0.0,0.0,0.0,3.6446423596219613,3
2006-10-03,3.915618369027822,3.3396056574184914,4.92100427230821,3.915618363500479,3.9156183754327656,0.196097070071059,0.196097070071059,0.196097070071059,0.196097070071059,0.196097070071059,0.196097070071059,0.0,0.0,0.0,4.111715439098881,3
2006-10-04,3.918749323835655,2.9766785435581204,4.538434434786994,3.918749316716489,3.9187493319874145,-0.17141331713479285,-0.17141331713479285,-0.17141331713479285,-0.17141331713479285,-0.17141331713479285,-0.17141331713479285,0.0,0.0,0.0,3.7473360067008623,3
2006-07-08,5.902943522406656,3.7030170715298114,7.228173718214776,5.902943522406656,5.902943522406656,-0.403048889109648,-0.403048889109648,-0.403048889109648,-0.403048889109648,-0.403048889109648,-0.403048889109648,0.0,0.0,0.0,5.499894633297008,4
2006-07-09,5.924976276420433,4.299947350343138,7.920924792272726,5.924976276420433,5.924976276420433,0.17178210503182886,0.17178210503182886,0.17178210503182886,0.17178210503182886,0.17178210503182886,0.17178210503182886,0.0,0.0,0.0,6.096758381452262,4
2006-07-10,5.947009030434212,4.364798195151784,7.772664716426456,5.947009030434212,5.947009030434212,0.19897768427087048,0.19897768427087048,0.19897768427087048,0.19897768427087048,0.19897768427087048,0.19897768427087048,0.0,0.0,0.0,6.145986714705082,4
2006-07-11,5.969041789551366,4.683484419778039,8.199548479933792,5.969041789551366,5.969041789551366,0.4423689702860603,0.4423689702860603,0.4423689702860603,0.4423689702860603,0.4423689702860603,0.4423689702860603,0.0,0.0,0.0,6.411410759837427,4
2006-07-12,5.99107454866852,4.10414419243849,7.66083800558981,5.99107454866852,5.99107454866852,-0.15603183897514755,-0.15603183897514755,-0.15603183897514755,-0.15603183897514755,-0.15603183897514755,-0.15603183897514755,0.0,0.0,0.0,5.835042709693372,4
2006-07-13,6.013107307785674,3.857193175536273,7.2679140605668335,6.013107307785674,6.013107307785674,-0.4639196664660923,-0.4639196664660923,-0.4639196664660923,-0.4639196664660923,-0.4639196664660923,-0.4639196664660923,0.0,0.0,0.0,5.549187641319582,4
2006-07-14,6.035140062821168,4.458787584290376,8.076781592045391,6.035140062821168,6.035140062821168,0.20987163496179154,0.20987163496179154,0.20987163496179154,0.20987163496179154,0.20987163496179154,0.20987163496179154,0.0,0.0,0.0,6.245011697782959,4
2006-07-15,6.057172817856662,3.9433899518680935,7.3987029680943435,6.057172817856662,6.057172817856662,-0.40304888910980485,-0.40304888910980485,-0.40304888910980485,-0.40304888910980485,-0.40304888910980485,-0.40304888910980485,0.0,0.0,0.0,5.654123928746857,4
2006-07-16,6.07920557546366,4.46576823236409,8.14125401639552,6.07920557546366,6.07920557546366,0.17178210503121177,0.17178210503121177,0.17178210503121177,0.17178210503121177,0.17178210503121177,0.17178210503121177,0.0,0.0,0.0,6.250987680494871,4
2006-07-17,6.101238333070658,4.452414525370285,8.19217997751257,6.101238333070658,6.101238333070658,0.19897768426991827,0.19897768426991827,0.19897768426991827,0.19897768426991827,0.19897768426991827,0.19897768426991827,0.0,0.0,0.0,6.300216017340576,4
2006-07-18,6.1232710906776555,4.862591307520717,8.213767076606729,6.1232710906776555,6.1232710906776555,0.44236897028724387,0.44236897028724387,0.44236897028724387,0.44236897028724387,0.44236897028724387,0.44236897028724387,0.0,0.0,0.0,6.565640060964899,4
2006-07-19,6.145303847045588,4.258939754515942,7.834819212380361,6.145303847045588,6.145303847045588,-0.1560318389750367,-0.1560318389750367,-0.1560318389750367,-0.1560318389750367,-0.1560318389750367,-0.1560318389750367,0.0,0.0,0.0,5.989272008070551,4
2006-07-20,6.16733660341352,3.813652560554773,7.574825308251867,6.16733660341352,6.16733660341352,-0.46391966646629035,-0.46391966646629035,-0.46391966646629035,-0.46391966646629035,-0.46391966646629035,-0.46391966646629035,0.0,0.0,0.0,5.70341693694723,4
2006-07-21,6.189369359087268,4.544343258373432,8.218621296716464,6.189369359087268,6.189369359087268,0.20987163496185499,0.20987163496185499,0.20987163496185499,0.20987163496185499,0.20987163496185499,0.20987163496185499,0.0,0.0,0.0,6.399240994049123,4
2006-07-22,6.2114021147610154,4.012002497111004,7.616584342166666,6.2114021147610154,6.2114021147610154,-0.40304888910959313,-0.40304888910959313,-0.40304888910959313,-0.40304888910959313,-0.40304888910959313,-0.40304888910959313,0.0,0.0,0.0,5.808353225651422,4
2006-07-23,6.233434870434764,4.6159826602766305,8.085074126898665,6.233434870434764,6.233434870434764,0.17178210503207075,0.17178210503207075,0.17178210503207075,0.17178210503207075,0.17178210503207075,0.17178210503207075,0.0,0.0,0.0,6.405216975466835,4
2006-07-24,6.255467625061987,4.633740902543528,8.193655456329376,6.255467625061987,6.255467625061987,0.19897768427055318,0.19897768427055318,0.19897768427055318,0.19897768427055318,0.19897768427055318,0.19897768427055318,0.0,0.0,0.0,6.454445309332541,4
2006-07-25,6.2775003796892115,4.917909194810954,8.454384356869705,6.2775003796892115,6.2775003796892115,0.4423689702884274,0.4423689702884274,0.4423689702884274,0.4423689702884274,0.4423689702884274,0.4423689702884274,0.0,0.0,0.0,6.719869349977639,4
2006-07-26,6.299533135809391,4.3459608179487486,7.836152345430621,6.299533135809391,6.299533135809391,-0.15603183897492576,-0.15603183897492576,-0.15603183897492576,-0.15603183897492576,-0.15603183897492576,-0.15603183897492576,0.0,0.0,0.0,6.143501296834465,4
2006-07-27,6.32156589192957,4.153671041564242,7.647434058692077,6.32156589192957,6.32156589192957,-0.4639196664669767,-0.4639196664669767,-0.4639196664669767,-0.4639196664669767,-0.4639196664669767,-0.4639196664669767,0.0,0.0,0.0,5.857646225462593,4
2006-07-28,6.343598648049748,4.745147469305361,8.186046581576017,6.343598648049748,6.343598648049748,0.209871634962166,0.209871634962166,0.209871634962166,0.209871634962166,0.209871634962166,0.209871634962166,0.0,0.0,0.0,6.553470283011914,4
2006-07-29,6.365631396094054,4.224249463320396,7.741551909669555,6.365631396094054,6.365631396094054,-0.4030488891096489,-0.4030488891096489,-0.4030488891096489,-0.4030488891096489,-0.4030488891096489,-0.4030488891096489,0.0,0.0,0.0,5.962582506984405,4
2006-07-30,6.387664144138361,4.796046040046101,8.165143366799356,6.387664144138361,6.387664144138361,0.17178210503214053,0.17178210503214053,0.17178210503214053,0.17178210503214053,0.17178210503214053,0.17178210503214053,0.0,0.0,0.0,6.5594462491705015,4
2006-07-31,6.409696891775586,4.796836842447416,8.465195043132253,6.409696891775586,6.409696891775586,0.198977684269665,0.198977684269665,0.198977684269665,0.198977684269665,0.198977684269665,0.198977684269665,0.0,0.0,0.0,6.608674576045251,4
2006-08-01,6.431729639412811,5.200682964280265,8.61365357590677,6.431729639412811,6.431729639412811,0.44236897028855515,0.44236897028855515,0.44236897028855515,0.44236897028855515,0.44236897028855515,0.44236897028855515,0.0,0.0,0.0,6.874098609701367,4
2006-08-02,6.453762387050038,4.614047421670648,8.035138973568005,6.453762387050038,6.453762387050038,-0.15603183897386647,-0.15603183897386647,-0.15603183897386647,-0.15603183897386647,-0.15603183897386647,-0.15603183897386647,0.0,0.0,0.0,6.297730548076171,4
2006-08-03,6.475795140110628,4.299775513815883,7.754155078580932,6.475795140110628,6.475795140110628,-0.46391966646766314,-0.46391966646766314,-0.46391966646766314,-0.46391966646766314,-0.46391966646766314,-0.46391966646766314,0.0,0.0,0.0,6.011875473642965,4
2006-08-04,6.497827893171219,4.998488747565703,8.330304557879243,6.497827893171219,6.497827893171219,0.20987163496247696,0.20987163496247696,0.20987163496247696,0.20987163496247696,0.20987163496247696,0.20987163496247696,0.0,0.0,0.0,6.707699528133696,4
2006-08-05,6.519860640206384,4.355042207927056,7.8785440021382485,6.519860640206384,6.519860640206384,-0.4030488891097047,-0.4030488891097047,-0.4030488891097047,-0.4030488891097047,-0.4030488891097047,-0.4030488891097047,0.0,0.0,0.0,6.116811751096679,4
2006-08-06,6.541893387241551,4.930220326161824,8.524451478519277,6.541893387241551,6.541893387241551,0.17178210503221028,0.17178210503221028,0.17178210503221028,0.17178210503221028,0.17178210503221028,0.17178210503221028,0.0,0.0,0.0,6.713675492273761,4
2006-08-07,6.563926134276717,4.913574707337157,8.51423299049387,6.563926134276717,6.563926134276717,0.1989776842695064,0.1989776842695064,0.1989776842695064,0.1989776842695064,0.1989776842695064,0.1989776842695064,0.0,0.0,0.0,6.762903818546223,4
2006-08-08,6.5859588782334235,5.276673262382739,8.684926432484351,6.5859588782334235,6.5859588782334235,0.4423689702877835,0.4423689702877835,0.4423689702877835,0.4423689702877835,0.4423689702877835,0.4423689702877835,0.0,0.0,0.0,7.028327848521207,4
2006-08-09,6.60799162219013,4.698588708509654,8.145740069022649,6.60799162219013,6.60799162219013,-0.15603183897575573,-0.15603183897575573,-0.15603183897575573,-0.15603183897575573,-0.15603183897575573,-0.15603183897575573,0.0,0.0,0.0,6.451959783214374,4
2006-08-10,6.630024371862364,4.363511985371067,7.96234517524047,6.630024371862364,6.630024371862364,-0.4639196664678611,-0.4639196664678611,-0.4639196664678611,-0.4639196664678611,-0.4639196664678611,-0.4639196664678611,0.0,0.0,0.0,6.166104705394503,4
2006-08-11,6.652057121534598,4.997658641851091,8.70277609327915,6.652057121534598,6.652057121534598,0.20987163496181674,0.20987163496181674,0.20987163496181674,0.20987163496181674,0.20987163496181674,0.20987163496181674,0.0,0.0,0.0,6.861928756496415,4
2006-08-12,6.674089871206831,4.549207716534461,7.968531736546205,6.674089871206831,6.674089871206831,-0.40304888910949305,-0.40304888910949305,-0.40304888910949305,-0.40304888910949305,-0.40304888910949305,-0.40304888910949305,0.0,0.0,0.0,6.271040982097338,4
2006-08-13,6.696122627561643,5.04364977024186,8.5908184826596,6.696122627561643,6.696122627561643,0.17178210503090635,0.17178210503090635,0.17178210503090635,0.17178210503090635,0.17178210503090635,0.17178210503090635,0.0,0.0,0.0,6.867904732592549,4
2006-08-14,6.718155383916454,5.231839748167474,8.638569102650951,6.718155383916454,6.718155383916454,0.1989776842701412,0.1989776842701412,0.1989776842701412,0.1989776842701412,0.1989776842701412,0.1989776842701412,0.0,0.0,0.0,6.917133068186595,4
2006-08-15,6.74018814156446,5.438833859612325,8.88958915630152,6.74018814156446,6.74018814156446,0.4423689702870118,0.4423689702870118,0.4423689702870118,0.4423689702870118,0.4423689702870118,0.4423689702870118,0.0,0.0,0.0,7.182557111851471,4
2006-08-16,6.7622208992124655,4.7864942423944274,8.494055276400621,6.7622208992124655,6.7622208992124655,-0.15603183897764505,-0.15603183897764505,-0.15603183897764505,-0.15603183897764505,-0.15603183897764505,-0.15603183897764505,0.0,0.0,0.0,6.60618906023482,4
2006-08-17,6.784253656860472,4.579487538650783,8.229708041958142,6.784253656860472,6.784253656860472,-0.46391966646689853,-0.46391966646689853,-0.46391966646689853,-0.46391966646689853,-0.46391966646689853,-0.46391966646689853,0.0,0.0,0.0,6.320333990393574,4
2006-08-18,6.806286408178493,5.362535276700001,8.778215238412171,6.806286408178493,6.806286408178493,0.2098716349618802,0.2098716349618802,0.2098716349618802,0.2098716349618802,0.2098716349618802,0.2098716349618802,0.0,0.0,0.0,7.016158043140373,4
2006-08-19,6.828319159496513,4.591622453262531,8.114907990481898,6.828319159496513,6.828319159496513,-0.40304888910964987,-0.40304888910964987,-0.40304888910964987,-0.40304888910964987,-0.40304888910964987,-0.40304888910964987,0.0,0.0,0.0,6.425270270386863,4
2006-08-20,6.850351910445686,5.311200179743025,8.827192911780111,6.850351910445686,6.850351910445686,0.17178210503097618,0.17178210503097618,0.17178210503097618,0.17178210503097618,0.17178210503097618,0.17178210503097618,0.0,0.0,0.0,7.022134015476662,4
2006-08-21,6.872384661394858,5.303554140395288,8.87255043484752,6.872384661394858,6.872384661394858,0.1989776842707761,0.1989776842707761,0.1989776842707761,0.1989776842707761,0.1989776842707761,0.1989776842707761,0.0,0.0,0.0,7.0713623456656345,4
2006-08-22,6.894417412344031,5.620125631100801,9.108880920032727,6.894417412344031,6.894417412344031,0.4423689702881954,0.4423689702881954,0.4423689702881954,0.4423689702881954,0.4423689702881954,0.4423689702881954,0.0,0.0,0.0,7.336786382632226,4
2006-08-23,6.916450157243658,4.994900840002303,8.65710821673522,6.916450157243658,6.916450157243658,-0.15603183897658565,-0.15603183897658565,-0.15603183897658565,-0.15603183897658565,-0.15603183897658565,-0.15603183897658565,0.0,0.0,0.0,6.760418318267073,4
2006-08-24,6.938482902143285,4.772383910885853,8.19621108884015,6.938482902143285,6.938482902143285,-0.4639196664670966,-0.4639196664670966,-0.4639196664670966,-0.4639196664670966,-0.4639196664670966,-0.4639196664670966,0.0,0.0,0.0,6.474563235676189,4
2006-08-25,6.960515642110529,5.371263723961084,9.015183896726496,6.960515642110529,6.960515642110529,0.2098716349621912,0.2098716349621912,0.2098716349621912,0.2098716349621912,0.2098716349621912,0.2098716349621912,0.0,0.0,0.0,7.17038727707272,4
2006-08-26,6.982548382077773,4.827300296416428,8.156387019641965,6.982548382077773,6.982548382077773,-0.40304888910980663,-0.40304888910980663,-0.40304888910980663,-0.40304888910980663,-0.40304888910980663,-0.40304888910980663,0.0,0.0,0.0,6.579499492967967,4
2006-08-27,7.004581122045017,5.391251645034949,8.90391045244178,7.004581122045017,7.004581122045017,0.1717821050310459,0.1717821050310459,0.1717821050310459,0.1717821050310459,0.1717821050310459,0.1717821050310459,0.0,0.0,0.0,7.176363227076062,4
2006-08-28,7.026613867466348,5.504354728598081,9.093185596200014,7.026613867466348,7.026613867466348,0.19897768426909443,0.19897768426909443,0.19897768426909443,0.19897768426909443,0.19897768426909443,0.19897768426909443,0.0,0.0,0.0,7.225591551735442,4
2006-08-29,7.048646612887678,5.69559624759092,9.229879246075834,7.048646612887678,7.048646612887678,0.442368970288323,0.442368970288323,0.442368970288323,0.442368970288323,0.442368970288323,0.442368970288323,0.0,0.0,0.0,7.491015583176001,4
2006-08-30,7.07067935986075,5.047045676834203,8.691607116794938,7.07067935986075,7.07067935986075,-0.15603183897352607,-0.15603183897352607,-0.15603183897352607,-0.15603183897352607,-0.15603183897352607,-0.15603183897352607,0.0,0.0,0.0,6.9146475208872245,4
2006-08-31,7.092712106833822,4.894814059618949,8.319839750019769,7.092712106833822,7.092712106833822,-0.46391966646729454,-0.46391966646729454,-0.46391966646729454,-0.46391966646729454,-0.46391966646729454,-0.46391966646729454,0.0,0.0,0.0,6.628792440366528,4
2006-09-01,7.1147448538068945,5.5500531485350955,9.175407534989148,7.1147448538068945,7.1147448538068945,0.2098716349625022,0.2098716349625022,0.2098716349625022,0.2098716349625022,0.2098716349625022,0.2098716349625022,0.0,0.0,0.0,7.324616488769396,4
2006-09-02,7.136777594684232,4.977178025065051,8.571247751367038,7.136777594684232,7.136777594684232,-0.4030488891098624,-0.4030488891098624,-0.4030488891098624,-0.4030488891098624,-0.4030488891098624,-0.4030488891098624,0.0,0.0,0.0,6.73372870557437,4
2006-09-03,7.158810335561569,5.623213084374315,9.089149532296862,7.158810335561569,7.158810335561569,0.17178210503121805,0.17178210503121805,0.17178210503121805,0.17178210503121805,0.17178210503121805,0.17178210503121805,0.0,0.0,0.0,7.3305924405927865,4
2006-09-04,7.180843071511895,5.648482114899902,9.085690937392283,7.180843071511895,7.180843071511895,0.1989776842697293,0.1989776842697293,0.1989776842697293,0.1989776842697293,0.1989776842697293,0.1989776842697293,0.0,0.0,0.0,7.379820755781624,4
2006-09-05,7.20287580746222,5.9079821138637145,9.450612866682098,7.20287580746222,7.20287580746222,0.4423689702875513,0.4423689702875513,0.4423689702875513,0.4423689702875513,0.4423689702875513,0.4423689702875513,0.0,0.0,0.0,7.645244777749772,4
2006-09-06,7.224908543412545,5.376329218595796,8.713696543399902,7.224908543412545,7.224908543412545,-0.15603183897341522,-0.15603183897341522,-0.15603183897341522,-0.15603183897341522,-0.15603183897341522,-0.15603183897341522,0.0,0.0,0.0,7.0688767044391305,4
2006-09-07,7.246941273144797,4.9949428864520655,8.552169759290878,7.246941273144797,7.246941273144797,-0.46391966646749266,-0.46391966646749266,-0.46391966646749266,-0.46391966646749266,-0.46391966646749266,-0.46391966646749266,0.0,0.0,0.0,6.783021606677305,4
2006-09-08,7.268974002877049,5.709487857415851,9.152013060536813,7.268974002877049,7.268974002877049,0.2098716349615944,0.2098716349615944,0.2098716349615944,0.2098716349615944,0.2098716349615944,0.2098716349615944,0.0,0.0,0.0,7.478845637838643,4
2006-09-09,7.29100673605351,5.090943722861165,8.712836779673857,7.29100673605351,7.29100673605351,-0.4030488891096508,-0.4030488891096508,-0.4030488891096508,-0.4030488891096508,-0.4030488891096508,-0.4030488891096508,0.0,0.0,0.0,6.887957846943859,4
2006-09-10,7.313039469229971,5.617392740682359,9.184556777837212,7.313039469229971,7.313039469229971,0.17178210503128782,0.17178210503128782,0.17178210503128782,0.17178210503128782,0.17178210503128782,0.17178210503128782,0.0,0.0,0.0,7.484821574261259,4
2006-09-11,7.335072202406434,5.724060438867205,9.272708286440166,7.335072202406434,7.335072202406434,0.1989776842703642,0.1989776842703642,0.1989776842703642,0.1989776842703642,0.1989776842703642,0.1989776842703642,0.0,0.0,0.0,7.534049886676798,4
2006-09-12,7.357104935582895,6.076316716893076,9.521887922597807,7.357104935582895,7.357104935582895,0.44236897028677974,0.44236897028677974,0.44236897028677974,0.44236897028677974,0.44236897028677974,0.44236897028677974,0.0,0.0,0.0,7.799473905869675,4
2006-09-13,7.379137668759356,5.460769885102047,8.963571528313457,7.379137668759356,7.379137668759356,-0.156031838974356,-0.156031838974356,-0.156031838974356,-0.156031838974356,-0.156031838974356,-0.156031838974356,0.0,0.0,0.0,7.223105829785,4
2006-09-14,7.401170401935818,5.109769363285334,8.651629533425707,7.401170401935818,7.401170401935818,-0.46391966646653005,-0.46391966646653005,-0.46391966646653005,-0.46391966646653005,-0.46391966646653005,-0.46391966646653005,0.0,0.0,0.0,6.937250735469289,4
2006-09-15,7.42320313511228,5.830326748603998,9.41091968937037,7.42320313511228,7.42320313511228,0.2098716349619054,0.2098716349619054,0.2098716349619054,0.2098716349619054,0.2098716349619054,0.2098716349619054,0.0,0.0,0.0,7.633074770074185,4
2006-09-16,7.445235868288741,5.284473477097701,8.825518569688473,7.445235868288741,7.445235868288741,-0.4030488891095401,-0.4030488891095401,-0.4030488891095401,-0.4030488891095401,-0.4030488891095401,-0.4030488891095401,0.0,0.0,0.0,7.042186979179201,4
2006-09-17,7.467268601465202,5.835973194900962,9.376805383893275,7.467268601465202,7.467268601465202,0.17178210503135757,0.17178210503135757,0.17178210503135757,0.17178210503135757,0.17178210503135757,0.17178210503135757,0.0,0.0,0.0,7.639050706496559,4
2006-09-18,7.489301334641665,5.980076925042006,9.5277313057343,7.489301334641665,7.489301334641665,0.19897768427099902,0.19897768427099902,0.19897768427099902,0.19897768427099902,0.19897768427099902,0.19897768427099902,0.0,0.0,0.0,7.688279018912664,4
2006-09-25,7.6435304668768955,6.032214527995993,9.75390543377304,7.6435304668768955,7.6435304668768955,0.19897768426931733,0.19897768426931733,0.19897768426931733,0.19897768426931733,0.19897768426931733,0.19897768426931733,0.0,0.0,0.0,7.8425081511462125,4
2006-09-26,7.6655632000533585,6.3160420008164335,9.912802353577485,7.6655632000533585,7.6655632000533585,0.442368970287035,0.442368970287035,0.442368970287035,0.442368970287035,0.442368970287035,0.442368970287035,0.0,0.0,0.0,8.107932170340394,4
2006-09-27,7.687595933229819,5.798218455856511,9.246023359498562,7.687595933229819,7.687595933229819,-0.15603183897413425,-0.15603183897413425,-0.15603183897413425,-0.15603183897413425,-0.15603183897413425,-0.15603183897413425,0.0,0.0,0.0,7.5315640942556845,4
2006-09-28,7.70962866640628,5.563089548371157,9.021614707848524,7.70962866640628,7.70962866640628,-0.463919666466926,-0.463919666466926,-0.463919666466926,-0.463919666466926,-0.463919666466926,-0.463919666466926,0.0,0.0,0.0,7.245708999939354,4
2006-09-29,7.731661399582741,6.164247524971033,9.713179025851295,7.731661399582741,7.731661399582741,0.2098716349625273,0.2098716349625273,0.2098716349625273,0.2098716349625273,0.2098716349625273,0.2098716349625273,0.0,0.0,0.0,7.941533034545269,4
2006-09-30,7.753694132759204,5.673984518854045,9.100969131517056,7.753694132759204,7.753694132759204,-0.40304888910938425,-0.40304888910938425,-0.40304888910938425,-0.40304888910938425,-0.40304888910938425,-0.40304888910938425,0.0,0.0,0.0,7.3506452436498195,4
2006-10-01,7.775726865935665,6.176883159007628,9.703352011191344,7.775726864541824,7.77572686691224,0.17178210503159944,0.17178210503159944,0.17178210503159944,0.17178210503159944,0.17178210503159944,0.17178210503159944,0.0,0.0,0.0,7.947508970967265,4
2006-10-02,7.797759599112126,6.2022103002156665,9.710983868444698,7.797759593206624,7.797759603672334,0.19897768426995222,0.19897768426995222,0.19897768426995222,0.19897768426995222,0.19897768426995222,0.19897768426995222,0.0,0.0,0.0,7.996737283382078,4
2006-10-03,7.819792332288588,6.41895695023245,9.936610971039151,7.819792318984311,7.819792342692507,0.4423689702862632,0.4423689702862632,0.4423689702862632,0.4423689702862632,0.4423689702862632,0.4423689702862632,0.0,0.0,0.0,8.262161302574851,4
2006-10-04,7.841825065465049,5.894964522133872,9.484809736497517,7.8418250423309965,7.841825082872609,-0.15603183897402337,-0.15603183897402337,-0.15603183897402337,-0.15603183897402337,-0.15603183897402337,-0.15603183897402337,0.0,0.0,0.0,7.685793226491026,4
2006-10-05,7.863857798641511,5.646062015240804,9.220378570340706,7.863857766027563,7.863857824764456,-0.4639196664659635,-0.4639196664659635,-0.4639196664659635,-0.4639196664659635,-0.4639196664659635,-0.4639196664659635,0.0,0.0,0.0,7.3999381321755475,4
2006-10-06,7.8858905318179735,6.267641302622864,9.792685064429499,7.885890489572819,7.885890567858965,0.20987163496161956,0.20987163496161956,0.20987163496161956,0.20987163496161956,0.20987163496161956,0.20987163496161956,0.0,0.0,0.0,8.095762166779593,4
2006-10-07,7.907923264994435,5.763201214977777,9.288749973996772,7.907923210414999,7.907923312472003,-0.403048889109541,-0.403048889109541,-0.403048889109541,-0.403048889109541,-0.403048889109541,-0.403048889109541,0.0,0.0,0.0,7.504874375884894,4
2006-07-08,4.170454528150936,3.9472245284364122,5.636946752003165,4.170454528150936,4.170454528150936,0.5909395583288799,0.5909395583288799,0.5909395583288799,0.5909395583288799,0.5909395583288799,0.5909395583288799,0.0,0.0,0.0,4.761394086479815,5
2006-07-09,4.169305369257586,3.5755332332156184,5.3249485782228305,4.169305369257586,4.169305369257586,0.2807692553251961,0.2807692553251961,0.2807692553251961,0.2807692553251961,0.2807692553251961,0.2807692553251961,0.0,0.0,0.0,4.450074624582782,5
2006-07-10,4.168156210364236,3.426630604061905,5.094559328121891,4.168156210364236,4.168156210364236,0.08532110815269131,0.08532110815269131,0.08532110815269131,0.08532110815269131,0.08532110815269131,0.08532110815269131,0.0,0.0,0.0,4.253477318516928,5
2006-07-11,4.167007051443918,3.0582331922879247,4.85220447314493,4.167007051443918,4.167007051443918,-0.19095091581529083,-0.19095091581529083,-0.19095091581529083,-0.19095091581529083,-0.19095091581529083,-0.19095091581529083,0.0,0.0,0.0,3.9760561356286277,5
2006-07-12,4.165857892523601,2.992542452467924,4.728741189973765,4.165857892523601,4.165857892523601,-0.31898329096553985,-0.31898329096553985,-0.31898329096553985,-0.31898329096553985,-0.31898329096553985,-0.31898329096553985,0.0,0.0,0.0,3.846874601558061,5
2006-07-13,4.164708733613005,3.053019341300216,4.833703617561909,4.164708733613005,4.164708733613005,-0.2380516972263462,-0.2380516972263462,-0.2380516972263462,-0.2380516972263462,-0.2380516972263462,-0.2380516972263462,0.0,0.0,0.0,3.926657036386659,5
2006-07-14,4.1635595747024094,3.0325756173691074,4.767629651013217,4.1635595747024094,4.1635595747024094,-0.20904401779940673,-0.20904401779940673,-0.20904401779940673,-0.20904401779940673,-0.20904401779940673,-0.20904401779940673,0.0,0.0,0.0,3.9545155569030026,5
2006-07-15,4.162410415749126,3.868269070036923,5.6163801092150205,4.162410415749126,4.162410415749126,0.5909395583290717,0.5909395583290717,0.5909395583290717,0.5909395583290717,0.5909395583290717,0.5909395583290717,0.0,0.0,0.0,4.753349974078198,5
2006-07-16,4.161261256795843,3.5563813070882,5.287419956213332,4.161261256795843,4.161261256795843,0.28076925532577024,0.28076925532577024,0.28076925532577024,0.28076925532577024,0.28076925532577024,0.28076925532577024,0.0,0.0,0.0,4.4420305121216135,5
2006-07-17,4.160112097874539,3.3336286231866805,5.105257553503892,4.160112097874539,4.160112097874539,0.08532110815361615,0.08532110815361615,0.08532110815361615,0.08532110815361615,0.08532110815361615,0.08532110815361615,0.0,0.0,0.0,4.245433206028156,5
2006-07-18,4.158962938932566,3.063071883882991,4.784660209962347,4.158962938932566,4.158962938932566,-0.19095091581622184,-0.19095091581622184,-0.19095091581622184,-0.19095091581622184,-0.19095091581622184,-0.19095091581622184,0.0,0.0,0.0,3.9680120231163443,5
2006-07-19,4.157813779990592,2.969464510444959,4.665481423494906,4.157813779990592,4.157813779990592,-0.3189832909658785,-0.3189832909658785,-0.3189832909658785,-0.3189832909658785,-0.3189832909658785,-0.3189832909658785,0.0,0.0,0.0,3.838830489024714,5
2006-07-20,4.156664621011216,3.069159070015149,4.775680623604061,4.156664621011216,4.156664621011216,-0.23805169722613884,-0.23805169722613884,-0.23805169722613884,-0.23805169722613884,-0.23805169722613884,-0.23805169722613884,0.0,0.0,0.0,3.9186129237850773,5
2006-07-21,4.15551546203184,3.128330524092332,4.799819540161458,4.15551546203184,4.15551546203184,-0.20904401780014997,-0.20904401780014997,-0.20904401780014997,-0.20904401780014997,-0.20904401780014997,-0.20904401780014997,0.0,0.0,0.0,3.94647144423169,5
2006-07-22,4.154366303079346,3.8761292899200597,5.578631081734327,4.154366303079346,4.154366303079346,0.5909395583286252,0.5909395583286252,0.5909395583286252,0.5909395583286252,0.5909395583286252,0.5909395583286252,0.0,0.0,0.0,4.745305861407971,5
2006-07-23,4.153217144126853,3.592077190069533,5.295562578502255,4.153217144126853,4.153217144126853,0.2807692553250255,0.2807692553250255,0.2807692553250255,0.2807692553250255,0.2807692553250255,0.2807692553250255,0.0,0.0,0.0,4.433986399451879,5
2006-07-24,4.1520679851436935,3.4145984597789476,5.102578228805478,4.1520679851436935,4.1520679851436935,0.0853211081531343,0.0853211081531343,0.0853211081531343,0.0853211081531343,0.0853211081531343,0.0853211081531343,0.0,0.0,0.0,4.2373890932968274,5
2006-07-25,4.150918826160534,3.0198330057305967,4.773484780809891,4.150918826160534,4.150918826160534,-0.19095091581715287,-0.19095091581715287,-0.19095091581715287,-0.19095091581715287,-0.19095091581715287,-0.19095091581715287,0.0,0.0,0.0,3.959967910343381,5
2006-07-26,4.149769667184554,3.060553813450595,4.714060954995606,4.149769667184554,4.149769667184554,-0.31898329096621725,-0.31898329096621725,-0.31898329096621725,-0.31898329096621725,-0.31898329096621725,-0.31898329096621725,0.0,0.0,0.0,3.8307863762183367,5
2006-07-27,4.148620508208576,3.135343991253204,4.732921929252269,4.148620508208576,4.148620508208576,-0.23805169722601632,-0.23805169722601632,-0.23805169722601632,-0.23805169722601632,-0.23805169722601632,-0.23805169722601632,0.0,0.0,0.0,3.9105688109825594,5
2006-07-28,4.147471349218618,3.1053809781041535,4.80032853850946,4.147471349218618,4.147471349218618,-0.20904401779984516,-0.20904401779984516,-0.20904401779984516,-0.20904401779984516,-0.20904401779984516,-0.20904401779984516,0.0,0.0,0.0,3.9384273314187728,5
2006-07-29,4.146322190228661,3.8537483990031447,5.622986225963958,4.146322190228661,4.146322190228661,0.5909395583289927,0.5909395583289927,0.5909395583289927,0.5909395583289927,0.5909395583289927,0.5909395583289927,0.0,0.0,0.0,4.737261748557653,5
2006-07-30,4.145173031235918,3.6525305373863444,5.274048471100639,4.145173031235918,4.145173031235918,0.2807692553249303,0.2807692553249303,0.2807692553249303,0.2807692553249303,0.2807692553249303,0.2807692553249303,0.0,0.0,0.0,4.425942286560848,5
2006-07-31,4.144023872243174,3.3509823298163757,5.083004896800846,4.144023872243174,4.144023872243174,0.08532110815364707,0.08532110815364707,0.08532110815364707,0.08532110815364707,0.08532110815364707,0.08532110815364707,0.0,0.0,0.0,4.229344980396822,5
2006-08-01,4.142874713253282,3.1586744725349014,4.747323187472519,4.142874713253282,4.142874713253282,-0.19095091581680787,-0.19095091581680787,-0.19095091581680787,-0.19095091581680787,-0.19095091581680787,-0.19095091581680787,0.0,0.0,0.0,3.9519237974364745,5
2006-08-02,4.141725411055257,2.982366567920207,4.692355649147949,4.141725411055257,4.141725411055257,-0.3189832909662905,-0.3189832909662905,-0.3189832909662905,-0.3189832909662905,-0.3189832909662905,-0.3189832909662905,0.0,0.0,0.0,3.822742120088966,5
2006-08-03,4.140576108857231,3.056392331180282,4.774459618046867,4.140576108857231,4.140576108857231,-0.2380516972258939,-0.2380516972258939,-0.2380516972258939,-0.2380516972258939,-0.2380516972258939,-0.2380516972258939,0.0,0.0,0.0,3.902524411631337,5
2006-08-04,4.1394268066799285,3.0210446152848203,4.79967811403137,4.1394268066799285,4.1394268066799285,-0.20904401779954035,-0.20904401779954035,-0.20904401779954035,-0.20904401779954035,-0.20904401779954035,-0.20904401779954035,0.0,0.0,0.0,3.930382788880388,5
2006-08-05,4.138277504502626,3.902772267353409,5.641287010124701,4.138277504502626,4.138277504502626,0.5909395583293602,0.5909395583293602,0.5909395583293602,0.5909395583293602,0.5909395583293602,0.5909395583293602,0.0,0.0,0.0,4.729217062831986,5
2006-08-06,4.137128202273907,3.53679206948909,5.196038960674302,4.137128202273907,4.137128202273907,0.28076925532483515,0.28076925532483515,0.28076925532483515,0.28076925532483515,0.28076925532483515,0.28076925532483515,0.0,0.0,0.0,4.417897457598742,5
2006-08-07,4.135978900045189,3.4119804418436384,5.0657564445255545,4.135978900045189,4.135978900045189,0.08532110815386863,0.08532110815386863,0.08532110815386863,0.08532110815386863,0.08532110815386863,0.08532110815386863,0.0,0.0,0.0,4.221300008199058,5
2006-08-08,4.134829597761527,3.0839527792952746,4.793750836756022,4.134829597761527,4.134829597761527,-0.1909509158165961,-0.1909509158165961,-0.1909509158165961,-0.1909509158165961,-0.1909509158165961,-0.1909509158165961,0.0,0.0,0.0,3.943878681944931,5
2006-08-09,4.133680295477865,2.995296785492582,4.696429616220254,4.133680295477865,4.133680295477865,-0.3189832909655647,-0.3189832909655647,-0.3189832909655647,-0.3189832909655647,-0.3189832909655647,-0.3189832909655647,0.0,0.0,0.0,3.8146970045123005,5
2006-08-10,4.132530993177319,3.0788193959548313,4.74731371537251,4.132530993177319,4.132530993177319,-0.23805169722568653,-0.23805169722568653,-0.23805169722568653,-0.23805169722568653,-0.23805169722568653,-0.23805169722568653,0.0,0.0,0.0,3.8944792959516326,5
2006-08-11,4.131381690876774,3.076559422395508,4.756887559851744,4.131381690876774,4.131381690876774,-0.20904401779890266,-0.20904401779890266,-0.20904401779890266,-0.20904401779890266,-0.20904401779890266,-0.20904401779890266,0.0,0.0,0.0,3.922337673077871,5
2006-08-12,4.130232388544785,3.9031263363415776,5.5652392075332155,4.130232388544785,4.130232388544785,0.5909395583289138,0.5909395583289138,0.5909395583289138,0.5909395583289138,0.5909395583289138,0.5909395583289138,0.0,0.0,0.0,4.721171946873699,5
2006-08-13,4.1290830862127965,3.5805593573158334,5.278534103384032,4.1290830862127965,4.1290830862127965,0.28076925532607855,0.28076925532607855,0.28076925532607855,0.28076925532607855,0.28076925532607855,0.28076925532607855,0.0,0.0,0.0,4.409852341538875,5
2006-08-14,4.127933783760173,3.3920823234901256,5.088380415859813,4.127933783760173,4.127933783760173,0.0853211081533868,0.0853211081533868,0.0853211081533868,0.0853211081533868,0.0853211081533868,0.0853211081533868,0.0,0.0,0.0,4.21325489191356,5
2006-08-15,4.126784481307548,3.069845642931056,4.800584899111248,4.126784481307548,4.126784481307548,-0.19095091581638435,-0.19095091581638435,-0.19095091581638435,-0.19095091581638435,-0.19095091581638435,-0.19095091581638435,0.0,0.0,0.0,3.935833565491164,5
2006-08-16,4.125635178839906,2.9421431795332946,4.703048214903837,4.125635178839906,4.125635178839906,-0.31898329096483885,-0.31898329096483885,-0.31898329096483885,-0.31898329096483885,-0.31898329096483885,-0.31898329096483885,0.0,0.0,0.0,3.8066518878750677,5
2006-08-17,4.124485876387731,3.033475081349411,4.773409923822866,4.124485876387731,4.124485876387731,-0.23805169722633954,-0.23805169722633954,-0.23805169722633954,-0.23805169722633954,-0.23805169722633954,-0.23805169722633954,0.0,0.0,0.0,3.886434179161392,5
2006-08-18,4.123336573935555,3.1255123481409197,4.795707237455772,4.123336573935555,4.123336573935555,-0.2090440177996459,-0.2090440177996459,-0.2090440177996459,-0.2090440177996459,-0.2090440177996459,-0.2090440177996459,0.0,0.0,0.0,3.9142925561359094,5
2006-08-19,4.122187271484552,3.9118295294854106,5.502320449744975,4.122187271484552,4.122187271484552,0.5909395583291055,0.5909395583291055,0.5909395583291055,0.5909395583291055,0.5909395583291055,0.5909395583291055,0.0,0.0,0.0,4.713126829813658,5
2006-08-20,4.121037969033549,3.572755452184622,5.239039412257533,4.121037969033549,4.121037969033549,0.2807692553259833,0.2807692553259833,0.2807692553259833,0.2807692553259833,0.2807692553259833,0.2807692553259833,0.0,0.0,0.0,4.401807224359532,5
2006-08-21,4.119888666535709,3.3662095079694634,5.039867008254358,4.119888666535709,4.119888666535709,0.08532110815290497,0.08532110815290497,0.08532110815290497,0.08532110815290497,0.08532110815290497,0.08532110815290497,0.0,0.0,0.0,4.205209774688614,5
2006-08-22,4.118739364037868,3.141463809707036,4.689604215324257,4.118739364037868,4.118739364037868,-0.1909509158173153,-0.1909509158173153,-0.1909509158173153,-0.1909509158173153,-0.1909509158173153,-0.1909509158173153,0.0,0.0,0.0,3.9277884482205527,5
2006-08-23,4.117573960239732,2.9252692024845635,4.6069470970524975,4.117573960239732,4.117573960239732,-0.3189832909649122,-0.3189832909649122,-0.3189832909649122,-0.3189832909649122,-0.3189832909649122,-0.3189832909649122,0.0,0.0,0.0,3.7985906692748204,5
2006-08-24,4.1164085564415975,3.1014964867333705,4.6655943403182425,4.1164085564415975,4.1164085564415975,-0.23805169722613218,-0.23805169722613218,-0.23805169722613218,-0.23805169722613218,-0.23805169722613218,-0.23805169722613218,0.0,0.0,0.0,3.878356859215465,5
2006-08-25,4.115243112703226,3.044386155352024,4.7790303033838475,4.115243112703226,4.115243112703226,-0.20904401779934106,-0.20904401779934106,-0.20904401779934106,-0.20904401779934106,-0.20904401779934106,-0.20904401779934106,0.0,0.0,0.0,3.9061990949038847,5
2006-08-26,4.114077668964853,3.9042678256960524,5.493989715976722,4.114077668964853,4.114077668964853,0.5909395583292972,0.5909395583292972,0.5909395583292972,0.5909395583292972,0.5909395583292972,0.5909395583292972,0.0,0.0,0.0,4.70501722729415,5
2006-08-27,4.112912225226482,3.492149606639959,5.211895011390143,4.112912225226482,4.112912225226482,0.2807692553258881,0.2807692553258881,0.2807692553258881,0.2807692553258881,0.2807692553258881,0.2807692553258881,0.0,0.0,0.0,4.393681480552369,5
2006-08-28,4.11174678148811,3.3746820389979195,5.001799689636068,4.11174678148811,4.11174678148811,0.08532110815412108,0.08532110815412108,0.08532110815412108,0.08532110815412108,0.08532110815412108,0.08532110815412108,0.0,0.0,0.0,4.197067889642231,5
2006-08-29,4.110581337749737,3.072751836877651,4.74615208624847,4.110581337749737,4.110581337749737,-0.19095091581697032,-0.19095091581697032,-0.19095091581697032,-0.19095091581697032,-0.19095091581697032,-0.19095091581697032,0.0,0.0,0.0,3.919630421932767,5
2006-08-30,4.109415894011366,2.9139142927020294,4.5928485345871195,4.109415894011366,4.109415894011366,-0.31898329096605005,-0.31898329096605005,-0.31898329096605005,-0.31898329096605005,-0.31898329096605005,-0.31898329096605005,0.0,0.0,0.0,3.7904326030453155,5
2006-08-31,4.108250450272993,3.0060540039119226,4.648828181780296,4.108250450272993,4.108250450272993,-0.23805169722592484,-0.23805169722592484,-0.23805169722592484,-0.23805169722592484,-0.23805169722592484,-0.23805169722592484,0.0,0.0,0.0,3.870198753047068,5
2006-09-01,4.107085006534621,3.0637182056566985,4.709079199127216,4.107085006534621,4.107085006534621,-0.2090440177990362,-0.2090440177990362,-0.2090440177990362,-0.2090440177990362,-0.2090440177990362,-0.2090440177990362,0.0,0.0,0.0,3.8980409887355854,5
2006-09-02,4.10591956279625,3.823536713961626,5.516523986256193,4.10591956279625,4.10591956279625,0.5909395583296646,0.5909395583296646,0.5909395583296646,0.5909395583296646,0.5909395583296646,0.5909395583296646,0.0,0.0,0.0,4.6968591211259145,5
2006-09-03,4.104754119057877,3.52174822402807,5.214483566915949,4.104754119057877,4.104754119057877,0.28076925532581276,0.28076925532581276,0.28076925532581276,0.28076925532581276,0.28076925532581276,0.28076925532581276,0.0,0.0,0.0,4.385523374383689,5
2006-09-04,4.103588675319505,3.3428699321856294,5.087024563933984,4.103588675319505,4.103588675319505,0.08532110815363926,0.08532110815363926,0.08532110815363926,0.08532110815363926,0.08532110815363926,0.08532110815363926,0.0,0.0,0.0,4.188909783473145,5
2006-09-05,4.102423231581134,3.0760392872335056,4.7717346899995885,4.102423231581134,4.102423231581134,-0.19095091581675858,-0.19095091581675858,-0.19095091581675858,-0.19095091581675858,-0.19095091581675858,-0.19095091581675858,0.0,0.0,0.0,3.9114723157643754,5
2006-09-06,4.101257787842761,2.976855968750513,4.711611475811336,4.101257567966013,4.10125806716021,-0.31898329096638883,-0.31898329096638883,-0.31898329096638883,-0.31898329096638883,-0.31898329096638883,-0.31898329096638883,0.0,0.0,0.0,3.782274496876372,5
2006-09-07,4.1000923441043895,3.0074608064029196,4.6829374132996175,4.100091455923685,4.100093306563435,-0.2380516972257175,-0.2380516972257175,-0.2380516972257175,-0.2380516972257175,-0.2380516972257175,-0.2380516972257175,0.0,0.0,0.0,3.862040646878672,5
2006-09-08,4.098926900366017,3.0370194583953976,4.767480138398389,4.09892508685289,4.098928826871147,-0.20904401779944662,-0.20904401779944662,-0.20904401779944662,-0.20904401779944662,-0.20904401779944662,-0.20904401779944662,0.0,0.0,0.0,3.88988288256657,5
2006-09-09,4.097761456627645,3.8524548231713642,5.499701094535391,4.0977585444726925,4.097764635753692,0.5909395583292183,0.5909395583292183,0.5909395583292183,0.5909395583292183,0.5909395583292183,0.5909395583292183,0.0,0.0,0.0,4.688701014956863,5
2006-09-10,4.0965960128892736,3.518958635371164,5.199531010303652,4.096591771222558,4.096600499686365,0.28076925532571745,0.28076925532571745,0.28076925532571745,0.28076925532571745,0.28076925532571745,0.28076925532571745,0.0,0.0,0.0,4.377365268214991,5
2006-09-11,4.095430569150901,3.2645287977119324,5.049501206271021,4.095424697702331,4.095436776086787,0.08532110815315744,0.08532110815315744,0.08532110815315744,0.08532110815315744,0.08532110815315744,0.08532110815315744,0.0,0.0,0.0,4.180751677304058,5
2006-09-12,4.094265125412529,3.0461634588922837,4.716134591924443,4.0942577466460985,4.094273032486895,-0.19095091581654675,-0.19095091581654675,-0.19095091581654675,-0.19095091581654675,-0.19095091581654675,-0.19095091581654675,0.0,0.0,0.0,3.9033142095959827,5
2006-07-08,3.899631525320779,3.4331278623989565,5.155501158591557,3.899631525320779,3.899631525320779,0.3953663310222236,0.3953663310222236,0.3953663310222236,0.3953663310222236,0.3953663310222236,0.3953663310222236,0.0,0.0,0.0,4.294997856343003,6
2006-07-09,3.902606694702815,3.1119254201353796,4.9260167013835545,3.902606694702815,3.902606694702815,0.09262257165365338,0.09262257165365338,0.09262257165365338,0.09262257165365338,0.09262257165365338,0.09262257165365338,0.0,0.0,0.0,3.995229266356468,6
2006-07-10,3.90558186408485,3.1608551091174855,4.955202396481996,3.90558186408485,3.90558186408485,0.10018998127174158,0.10018998127174158,0.10018998127174158,0.10018998127174158,0.10018998127174158,0.10018998127174158,0.0,0.0,0.0,4.005771845356592,6
2006-07-11,3.908557033466885,3.116762032221951,4.886160180657737,3.908557033466885,3.908557033466885,0.05796529082028776,0.05796529082028776,0.05796529082028776,0.05796529082028776,0.05796529082028776,0.05796529082028776,0.0,0.0,0.0,3.9665223242871726,6
2006-07-12,3.9115322031759465,2.6608159709710493,4.400718975767831,3.9115322031759465,3.9115322031759465,-0.37675213394331425,-0.37675213394331425,-0.37675213394331425,-0.37675213394331425,-0.37675213394331425,-0.37675213394331425,0.0,0.0,0.0,3.534780069232632,6
2006-07-13,3.9145073728850086,2.965237790516019,4.770663317223333,3.9145073728850086,3.9145073728850086,-0.07473429291199585,-0.07473429291199585,-0.07473429291199585,-0.07473429291199585,-0.07473429291199585,-0.07473429291199585,0.0,0.0,0.0,3.8397730799730128,6
2006-07-14,3.9174825425290996,2.85419351547692,4.55162463301718,3.9174825425290996,3.9174825425290996,-0.19465774791147838,-0.19465774791147838,-0.19465774791147838,-0.19465774791147838,-0.19465774791147838,-0.19465774791147838,0.0,0.0,0.0,3.722824794617621,6
2006-07-15,3.9204577121731905,3.470936464089115,5.163092162940066,3.9204577121731905,3.9204577121731905,0.39536633102208774,0.39536633102208774,0.39536633102208774,0.39536633102208774,0.39536633102208774,0.39536633102208774,0.0,0.0,0.0,4.315824043195279,6
2006-07-16,3.9234328818172823,3.1607691171265544,4.896287648976653,3.9234328818172823,3.9234328818172823,0.09262257165409178,0.09262257165409178,0.09262257165409178,0.09262257165409178,0.09262257165409178,0.09262257165409178,0.0,0.0,0.0,4.016055453471374,6
2006-07-17,3.9264080514824085,3.188560502263505,4.877007237095731,3.9264080514824085,3.9264080514824085,0.10018998127167386,0.10018998127167386,0.10018998127167386,0.10018998127167386,0.10018998127167386,0.10018998127167386,0.0,0.0,0.0,4.026598032754082,6
2006-07-18,3.9293832211475355,3.1963623481067627,4.826462620886501,3.9293832211475355,3.9293832211475355,0.05796529081911846,0.05796529081911846,0.05796529081911846,0.05796529081911846,0.05796529081911846,0.05796529081911846,0.0,0.0,0.0,3.987348511966654,6
2006-07-19,3.932358391269016,2.6810802834774226,4.439606216665125,3.932358391269016,3.932358391269016,-0.3767521339436747,-0.3767521339436747,-0.3767521339436747,-0.3767521339436747,-0.3767521339436747,-0.3767521339436747,0.0,0.0,0.0,3.5556062573253415,6
2006-07-20,3.935333561390497,2.940386934338011,4.639512153113035,3.935333561390497,3.935333561390497,-0.07473429291180257,-0.07473429291180257,-0.07473429291180257,-0.07473429291180257,-0.07473429291180257,-0.07473429291180257,0.0,0.0,0.0,3.8605992684786945,6
2006-07-21,3.938308731511978,2.8714111727459786,4.612609877107907,3.938308731511978,3.938308731511978,-0.19465774791184665,-0.19465774791184665,-0.19465774791184665,-0.19465774791184665,-0.19465774791184665,-0.19465774791184665,0.0,0.0,0.0,3.7436509836001313,6
2006-07-22,3.9412839018749066,3.4483341330831982,5.2223585561546315,3.9412839018749066,3.9412839018749066,0.3953663310217895,0.3953663310217895,0.3953663310217895,0.3953663310217895,0.3953663310217895,0.3953663310217895,0.0,0.0,0.0,4.336650232896696,6
2006-07-23,3.944259072237835,3.2086552671555215,4.897351734231511,3.944259072237835,3.944259072237835,0.09262257165301356,0.09262257165301356,0.09262257165301356,0.09262257165301356,0.09262257165301356,0.09262257165301356,0.0,0.0,0.0,4.036881643890848,6
2006-07-24,3.9472342423442544,3.180234602770689,4.915459483058337,3.9472342423442544,3.9472342423442544,0.10018998127128097,0.10018998127128097,0.10018998127128097,0.10018998127128097,0.10018998127128097,0.10018998127128097,0.0,0.0,0.0,4.047424223615535,6
2006-07-25,3.9502094124506733,3.1848923056698553,4.92995091085286,3.9502094124506733,3.9502094124506733,0.05796529081794928,0.05796529081794928,0.05796529081794928,0.05796529081794928,0.05796529081794928,0.05796529081794928,0.0,0.0,0.0,4.008174703268622,6
2006-07-26,3.9531845825570926,2.689466745902237,4.445853977657744,3.9531845825570926,3.9531845825570926,-0.3767521339440352,-0.3767521339440352,-0.3767521339440352,-0.3767521339440352,-0.3767521339440352,-0.3767521339440352,0.0,0.0,0.0,3.5764324486130574,6
2006-07-27,3.95615975299961,3.0395484035662896,4.705020872787807,3.95615975299961,3.95615975299961,-0.07473429291189108,-0.07473429291189108,-0.07473429291189108,-0.07473429291189108,-0.07473429291189108,-0.07473429291189108,0.0,0.0,0.0,3.881425460087719,6
2006-07-28,3.9591349234421283,2.9076667899900235,4.654331813388781,3.9591349234421283,3.9591349234421283,-0.19465774791154614,-0.19465774791154614,-0.19465774791154614,-0.19465774791154614,-0.19465774791154614,-0.19465774791154614,0.0,0.0,0.0,3.764477175530582,6
2006-07-29,3.9621100939855305,3.473612573832304,5.189999685615018,3.9621100939855305,3.9621100939855305,0.39536633102250945,0.39536633102250945,0.39536633102250945,0.39536633102250945,0.39536633102250945,0.39536633102250945,0.0,0.0,0.0,4.3574764250080396,6
2006-07-30,3.965085264528933,3.285855571370117,4.992353318153206,3.965085264528933,3.965085264528933,0.09262257165322435,0.09262257165322435,0.09262257165322435,0.09262257165322435,0.09262257165322435,0.09262257165322435,0.0,0.0,0.0,4.057707836182158,6
2006-07-31,3.968060435072335,3.1968398936737157,4.984014309680339,3.968060435072335,3.968060435072335,0.10018998127235473,0.10018998127235473,0.10018998127235473,0.10018998127235473,0.10018998127235473,0.10018998127235473,0.0,0.0,0.0,4.068250416344689,6
2006-08-01,3.9710356053866502,3.115345259123305,4.863836793222341,3.9710356053866502,3.9710356053866502,0.05796529081847401,0.05796529081847401,0.05796529081847401,0.05796529081847401,0.05796529081847401,0.05796529081847401,0.0,0.0,0.0,4.029000896205124,6
2006-08-02,3.974010775700965,2.727875663670341,4.430926510615292,3.974010775700965,3.974010775700965,-0.3767521339440131,-0.3767521339440131,-0.3767521339440131,-0.3767521339440131,-0.3767521339440131,-0.3767521339440131,0.0,0.0,0.0,3.597258641756952,6
2006-08-03,3.9769859460152803,3.0545560471413173,4.752582440994358,3.9769859460152803,3.9769859460152803,-0.07473429291197958,-0.07473429291197958,-0.07473429291197958,-0.07473429291197958,-0.07473429291197958,-0.07473429291197958,0.0,0.0,0.0,3.902251653103301,6
2006-08-04,3.979961116279576,2.9141710525667213,4.651177382647975,3.979961116279576,3.979961116279576,-0.19465774791124565,-0.19465774791124565,-0.19465774791124565,-0.19465774791124565,-0.19465774791124565,-0.19465774791124565,0.0,0.0,0.0,3.7853033683683304,6
2006-08-05,3.9829362865438713,3.5085907068822113,5.221401401993674,3.9829362865438713,3.9829362865438713,0.39536633102322954,0.39536633102322954,0.39536633102322954,0.39536633102322954,0.39536633102322954,0.39536633102322954,0.0,0.0,0.0,4.378302617567101,6
2006-08-06,3.985911456882054,3.278373545277431,4.977019281721654,3.985911456882054,3.985911456882054,0.09262257165343506,0.09262257165343506,0.09262257165343506,0.09262257165343506,0.09262257165343506,0.09262257165343506,0.0,0.0,0.0,4.078534028535489,6
2006-08-07,3.9888866272202375,3.213539584163166,4.959337442444488,3.9888866272202375,3.9888866272202375,0.10018998127212445,0.10018998127212445,0.10018998127212445,0.10018998127212445,0.10018998127212445,0.10018998127212445,0.0,0.0,0.0,4.089076608492362,6
2006-08-08,3.9918617975584203,3.2527077440286547,4.921867823467569,3.9918617975584203,3.9918617975584203,0.05796529081865875,0.05796529081865875,0.05796529081865875,0.05796529081865875,0.05796529081865875,0.05796529081865875,0.0,0.0,0.0,4.049827088377079,6
2006-08-09,3.9948369680953615,2.7058907636208014,4.494495476058064,3.9948369680953615,3.9948369680953615,-0.3767521339434004,-0.3767521339434004,-0.3767521339434004,-0.3767521339434004,-0.3767521339434004,-0.3767521339434004,0.0,0.0,0.0,3.618084834151961,6
2006-08-10,3.997812138632303,3.023773710693176,4.810506991752422,3.997812138632303,3.997812138632303,-0.07473429291178635,-0.07473429291178635,-0.07473429291178635,-0.07473429291178635,-0.07473429291178635,-0.07473429291178635,0.0,0.0,0.0,3.923077845720517,6
2006-08-11,4.000787308685926,2.9744257389139053,4.65407695829888,4.000787308685926,4.000787308685926,-0.19465774791119847,-0.19465774791119847,-0.19465774791119847,-0.19465774791119847,-0.19465774791119847,-0.19465774791119847,0.0,0.0,0.0,3.806129560774727,6
2006-08-12,4.003762478739549,3.5342085564196344,5.296794375780712,4.003762478739549,4.003762478739549,0.3953663310229313,0.3953663310229313,0.3953663310229313,0.3953663310229313,0.3953663310229313,0.3953663310229313,0.0,0.0,0.0,4.39912880976248,6
2006-08-13,4.006737648793171,3.2315694388463045,5.004748404172118,4.006737648793171,4.006737648793171,0.09262257165410112,0.09262257165410112,0.09262257165410112,0.09262257165410112,0.09262257165410112,0.09262257165410112,0.0,0.0,0.0,4.099360220447273,6
2006-08-14,4.009712819051768,3.2489933023000273,4.973072155222855,4.009712819051768,4.009712819051768,0.10018998127173147,0.10018998127173147,0.10018998127173147,0.10018998127173147,0.10018998127173147,0.10018998127173147,0.0,0.0,0.0,4.1099028003235,6
2006-08-15,4.012687989310365,3.2119972505369607,5.014181384598661,4.012687989310365,4.012687989310365,0.05796529081884355,0.05796529081884355,0.05796529081884355,0.05796529081884355,0.05796529081884355,0.05796529081884355,0.0,0.0,0.0,4.070653280129209,6
2006-08-16,4.015663159855162,2.7630792284265735,4.549462679567232,4.015663159855162,4.015663159855162,-0.3767521339427877,-0.3767521339427877,-0.3767521339427877,-0.3767521339427877,-0.3767521339427877,-0.3767521339427877,0.0,0.0,0.0,3.6389110259123743,6
2006-08-17,4.01863833039996,3.0963255259390516,4.842543350468292,4.01863833039996,4.01863833039996,-0.07473429291227433,-0.07473429291227433,-0.07473429291227433,-0.07473429291227433,-0.07473429291227433,-0.07473429291227433,0.0,0.0,0.0,3.9439040374876857,6
2006-08-18,4.021613500944758,2.985218323334021,4.684272981278363,4.021613500944758,4.021613500944758,-0.19465774791156665,-0.19465774791156665,-0.19465774791156665,-0.19465774791156665,-0.19465774791156665,-0.19465774791156665,0.0,0.0,0.0,3.8269557530331912,6
2006-08-19,4.024588671292404,3.545575315353408,5.229281220160387,4.024588671292404,4.024588671292404,0.39536633102279545,0.39536633102279545,0.39536633102279545,0.39536633102279545,0.39536633102279545,0.39536633102279545,0.0,0.0,0.0,4.419955002315199,6
2006-08-20,4.027563841640052,3.2476051951353595,5.011484408719658,4.027563841640052,4.027563841640052,0.09262257165431186,0.09262257165431186,0.09262257165431186,0.09262257165431186,0.09262257165431186,0.09262257165431186,0.0,0.0,0.0,4.1201864132943635,6
2006-08-21,4.030539011987699,3.220902962746539,5.007918033624335,4.030539011987699,4.030539011987699,0.10018998127133856,0.10018998127133856,0.10018998127133856,0.10018998127133856,0.10018998127133856,0.10018998127133856,0.0,0.0,0.0,4.130728993259037,6
2006-08-22,4.033514182559811,3.1749091407135124,4.924738286933024,4.033514182559811,4.033514182559811,0.05796529081767426,0.05796529081767426,0.05796529081767426,0.05796529081767426,0.05796529081767426,0.05796529081767426,0.0,0.0,0.0,4.091479473377485,6
2006-08-23,4.036489353131924,2.820100076437205,4.482566697912573,4.036489353131924,4.036489353131924,-0.37675213394276563,-0.37675213394276563,-0.37675213394276563,-0.37675213394276563,-0.37675213394276563,-0.37675213394276563,0.0,0.0,0.0,3.6597372191891586,6
2006-08-24,4.039464523317801,3.075214631022709,4.844427249498078,4.039464523317801,4.039464523317801,-0.07473429291208107,-0.07473429291208107,-0.07473429291208107,-0.07473429291208107,-0.07473429291208107,-0.07473429291208107,0.0,0.0,0.0,3.96473023040572,6
2006-08-25,4.042439693503678,3.038119043881573,4.693371908987668,4.042439693503678,4.042439693503678,-0.19465774791126614,-0.19465774791126614,-0.19465774791126614,-0.19465774791126614,-0.19465774791126614,-0.19465774791126614,0.0,0.0,0.0,3.8477819455924123,6
2006-08-26,4.045414863689555,3.5819223999620062,5.313989885102983,4.045414863689555,4.045414863689555,0.3953663310226595,0.3953663310226595,0.3953663310226595,0.3953663310226595,0.3953663310226595,0.3953663310226595,0.0,0.0,0.0,4.440781194712214,6
2006-08-27,4.048390034091728,3.2568113181086664,4.98341807653389,4.048390034091728,4.048390034091728,0.09262257165452258,0.09262257165452258,0.09262257165452258,0.09262257165452258,0.09262257165452258,0.09262257165452258,0.0,0.0,0.0,4.14101260574625,6
2006-08-28,4.0513652044939015,3.302420746071068,4.984693139709763,4.0513652044939015,4.0513652044939015,0.10018998127257497,0.10018998127257497,0.10018998127257497,0.10018998127257497,0.10018998127257497,0.10018998127257497,0.0,0.0,0.0,4.151555185766476,6
2006-08-29,4.054340374314411,3.277084561786931,5.013876770247924,4.054340374314411,4.054340374314411,0.05796529081819903,0.05796529081819903,0.05796529081819903,0.05796529081819903,0.05796529081819903,0.05796529081819903,0.0,0.0,0.0,4.11230566513261,6
2006-08-30,4.057315544134919,2.883860100948205,4.576306510216926,4.057315544134919,4.057315544134919,-0.3767521339437166,-0.3767521339437166,-0.3767521339437166,-0.3767521339437166,-0.3767521339437166,-0.3767521339437166,0.0,0.0,0.0,3.6805634101912026,6
2006-08-31,4.060290713955429,3.10773963774466,4.851870869930234,4.060290713955429,4.060290713955429,-0.07473429291188778,-0.07473429291188778,-0.07473429291188778,-0.07473429291188778,-0.07473429291188778,-0.07473429291188778,0.0,0.0,0.0,3.9855564210435412,6
2006-09-01,4.063265883558285,2.984974416373445,4.74428193799788,4.063265883558285,4.063265883558285,-0.19465774791096563,-0.19465774791096563,-0.19465774791096563,-0.19465774791096563,-0.19465774791096563,-0.19465774791096563,0.0,0.0,0.0,3.868608135647319,6
2006-09-02,4.06624105316114,3.6070167921442375,5.3486576262873315,4.06624105316114,4.06624105316114,0.3953663310233795,0.3953663310233795,0.3953663310233795,0.3953663310233795,0.3953663310233795,0.3953663310233795,0.0,0.0,0.0,4.46160738418452,6
2006-09-03,4.0692162224660064,3.3835777671107192,4.976163930640468,4.0692162224660064,4.0692162224660064,0.09262257165367202,0.09262257165367202,0.09262257165367202,0.09262257165367202,0.09262257165367202,0.09262257165367202,0.0,0.0,0.0,4.161838794119679,6
2006-09-04,4.072191391770873,3.3563428340489043,5.046976584538288,4.072191391770873,4.072191391770873,0.10018998127218202,0.10018998127218202,0.10018998127218202,0.10018998127218202,0.10018998127218202,0.10018998127218202,0.0,0.0,0.0,4.172381373043055,6
2006-09-05,4.075166561075739,3.3147346751934195,5.019167474434768,4.075166561075739,4.075166561075739,0.0579652908183838,0.0579652908183838,0.0579652908183838,0.0579652908183838,0.0579652908183838,0.0579652908183838,0.0,0.0,0.0,4.133131851894123,6
2006-09-06,4.078141730683069,2.8610701003088934,4.596591983846906,4.078141730683069,4.078141730683069,-0.37675213394407703,-0.37675213394407703,-0.37675213394407703,-0.37675213394407703,-0.37675213394407703,-0.37675213394407703,0.0,0.0,0.0,3.7013895967389923,6
2006-09-07,4.081116900290399,3.144709071855182,4.898798014156983,4.081116900290399,4.081116900290399,-0.07473429291169456,-0.07473429291169456,-0.07473429291169456,-0.07473429291169456,-0.07473429291169456,-0.07473429291169456,0.0,0.0,0.0,4.006382607378705,6
2006-09-08,4.084092069468599,3.0196459040365435,4.755034432693192,4.084092069468599,4.084092069468599,-0.19465774791158713,-0.19465774791158713,-0.19465774791158713,-0.19465774791158713,-0.19465774791158713,-0.19465774791158713,0.0,0.0,0.0,3.8894343215570117,6
2006-09-09,4.0870672386467986,3.7199201257928673,5.350568083932784,4.0870672386467986,4.0870672386467986,0.39536633102308133,0.39536633102308133,0.39536633102308133,0.39536633102308133,0.39536633102308133,0.39536633102308133,0.0,0.0,0.0,4.48243356966988,6
2006-09-10,4.090042407824998,3.2890281341923457,5.011037423888329,4.090042407824998,4.090042407824998,0.0926225716538828,0.0926225716538828,0.0926225716538828,0.0926225716538828,0.0926225716538828,0.0926225716538828,0.0,0.0,0.0,4.182664979478881,6
2006-09-11,4.093017577261455,3.2979261474316925,5.068162404573415,4.093017577261455,4.093017577261455,0.10018998127178906,0.10018998127178906,0.10018998127178906,0.10018998127178906,0.10018998127178906,0.10018998127178906,0.0,0.0,0.0,4.193207558533245,6
2006-09-12,4.095992746697914,3.2606046899897936,4.995651452225497,4.095992746697914,4.095992746697914,0.05796529081856855,0.05796529081856855,0.05796529081856855,0.05796529081856855,0.05796529081856855,0.05796529081856855,0.0,0.0,0.0,4.153958037516483,6
2006-09-13,4.098967916134372,2.8621827039158263,4.600420168502262,4.098967916134372,4.098967916134372,-0.37675213394308177,-0.37675213394308177,-0.37675213394308177,-0.37675213394308177,-0.37675213394308177,-0.37675213394308177,0.0,0.0,0.0,3.7222157821912902,6
2006-09-14,4.10194308557083,3.1696217512972122,4.898809657291164,4.10194308557083,4.10194308557083,-0.07473429291218255,-0.07473429291218255,-0.07473429291218255,-0.07473429291218255,-0.07473429291218255,-0.07473429291218255,0.0,0.0,0.0,4.027208792658647,6
2006-09-15,4.104918255007288,3.065834707010891,4.755720690233456,4.104918255007288,4.104918255007288,-0.19465774791128662,-0.19465774791128662,-0.19465774791128662,-0.19465774791128662,-0.19465774791128662,-0.19465774791128662,0.0,0.0,0.0,3.9102605070960013,6
2006-09-16,4.107893424443746,3.622694147079731,5.3319865252075305,4.107893424443746,4.107893424443746,0.3953663310219272,0.3953663310219272,0.3953663310219272,0.3953663310219272,0.3953663310219272,0.3953663310219272,0.0,0.0,0.0,4.503259755465673,6
2006-09-17,4.1108685938802045,3.285401232371316,5.019762233682595,4.1108685938802045,4.1108685938802045,0.09262257165409353,0.09262257165409353,0.09262257165409353,0.09262257165409353,0.09262257165409353,0.09262257165409353,0.0,0.0,0.0,4.203491165534298,6
2006-09-18,4.1138437633166625,3.3425649437170706,5.023969237725711,4.1138437633166625,4.1138437633166625,0.10018998127139614,0.10018998127139614,0.10018998127139614,0.10018998127139614,0.10018998127139614,0.10018998127139614,0.0,0.0,0.0,4.2140337445880585,6
2006-09-19,4.1168189327531195,3.2762505280763388,4.98093877453973,4.1168189327531195,4.1168189327531195,0.057965290817739316,0.057965290817739316,0.057965290817739316,0.057965290817739316,0.057965290817739316,0.057965290817739316,0.0,0.0,0.0,4.1747842235708585,6
2006-09-20,4.119794102189578,2.8919774530620304,4.5951209637907935,4.119794102189578,4.119794102189578,-0.3767521339434423,-0.3767521339434423,-0.3767521339434423,-0.3767521339434423,-0.3767521339434423,-0.3767521339434423,0.0,0.0,0.0,3.743041968246136,6
2006-09-21,4.122769271626036,3.181990080886825,4.925619722768973,4.122769271626036,4.122769271626036,-0.07473429291198926,-0.07473429291198926,-0.07473429291198926,-0.07473429291198926,-0.07473429291198926,-0.07473429291198926,0.0,0.0,0.0,4.048034978714047,6
2006-09-22,4.125744441062494,3.063471892602343,4.827947417144367,4.125744441062494,4.125744441062494,-0.1946577479109861,-0.1946577479109861,-0.1946577479109861,-0.1946577479109861,-0.1946577479109861,-0.1946577479109861,0.0,0.0,0.0,3.9310866931515083,6
2006-09-23,4.128719610498953,3.620476466365524,5.425200344963953,4.128719610498953,4.128719610498953,0.39536633102179136,0.39536633102179136,0.39536633102179136,0.39536633102179136,0.39536633102179136,0.39536633102179136,0.0,0.0,0.0,4.524085941520744,6
2006-09-24,4.13169477993541,3.3611308810826097,5.091596912626598,4.13169477993541,4.13169477993541,0.09262257165324297,0.09262257165324297,0.09262257165324297,0.09262257165324297,0.09262257165324297,0.09262257165324297,0.0,0.0,0.0,4.224317351588653,6
2006-09-25,4.134669949371868,3.3645112588347192,5.140477867410935,4.134669949371868,4.134669949371868,0.10018998127263255,0.10018998127263255,0.10018998127263255,0.10018998127263255,0.10018998127263255,0.10018998127263255,0.0,0.0,0.0,4.2348599306445,6
2006-09-26,4.137645118808327,3.2875695940517686,5.017426448382109,4.137645118808327,4.137645118808327,0.05796529081961803,0.05796529081961803,0.05796529081961803,0.05796529081961803,0.05796529081961803,0.05796529081961803,0.0,0.0,0.0,4.195610409627945,6
2006-09-27,4.140620288244785,2.8817407602227543,4.627829531556418,4.140620288244785,4.140620288244785,-0.3767521339438027,-0.3767521339438027,-0.3767521339438027,-0.3767521339438027,-0.3767521339438027,-0.3767521339438027,0.0,0.0,0.0,3.763868154300982,6
2006-09-28,4.143595457681243,3.141315559752353,4.86442639275493,4.143595457532304,4.143595457885813,-0.07473429291179604,-0.07473429291179604,-0.07473429291179604,-0.07473429291179604,-0.07473429291179604,-0.07473429291179604,0.0,0.0,0.0,4.068861164769446,6
2006-09-29,4.1465706271177005,3.1560425032021393,4.872659106817063,4.146570626204393,4.14657062806831,-0.19465774791068566,-0.19465774791068566,-0.19465774791068566,-0.19465774791068566,-0.19465774791068566,-0.19465774791068566,0.0,0.0,0.0,3.951912879207015,6
2006-09-30,4.1495457965541584,3.663749757016222,5.441570661536425,4.149545794363783,4.149545799010848,0.39536633102234897,0.39536633102234897,0.39536633102234897,0.39536633102234897,0.39536633102234897,0.39536633102234897,0.0,0.0,0.0,4.544912127576508,6
2006-10-01,4.152520965990617,3.404250038636595,5.167203739927089,4.152520962367357,4.1525209696828895,0.0926225716534537,0.0926225716534537,0.0926225716534537,0.0926225716534537,0.0926225716534537,0.0926225716534537,0.0,0.0,0.0,4.245143537644071,6
2006-10-02,4.155496135427074,3.3563227260474155,5.098000800407724,4.155496129877128,4.155496141107219,0.10018998127223962,0.10018998127223962,0.10018998127223962,0.10018998127223962,0.10018998127223962,0.10018998127223962,0.0,0.0,0.0,4.255686116699314,6
2006-10-03,4.158471304863532,3.3229188301997423,5.065200121573659,4.158471297545484,4.158471312388778,0.057965290819802805,0.057965290819802805,0.057965290819802805,0.057965290819802805,0.057965290819802805,0.057965290819802805,0.0,0.0,0.0,4.216436595683335,6
2006-10-04,4.161446474299991,2.96098380580784,4.645988470673352,4.161446465173195,4.161446483880536,-0.3767521339441631,-0.3767521339441631,-0.3767521339441631,-0.3767521339441631,-0.3767521339441631,-0.3767521339441631,0.0,0.0,0.0,3.784694340355828,6
2006-07-08,5.561532083382221,4.287842252225024,6.1548818984699585,5.561532083382221,5.561532083382221,-0.3804418417434929,-0.3804418417434929,-0.3804418417434929,-0.3804418417434929,-0.3804418417434929,-0.3804418417434929,0.0,0.0,0.0,5.181090241638728,7
2006-07-09,5.56493981703619,4.271117015994757,6.1007721614789014,5.56493981703619,5.56493981703619,-0.35747040396019863,-0.35747040396019863,-0.35747040396019863,-0.35747040396019863,-0.35747040396019863,-0.35747040396019863,0.0,0.0,0.0,5.207469413075991,7
2006-07-10,5.56834755069016,4.569869712212786,6.43915686380462,5.56834755069016,5.56834755069016,-0.09969365960312371,-0.09969365960312371,-0.09969365960312371,-0.09969365960312371,-0.09969365960312371,-0.09969365960312371,0.0,0.0,0.0,5.468653891087037,7
2006-07-11,5.57175528434413,4.727356963839003,6.55856628821715,5.57175528434413,5.57175528434413,0.10575246596642295,0.10575246596642295,0.10575246596642295,0.10575246596642295,0.10575246596642295,0.10575246596642295,0.0,0.0,0.0,5.677507750310553,7
2006-07-12,5.57516301779099,5.000759798977849,6.852193968481312,5.57516301779099,5.57516301779099,0.3662119295392505,0.3662119295392505,0.3662119295392505,0.3662119295392505,0.3662119295392505,0.3662119295392505,0.0,0.0,0.0,5.941374947330241,7
2006-07-13,5.578570751237851,4.896072667321473,6.707204727372362,5.578570751237851,5.578570751237851,0.26493085576226794,0.26493085576226794,0.26493085576226794,0.26493085576226794,0.26493085576226794,0.26493085576226794,0.0,0.0,0.0,5.8435016070001184,7
2006-07-14,5.581978484395284,4.653529743536256,6.520480334308451,5.581978484395284,5.581978484395284,0.10071065403908487,0.10071065403908487,0.10071065403908487,0.10071065403908487,0.10071065403908487,0.10071065403908487,0.0,0.0,0.0,5.682689138434369,7
2006-07-15,5.585386217552719,4.3216449371828825,6.171467734457072,5.585386217552719,5.585386217552719,-0.38044184174360157,-0.38044184174360157,-0.38044184174360157,-0.38044184174360157,-0.38044184174360157,-0.38044184174360157,0.0,0.0,0.0,5.204944375809117,7
2006-07-16,5.588793950710153,4.313708281307402,6.216890815644945,5.588793950710153,5.588793950710153,-0.3574704039605173,-0.3574704039605173,-0.3574704039605173,-0.3574704039605173,-0.3574704039605173,-0.3574704039605173,0.0,0.0,0.0,5.2313235467496355,7
2006-07-17,5.5922016838619655,4.583378150044766,6.469232914608037,5.5922016838619655,5.5922016838619655,-0.09969365960400496,-0.09969365960400496,-0.09969365960400496,-0.09969365960400496,-0.09969365960400496,-0.09969365960400496,0.0,0.0,0.0,5.492508024257961,7
2006-07-18,5.595609417013777,4.70860345813048,6.629594560800268,5.595609417013777,5.595609417013777,0.10575246596686953,0.10575246596686953,0.10575246596686953,0.10575246596686953,0.10575246596686953,0.10575246596686953,0.0,0.0,0.0,5.701361882980646,7
2006-07-19,5.599017150165588,5.085068327240229,6.909632491133655,5.599017150165588,5.599017150165588,0.3662119295393936,0.3662119295393936,0.3662119295393936,0.3662119295393936,0.3662119295393936,0.3662119295393936,0.0,0.0,0.0,5.965229079704982,7
2006-07-20,5.602424882953052,4.974527671987761,6.767579606556695,5.602424882953052,5.602424882953052,0.26493085576216974,0.26493085576216974,0.26493085576216974,0.26493085576216974,0.26493085576216974,0.26493085576216974,0.0,0.0,0.0,5.867355738715222,7
2006-07-21,5.605832615740518,4.799959427980783,6.581280196252145,5.605832615740518,5.605832615740518,0.10071065403957678,0.10071065403957678,0.10071065403957678,0.10071065403957678,0.10071065403957678,0.10071065403957678,0.0,0.0,0.0,5.706543269780094,7
2006-07-22,5.609240349026684,4.341491838401154,6.083087000579568,5.609240349026684,5.609240349026684,-0.3804418417431924,-0.3804418417431924,-0.3804418417431924,-0.3804418417431924,-0.3804418417431924,-0.3804418417431924,0.0,0.0,0.0,5.228798507283491,7
2006-07-23,5.61264808231285,4.376798802051382,6.156651145063584,5.61264808231285,5.61264808231285,-0.3574704039600462,-0.3574704039600462,-0.3574704039600462,-0.3574704039600462,-0.3574704039600462,-0.3574704039600462,0.0,0.0,0.0,5.255177678352804,7
2006-07-24,5.616055815599016,4.587562172161609,6.442462046086608,5.616055815599016,5.616055815599016,-0.09969365960368073,-0.09969365960368073,-0.09969365960368073,-0.09969365960368073,-0.09969365960368073,-0.09969365960368073,0.0,0.0,0.0,5.516362155995336,7
2006-07-25,5.61946534893477,4.817532017559822,6.698902085829438,5.61946534893477,5.61946534893477,0.10575246596731618,0.10575246596731618,0.10575246596731618,0.10575246596731618,0.10575246596731618,0.10575246596731618,0.0,0.0,0.0,5.725217814902086,7
2006-07-26,5.622874882270523,5.050263354784217,6.859642110933803,5.622874882270523,5.622874882270523,0.36621192953953674,0.36621192953953674,0.36621192953953674,0.36621192953953674,0.36621192953953674,0.36621192953953674,0.0,0.0,0.0,5.9890868118100595,7
2006-07-27,5.626284415606277,4.9389606160403225,6.816757795140583,5.626284415606277,5.626284415606277,0.2649308557623242,0.2649308557623242,0.2649308557623242,0.2649308557623242,0.2649308557623242,0.2649308557623242,0.0,0.0,0.0,5.891215271368601,7
2006-07-28,5.6296939493097335,4.7540352378049695,6.6341111961716,5.6296939493097335,5.6296939493097335,0.10071065403923277,0.10071065403923277,0.10071065403923277,0.10071065403923277,0.10071065403923277,0.10071065403923277,0.0,0.0,0.0,5.730404603348966,7
2006-07-29,5.633103483013191,4.313308270029087,6.176179404853948,5.633103483013191,5.633103483013191,-0.3804418417436497,-0.3804418417436497,-0.3804418417436497,-0.3804418417436497,-0.3804418417436497,-0.3804418417436497,0.0,0.0,0.0,5.252661641269542,7
2006-07-30,5.6365259847269344,4.326035800274842,6.1756225439111265,5.6365259847269344,5.6365259847269344,-0.35747040396002544,-0.35747040396002544,-0.35747040396002544,-0.35747040396002544,-0.35747040396002544,-0.35747040396002544,0.0,0.0,0.0,5.279055580766909,7
2006-07-31,5.639948486440679,4.627455821974346,6.487544966952583,5.639948486440679,5.639948486440679,-0.09969365960381932,-0.09969365960381932,-0.09969365960381932,-0.09969365960381932,-0.09969365960381932,-0.09969365960381932,0.0,0.0,0.0,5.54025482683686,7
2006-08-01,5.643370988154422,4.799027715512798,6.715699344423237,5.643370988154422,5.643370988154422,0.10575246596696543,0.10575246596696543,0.10575246596696543,0.10575246596696543,0.10575246596696543,0.10575246596696543,0.0,0.0,0.0,5.749123454121388,7
2006-08-02,5.646824131660236,5.139871661110622,6.932655024636912,5.646824131660236,5.646824131660236,0.36621192953942916,0.36621192953942916,0.36621192953942916,0.36621192953942916,0.36621192953942916,0.36621192953942916,0.0,0.0,0.0,6.013036061199665,7
2006-08-03,5.650277275166049,4.942685879892948,6.834923479749079,5.650277275166049,5.650277275166049,0.26493085576247866,0.26493085576247866,0.26493085576247866,0.26493085576247866,0.26493085576247866,0.26493085576247866,0.0,0.0,0.0,5.915208130928527,7
2006-08-04,5.653730418671864,4.860695052256173,6.761574992889976,5.653730418671864,5.653730418671864,0.1007106540388888,0.1007106540388888,0.1007106540388888,0.1007106540388888,0.1007106540388888,0.1007106540388888,0.0,0.0,0.0,5.754441072710753,7
2006-08-05,5.657201128351662,4.36032605089298,6.196368225242639,5.657201128351662,5.657201128351662,-0.380441841744107,-0.380441841744107,-0.380441841744107,-0.380441841744107,-0.380441841744107,-0.380441841744107,0.0,0.0,0.0,5.276759286607556,7
2006-08-06,5.660671838031463,4.369895777285953,6.21420206008851,5.660671838031463,5.660671838031463,-0.35747040396000473,-0.35747040396000473,-0.35747040396000473,-0.35747040396000473,-0.35747040396000473,-0.35747040396000473,0.0,0.0,0.0,5.3032014340714575,7
2006-08-07,5.664144803165834,4.563601771053477,6.524931978166406,5.664144803165834,5.664144803165834,-0.09969365960409789,-0.09969365960409789,-0.09969365960409789,-0.09969365960409789,-0.09969365960409789,-0.09969365960409789,0.0,0.0,0.0,5.564451143561736,7
2006-08-08,5.667617768300206,4.878200793767787,6.690607467650162,5.667617768300206,5.667617768300206,0.10575246596702825,0.10575246596702825,0.10575246596702825,0.10575246596702825,0.10575246596702825,0.10575246596702825,0.0,0.0,0.0,5.773370234267234,7
2006-08-09,5.6710907334345775,5.1144568371974914,6.99196136270542,5.6710907334345775,5.6710907334345775,0.36621192953934356,0.36621192953934356,0.36621192953934356,0.36621192953934356,0.36621192953934356,0.36621192953934356,0.0,0.0,0.0,6.0373026629739215,7
2006-08-10,5.6745703400650696,5.0477266950826625,6.836160317129159,5.6745703400650696,5.6745703400650696,0.2649308557623805,0.2649308557623805,0.2649308557623805,0.2649308557623805,0.2649308557623805,0.2649308557623805,0.0,0.0,0.0,5.93950119582745,7
2006-08-11,5.6780499466955625,4.8498936201168465,6.629272771534364,5.6780499466955625,5.6780499466955625,0.1007106540387225,0.1007106540387225,0.1007106540387225,0.1007106540387225,0.1007106540387225,0.1007106540387225,0.0,0.0,0.0,5.778760600734285,7
2006-08-12,5.6815295533260555,4.3597346876085625,6.287701726651336,5.6815295533260555,5.6815295533260555,-0.3804418417436978,-0.3804418417436978,-0.3804418417436978,-0.3804418417436978,-0.3804418417436978,-0.3804418417436978,0.0,0.0,0.0,5.301087711582357,7
2006-08-13,5.685009160874847,4.392093021918425,6.2884652754443024,5.685009160874847,5.685009160874847,-0.35747040396066276,-0.35747040396066276,-0.35747040396066276,-0.35747040396066276,-0.35747040396066276,-0.35747040396066276,0.0,0.0,0.0,5.327538756914184,7
2006-08-14,5.688488768423637,4.703846459697459,6.568376678022706,5.688488768423637,5.688488768423637,-0.09969365960377355,-0.09969365960377355,-0.09969365960377355,-0.09969365960377355,-0.09969365960377355,-0.09969365960377355,0.0,0.0,0.0,5.5887951088198635,7
2006-08-15,5.6919683759724276,4.848955693583178,6.689024964251709,5.6919683759724276,5.6919683759724276,0.10575246596709109,0.10575246596709109,0.10575246596709109,0.10575246596709109,0.10575246596709109,0.10575246596709109,0.0,0.0,0.0,5.797720841939519,7
2006-08-16,5.695465109600831,5.0918248489331805,6.995866712880802,5.695465109600831,5.695465109600831,0.3662119295392579,0.3662119295392579,0.3662119295392579,0.3662119295392579,0.3662119295392579,0.3662119295392579,0.0,0.0,0.0,6.061677039140089,7
2006-08-17,5.698961843229235,4.972556788658951,6.855858218190776,5.698961843229235,5.698961843229235,0.2649308557625632,0.2649308557625632,0.2649308557625632,0.2649308557625632,0.2649308557625632,0.2649308557625632,0.0,0.0,0.0,5.963892698991798,7
2006-08-18,5.702463158404218,4.883317961373502,6.642682890018733,5.702463158404218,5.702463158404218,0.10071065403921438,0.10071065403921438,0.10071065403921438,0.10071065403921438,0.10071065403921438,0.10071065403921438,0.0,0.0,0.0,5.803173812443432,7
2006-08-19,5.7059644735792,4.371671691120933,6.285319944069586,5.7059644735792,5.7059644735792,-0.38044184174380646,-0.38044184174380646,-0.38044184174380646,-0.38044184174380646,-0.38044184174380646,-0.38044184174380646,0.0,0.0,0.0,5.325522631835393,7
2006-08-20,5.709465788754183,4.383808624567805,6.239672834627858,5.709465788754183,5.709465788754183,-0.35747040396064206,-0.35747040396064206,-0.35747040396064206,-0.35747040396064206,-0.35747040396064206,-0.35747040396064206,0.0,0.0,0.0,5.351995384793541,7
2006-08-21,5.712982807702681,4.620545449693999,6.51432359551505,5.712982807702681,5.712982807702681,-0.09969365960344925,-0.09969365960344925,-0.09969365960344925,-0.09969365960344925,-0.09969365960344925,-0.09969365960344925,0.0,0.0,0.0,5.6132891480992315,7
2006-08-22,5.71649982665118,4.868887632975753,6.757536228579962,5.71649982665118,5.71649982665118,0.1057524659675377,0.1057524659675377,0.1057524659675377,0.1057524659675377,0.1057524659675377,0.1057524659675377,0.0,0.0,0.0,5.8222522926187175,7
2006-08-23,5.720016845599678,5.188845714935168,7.04272406331412,5.720016845599678,5.720016845599678,0.36621192953915044,0.36621192953915044,0.36621192953915044,0.36621192953915044,0.36621192953915044,0.36621192953915044,0.0,0.0,0.0,6.086228775138828,7
2006-08-24,5.723533865148504,5.100344193927839,6.842597173631604,5.723533865148504,5.723533865148504,0.26493085576246506,0.26493085576246506,0.26493085576246506,0.26493085576246506,0.26493085576246506,0.26493085576246506,0.0,0.0,0.0,5.988464720910969,7
2006-08-25,5.727050884697331,4.8592617912207565,6.755536050537366,5.727050884697331,5.727050884697331,0.10071065403887035,0.10071065403887035,0.10071065403887035,0.10071065403887035,0.10071065403887035,0.10071065403887035,0.0,0.0,0.0,5.827761538736201,7
2006-08-26,5.730567904148745,4.367202050712532,6.359305497883932,5.730567904148745,5.730567904148745,-0.38044184174391527,-0.38044184174391527,-0.38044184174391527,-0.38044184174391527,-0.38044184174391527,-0.38044184174391527,0.0,0.0,0.0,5.350126062404829,7
2006-08-27,5.734084923600159,4.463001402154861,6.280885129046685,5.734084923600159,5.734084923600159,-0.3574704039606213,-0.3574704039606213,-0.3574704039606213,-0.3574704039606213,-0.3574704039606213,-0.3574704039606213,0.0,0.0,0.0,5.376614519639538,7
2006-08-28,5.7376019430515734,4.642816853732612,6.4736308695482645,5.7376019430515734,5.7376019430515734,-0.09969365960419074,-0.09969365960419074,-0.09969365960419074,-0.09969365960419074,-0.09969365960419074,-0.09969365960419074,0.0,0.0,0.0,5.637908283447382,7
2006-08-29,5.741118962121379,4.901669024161261,6.779503299830443,5.741118962121379,5.741118962121379,0.10575246596718699,0.10575246596718699,0.10575246596718699,0.10575246596718699,0.10575246596718699,0.10575246596718699,0.0,0.0,0.0,5.8468714280885665,7
2006-08-30,5.744635981191184,5.134366780183024,7.079374502784219,5.744635981191184,5.744635981191184,0.36621192953927145,0.36621192953927145,0.36621192953927145,0.36621192953927145,0.36621192953927145,0.36621192953927145,0.0,0.0,0.0,6.110847910730455,7
2006-08-31,5.748153000260991,5.0478969052263025,6.93081159672045,5.748153000260991,5.748153000260991,0.2649308557623668,0.2649308557623668,0.2649308557623668,0.2649308557623668,0.2649308557623668,0.2649308557623668,0.0,0.0,0.0,6.013083856023357,7
2006-09-01,5.751670018904592,4.99282243887861,6.708874925468485,5.751670018904592,5.751670018904592,0.10071065403852635,0.10071065403852635,0.10071065403852635,0.10071065403852635,0.10071065403852635,0.10071065403852635,0.0,0.0,0.0,5.852380672943119,7
2006-09-02,5.755187037548195,4.434576929625203,6.314388013263501,5.755187037548195,5.755187037548195,-0.38044184174437257,-0.38044184174437257,-0.38044184174437257,-0.38044184174437257,-0.38044184174437257,-0.38044184174437257,0.0,0.0,0.0,5.374745195803823,7
2006-09-03,5.758704056210016,4.412905952322472,6.370584704579873,5.758704056210016,5.758704056210016,-0.3574704039604896,-0.3574704039604896,-0.3574704039604896,-0.3574704039604896,-0.3574704039604896,-0.3574704039604896,0.0,0.0,0.0,5.401233652249527,7
2006-09-04,5.762221074871838,4.7824761682078485,6.5450171229521565,5.762221074871838,5.762221074871838,-0.09969365960386639,-0.09969365960386639,-0.09969365960386639,-0.09969365960386639,-0.09969365960386639,-0.09969365960386639,0.0,0.0,0.0,5.662527415267972,7
2006-09-05,5.765738093533659,4.921961510256306,6.736483286711273,5.765738093533659,5.765738093533659,0.10575246596724976,0.10575246596724976,0.10575246596724976,0.10575246596724976,0.10575246596724976,0.10575246596724976,0.0,0.0,0.0,5.871490559500908,7
2006-09-06,5.769255112225858,5.145884906264023,7.080367377731157,5.769255112225858,5.769255112225858,0.36621192953941456,0.36621192953941456,0.36621192953941456,0.36621192953941456,0.36621192953941456,0.36621192953941456,0.0,0.0,0.0,6.135467041765272,7
2006-09-07,5.772772130918059,5.132319647243787,7.0257920000690985,5.772772130918059,5.772772130918059,0.26493085576226866,0.26493085576226866,0.26493085576226866,0.26493085576226866,0.26493085576226866,0.26493085576226866,0.0,0.0,0.0,6.037702986680328,7
2006-09-08,5.77628914961026,4.977979289677703,6.8244960232454535,5.77628914961026,5.77628914961026,0.10071065403919593,0.10071065403919593,0.10071065403919593,0.10071065403919593,0.10071065403919593,0.10071065403919593,0.0,0.0,0.0,5.876999803649456,7
2006-09-09,5.779806168639848,4.560837788294916,6.27924573451821,5.779806168639848,5.779806168639848,-0.38044184174396334,-0.38044184174396334,-0.38044184174396334,-0.38044184174396334,-0.38044184174396334,-0.38044184174396334,0.0,0.0,0.0,5.399364326895884,7
2006-09-10,5.783323187669434,4.462691048814807,6.419309990460131,5.783323187669434,5.783323187669434,-0.3574704039604689,-0.3574704039604689,-0.3574704039604689,-0.3574704039604689,-0.3574704039604689,-0.3574704039604689,0.0,0.0,0.0,5.425852783708965,7
2006-09-11,5.786840207222187,4.784314338815346,6.638132828291459,5.786840207222187,5.786840207222187,-0.09969365960354218,-0.09969365960354218,-0.09969365960354218,-0.09969365960354218,-0.09969365960354218,-0.09969365960354218,0.0,0.0,0.0,5.687146547618645,7
2006-09-12,5.790357226774939,4.9805757377851405,6.871000120370476,5.790357226774939,5.790357226774939,0.1057524659673126,0.1057524659673126,0.1057524659673126,0.1057524659673126,0.1057524659673126,0.1057524659673126,0.0,0.0,0.0,5.896109692742251,7
2006-09-13,5.793874246327692,5.257346629988586,7.067394441371543,5.793874246327692,5.793874246327692,0.36621192953907833,0.36621192953907833,0.36621192953907833,0.36621192953907833,0.36621192953907833,0.36621192953907833,0.0,0.0,0.0,6.160086175866771,7
2006-09-14,5.79739126599656,5.062057868150034,6.98863525447229,5.79739126599656,5.79739126599656,0.2649308557624514,0.2649308557624514,0.2649308557624514,0.2649308557624514,0.2649308557624514,0.2649308557624514,0.0,0.0,0.0,6.062322121759012,7
2006-09-15,5.800908285665429,4.957134681336748,6.74678084370899,5.800908285665429,5.800908285665429,0.10071065403885192,0.10071065403885192,0.10071065403885192,0.10071065403885192,0.10071065403885192,0.10071065403885192,0.0,0.0,0.0,5.901618939704281,7
2006-09-16,5.804425305334297,4.47394546918203,6.3316580758376215,5.804425305334297,5.804425305334297,-0.3804418417432057,-0.3804418417432057,-0.3804418417432057,-0.3804418417432057,-0.3804418417432057,-0.3804418417432057,0.0,0.0,0.0,5.423983463591091,7
2006-09-17,5.8079423250031645,4.491636139838103,6.365791191427126,5.8079423250031645,5.8079423250031645,-0.3574704039604482,-0.3574704039604482,-0.3574704039604482,-0.3574704039604482,-0.3574704039604482,-0.3574704039604482,0.0,0.0,0.0,5.450471921042716,7
2006-09-18,5.811459344672032,4.728979876788296,6.670951629177506,5.811459344672032,5.811459344672032,-0.09969365960321791,-0.09969365960321791,-0.09969365960321791,-0.09969365960321791,-0.09969365960321791,-0.09969365960321791,0.0,0.0,0.0,5.711765685068815,7
2006-09-19,5.814976364340901,5.029053831266401,6.825626499750016,5.814976364340901,5.814976364340901,0.10575246596734564,0.10575246596734564,0.10575246596734564,0.10575246596734564,0.10575246596734564,0.10575246596734564,0.0,0.0,0.0,5.920728830308247,7
2006-09-20,5.818493384009769,5.2649027400749295,7.103588567012575,5.818493384009769,5.818493384009769,0.36621192953922144,0.36621192953922144,0.36621192953922144,0.36621192953922144,0.36621192953922144,0.36621192953922144,0.0,0.0,0.0,6.1847053135489904,7
2006-09-21,5.822010403678638,5.145487698156671,6.97736710052876,5.822010403678638,5.822010403678638,0.26493085576235326,0.26493085576235326,0.26493085576235326,0.26493085576235326,0.26493085576235326,0.26493085576235326,0.0,0.0,0.0,6.086941259440991,7
2006-09-22,5.825527423347506,4.966667369656598,6.8872994296940035,5.825527423347506,5.825527423347506,0.1007106540385079,0.1007106540385079,0.1007106540385079,0.1007106540385079,0.1007106540385079,0.1007106540385079,0.0,0.0,0.0,5.926238077386014,7
2006-09-23,5.8290444430163735,4.547654200338547,6.408204634889471,5.8290444430163735,5.8290444430163735,-0.3804418417433144,-0.3804418417433144,-0.3804418417433144,-0.3804418417433144,-0.3804418417433144,-0.3804418417433144,0.0,0.0,0.0,5.448602601273059,7
2006-09-24,5.832561462685242,4.51017321176302,6.429565474588973,5.832561462685242,5.832561462685242,-0.35747040396031654,-0.35747040396031654,-0.35747040396031654,-0.35747040396031654,-0.35747040396031654,-0.35747040396031654,0.0,0.0,0.0,5.475091058724925,7
2006-09-25,5.83607848235411,4.8371111959707545,6.6729294797711,5.83607848235411,5.83607848235411,-0.09969365960395933,-0.09969365960395933,-0.09969365960395933,-0.09969365960395933,-0.09969365960395933,-0.09969365960395933,0.0,0.0,0.0,5.736384822750151,7
2006-09-26,5.839595502022979,4.949116377841921,6.840066108960277,5.839595502022979,5.839595502022979,0.10575246596661102,0.10575246596661102,0.10575246596661102,0.10575246596661102,0.10575246596661102,0.10575246596661102,0.0,0.0,0.0,5.94534796798959,7
2006-09-27,5.843112521691847,5.2615694436470015,7.178046105804217,5.843112521691847,5.843112521691847,0.36621192953936443,0.36621192953936443,0.36621192953936443,0.36621192953936443,0.36621192953936443,0.36621192953936443,0.0,0.0,0.0,6.209324451231211,7
2006-09-28,5.846629541360715,5.147003508969492,7.05180019447069,5.846629541360715,5.846629541360715,0.264930855762255,0.264930855762255,0.264930855762255,0.264930855762255,0.264930855762255,0.264930855762255,0.0,0.0,0.0,6.111560397122971,7
2006-09-29,5.850146561029583,5.015723084809206,6.909148710356866,5.850146561029583,5.850146561029583,0.10071065403816391,0.10071065403816391,0.10071065403816391,0.10071065403816391,0.10071065403816391,0.10071065403816391,0.0,0.0,0.0,5.950857215067747,7
2006-09-30,5.853663580698452,4.463643739337289,6.427841822539508,5.853663580698452,5.853663580698452,-0.3804418417432538,-0.3804418417432538,-0.3804418417432538,-0.3804418417432538,-0.3804418417432538,-0.3804418417432538,0.0,0.0,0.0,5.473221738955198,7
2006-10-01,5.85718060036732,4.550847251270676,6.439249270497994,5.857179749726457,5.857181800036849,-0.3574704039602958,-0.3574704039602958,-0.3574704039602958,-0.3574704039602958,-0.3574704039602958,-0.3574704039602958,0.0,0.0,0.0,5.499710196407024,7
2006-10-02,5.860697620036188,4.80830624042347,6.680788135564713,5.86069373032033,5.860702024850421,-0.09969365960363498,-0.09969365960363498,-0.09969365960363498,-0.09969365960363498,-0.09969365960363498,-0.09969365960363498,0.0,0.0,0.0,5.761003960432553,7
2006-10-03,5.8642146397050565,5.073047977855094,6.877407859281986,5.8642058506900065,5.864224634155385,0.10575246596667391,0.10575246596667391,0.10575246596667391,0.10575246596667391,0.10575246596667391,0.10575246596667391,0.0,0.0,0.0,5.9699671056717305,7
2006-10-04,5.867731659373924,5.317387976337753,7.232289100720881,5.867717190445555,5.8677477180835025,0.3662119295395075,0.3662119295395075,0.3662119295395075,0.3662119295395075,0.3662119295395075,0.3662119295395075,0.0,0.0,0.0,6.233943588913432,7
2006-10-05,5.871248679042792,5.282195388182747,7.10086939151661,5.871227394865555,5.871271988217395,0.26493085576243786,0.26493085576243786,0.26493085576243786,0.26493085576243786,0.26493085576243786,0.26493085576243786,0.0,0.0,0.0,6.13617953480523,7
2006-10-06,5.874765698711661,5.097144974379052,6.917561699971,5.874736669677777,5.8747976022607835,0.10071065403883356,0.10071065403883356,0.10071065403883356,0.10071065403883356,0.10071065403883356,0.10071065403883356,0.0,0.0,0.0,5.975476352750494,7
2006-10-07,5.878282718380529,4.639327629944901,6.442395228522456,5.878245769739833,5.8783225649192845,-0.38044184174336254,-0.38044184174336254,-0.38044184174336254,-0.38044184174336254,-0.38044184174336254,-0.38044184174336254,0.0,0.0,0.0,5.4978408766371665,7
2006-07-08,5.288234873637597,4.296534506977563,8.002970168674638,5.288234873637597,5.288234873637597,0.7776451022186056,0.7776451022186056,0.7776451022186056,0.7776451022186056,0.7776451022186056,0.7776451022186056,0.0,0.0,0.0,6.065879975856203,8
2006-07-09,5.309244726184657,2.498538678034877,6.193738020841524,5.309244726184657,5.309244726184657,-1.0490147396708498,-1.0490147396708498,-1.0490147396708498,-1.0490147396708498,-1.0490147396708498,-1.0490147396708498,0.0,0.0,0.0,4.260229986513807,8
2006-07-10,5.330254578731718,4.298927461063635,8.056595693702668,5.330254578731718,5.330254578731718,0.9185856469982969,0.9185856469982969,0.9185856469982969,0.9185856469982969,0.9185856469982969,0.9185856469982969,0.0,0.0,0.0,6.248840225730015,8
2006-07-11,5.351264431278779,3.3237231101465783,7.146135765128462,5.351264431278779,5.351264431278779,-0.19163884300017747,-0.19163884300017747,-0.19163884300017747,-0.19163884300017747,-0.19163884300017747,-0.19163884300017747,0.0,0.0,0.0,5.159625588278602,8
2006-07-12,5.372274283826477,3.3595704843454914,7.10581046953469,5.372274283826477,5.372274283826477,-0.12403440517819839,-0.12403440517819839,-0.12403440517819839,-0.12403440517819839,-0.12403440517819839,-0.12403440517819839,0.0,0.0,0.0,5.2482398786482785,8
2006-07-13,5.3932841363741755,3.260954106191655,7.0160241832012655,5.3932841363741755,5.3932841363741755,-0.18643409065834055,-0.18643409065834055,-0.18643409065834055,-0.18643409065834055,-0.18643409065834055,-0.18643409065834055,0.0,0.0,0.0,5.206850045715835,8
2006-07-14,5.414293988924826,3.2511698252181636,7.0538449459060955,5.414293988924826,5.414293988924826,-0.14510867070142255,-0.14510867070142255,-0.14510867070142255,-0.14510867070142255,-0.14510867070142255,-0.14510867070142255,0.0,0.0,0.0,5.269185318223403,8
2006-07-15,5.435303841475476,4.434434416430731,8.038484469284176,5.435303841475476,5.435303841475476,0.777645102218802,0.777645102218802,0.777645102218802,0.777645102218802,0.777645102218802,0.777645102218802,0.0,0.0,0.0,6.212948943694278,8
2006-07-16,5.456313694026127,2.5714619594139623,6.173800092099316,5.456313694026127,5.456313694026127,-1.0490147396710272,-1.0490147396710272,-1.0490147396710272,-1.0490147396710272,-1.0490147396710272,-1.0490147396710272,0.0,0.0,0.0,4.4072989543551,8
2006-07-17,5.477323546581905,4.488381991479422,8.165377959646765,5.477323546581905,5.477323546581905,0.9185856469958565,0.9185856469958565,0.9185856469958565,0.9185856469958565,0.9185856469958565,0.9185856469958565,0.0,0.0,0.0,6.395909193577761,8
2006-07-18,5.498333399137683,3.4012104574938617,7.245848023553046,5.498333399137683,5.498333399137683,-0.19163884300375444,-0.19163884300375444,-0.19163884300375444,-0.19163884300375444,-0.19163884300375444,-0.19163884300375444,0.0,0.0,0.0,5.3066945561339285,8
2006-07-19,5.519343251693461,3.549733294704702,7.28052392403602,5.519343251693461,5.519343251693461,-0.12403440517984407,-0.12403440517984407,-0.12403440517984407,-0.12403440517984407,-0.12403440517984407,-0.12403440517984407,0.0,0.0,0.0,5.3953088465136165,8
2006-07-20,5.54035310424464,3.3838330880995744,7.235558310929231,5.54035310424464,5.54035310424464,-0.1864340906566415,-0.1864340906566415,-0.1864340906566415,-0.1864340906566415,-0.1864340906566415,-0.1864340906566415,0.0,0.0,0.0,5.353919013587999,8
2006-07-21,5.56136295679582,3.483291375952382,7.289208040976465,5.56136295679582,5.56136295679582,-0.1451086707028986,-0.1451086707028986,-0.1451086707028986,-0.1451086707028986,-0.1451086707028986,-0.1451086707028986,0.0,0.0,0.0,5.416254286092921,8
2006-07-22,5.582372809341693,4.37369909967744,8.132389491124831,5.582372809341693,5.582372809341693,0.7776451022201805,0.7776451022201805,0.7776451022201805,0.7776451022201805,0.7776451022201805,0.7776451022201805,0.0,0.0,0.0,6.360017911561873,8
2006-07-23,5.603382661887565,2.634728290267578,6.430813049208379,5.603382661887565,5.603382661887565,-1.0490147396707146,-1.0490147396707146,-1.0490147396707146,-1.0490147396707146,-1.0490147396707146,-1.0490147396707146,0.0,0.0,0.0,4.5543679222168505,8
2006-07-24,5.624392514433438,4.8946464719531075,8.251169844139694,5.624392514433438,5.624392514433438,0.9185856469957984,0.9185856469957984,0.9185856469957984,0.9185856469957984,0.9185856469957984,0.9185856469957984,0.0,0.0,0.0,6.542978161429237,8
2006-07-25,5.645402366982889,3.649188629489875,7.401431381231835,5.645402366982889,5.645402366982889,-0.19163884300733147,-0.19163884300733147,-0.19163884300733147,-0.19163884300733147,-0.19163884300733147,-0.19163884300733147,0.0,0.0,0.0,5.4537635239755575,8
2006-07-26,5.66641221953234,3.6621387866850306,7.421526832639513,5.66641221953234,5.66641221953234,-0.12403440518148988,-0.12403440518148988,-0.12403440518148988,-0.12403440518148988,-0.12403440518148988,-0.12403440518148988,0.0,0.0,0.0,5.54237781435085,8
2006-07-27,5.687422072081789,3.6286903105019825,7.353642814509046,5.687422072081789,5.687422072081789,-0.18643409065612182,-0.18643409065612182,-0.18643409065612182,-0.18643409065612182,-0.18643409065612182,-0.18643409065612182,0.0,0.0,0.0,5.500987981425667,8
2006-07-28,5.708431924634549,3.7848834628353547,7.396043504932556,5.708431924634549,5.708431924634549,-0.14510867070370942,-0.14510867070370942,-0.14510867070370942,-0.14510867070370942,-0.14510867070370942,-0.14510867070370942,0.0,0.0,0.0,5.56332325393084,8
2006-07-29,5.72944177718731,4.623113439281926,8.405278662975277,5.72944177718731,5.72944177718731,0.7776451022176284,0.7776451022176284,0.7776451022176284,0.7776451022176284,0.7776451022176284,0.7776451022176284,0.0,0.0,0.0,6.507086879404938,8
2006-07-30,5.750451629739403,2.813998220566395,6.620931905758334,5.750451629739403,5.750451629739403,-1.049014739670731,-1.049014739670731,-1.049014739670731,-1.049014739670731,-1.049014739670731,-1.049014739670731,0.0,0.0,0.0,4.701436890068672,8
2006-07-31,5.771461482291496,4.947359641571643,8.549045736873214,5.771461482291496,5.771461482291496,0.9185856469978955,0.9185856469978955,0.9185856469978955,0.9185856469978955,0.9185856469978955,0.9185856469978955,0.0,0.0,0.0,6.6900471292893915,8
2006-08-01,5.792471334843588,3.673885603585469,7.423152538194311,5.792471334843588,5.792471334843588,-0.19163884300580555,-0.19163884300580555,-0.19163884300580555,-0.19163884300580555,-0.19163884300580555,-0.19163884300580555,0.0,0.0,0.0,5.6008324918377825,8
2006-08-02,5.81348118740018,3.783710837167885,7.558894320958703,5.81348118740018,5.81348118740018,-0.12403440518201111,-0.12403440518201111,-0.12403440518201111,-0.12403440518201111,-0.12403440518201111,-0.12403440518201111,0.0,0.0,0.0,5.689446782218169,8
2006-08-03,5.834491039956771,3.8042226861508155,7.550919398235757,5.834491039956771,5.834491039956771,-0.18643409065560224,-0.18643409065560224,-0.18643409065560224,-0.18643409065560224,-0.18643409065560224,-0.18643409065560224,0.0,0.0,0.0,5.648056949301169,8
2006-08-04,5.855500892513363,3.604375603901894,7.558476332510197,5.855500892513363,5.855500892513363,-0.14510867070452027,-0.14510867070452027,-0.14510867070452027,-0.14510867070452027,-0.14510867070452027,-0.14510867070452027,0.0,0.0,0.0,5.710392221808843,8
2006-08-05,5.876510745075055,4.78196621537423,8.686323941060335,5.876510745075055,5.876510745075055,0.7776451022150764,0.7776451022150764,0.7776451022150764,0.7776451022150764,0.7776451022150764,0.7776451022150764,0.0,0.0,0.0,6.654155847290131,8
2006-08-06,5.897520597636747,2.925245629327915,6.896767910445624,5.897520597636747,5.897520597636747,-1.0490147396707477,-1.0490147396707477,-1.0490147396707477,-1.0490147396707477,-1.0490147396707477,-1.0490147396707477,0.0,0.0,0.0,4.848505857966,8
2006-08-07,5.918530450200739,4.913519192603886,8.740134260621648,5.918530450200739,5.918530450200739,0.9185856469966464,0.9185856469966464,0.9185856469966464,0.9185856469966464,0.9185856469966464,0.9185856469966464,0.0,0.0,0.0,6.837116097197386,8
2006-08-08,5.939540302764732,3.830842813549629,7.644192552217768,5.939540302764732,5.939540302764732,-0.19163884300516987,-0.19163884300516987,-0.19163884300516987,-0.19163884300516987,-0.19163884300516987,-0.19163884300516987,0.0,0.0,0.0,5.747901459759563,8
2006-08-09,5.960550155328725,4.0793483845707526,7.761615999186238,5.960550155328725,5.960550155328725,-0.12403440517822117,-0.12403440517822117,-0.12403440517822117,-0.12403440517822117,-0.12403440517822117,-0.12403440517822117,0.0,0.0,0.0,5.836515750150504,8
2006-08-10,5.9815600078922415,3.947876269081042,7.671399753402233,5.9815600078922415,5.9815600078922415,-0.18643409065390315,-0.18643409065390315,-0.18643409065390315,-0.18643409065390315,-0.18643409065390315,-0.18643409065390315,0.0,0.0,0.0,5.795125917238338,8
2006-08-11,6.00256986045576,3.9552293326631935,7.711559619251527,6.00256986045576,6.00256986045576,-0.14510867070070796,-0.14510867070070796,-0.14510867070070796,-0.14510867070070796,-0.14510867070070796,-0.14510867070070796,0.0,0.0,0.0,5.857461189755052,8
2006-08-12,6.023579713019277,4.992402944847069,8.926811813136675,6.023579713019277,6.023579713019277,0.777645102216455,0.777645102216455,0.777645102216455,0.777645102216455,0.777645102216455,0.777645102216455,0.0,0.0,0.0,6.801224815235733,8
2006-08-13,6.04458956558395,3.128680314469803,6.967669094772261,6.04458956558395,6.04458956558395,-1.0490147396710858,-1.0490147396710858,-1.0490147396710858,-1.0490147396710858,-1.0490147396710858,-1.0490147396710858,0.0,0.0,0.0,4.995574825912864,8
2006-08-14,6.065599418148622,5.11958228574002,8.749313551125445,6.065599418148622,6.065599418148622,0.9185856469965883,0.9185856469965883,0.9185856469965883,0.9185856469965883,0.9185856469965883,0.9185856469965883,0.0,0.0,0.0,6.98418506514521,8
2006-08-15,6.086609270713295,3.887558689762256,7.657008367693265,6.086609270713295,6.086609270713295,-0.1916388430045342,-0.1916388430045342,-0.1916388430045342,-0.1916388430045342,-0.1916388430045342,-0.1916388430045342,0.0,0.0,0.0,5.894970427708761,8
2006-08-16,6.1076191232791395,4.239833849607312,7.802919720211937,6.1076191232791395,6.1076191232791395,-0.12403440517443118,-0.12403440517443118,-0.12403440517443118,-0.12403440517443118,-0.12403440517443118,-0.12403440517443118,0.0,0.0,0.0,5.983584718104709,8
2006-08-17,6.128628975844983,4.017249884414355,7.771904120006846,6.128628975844983,6.128628975844983,-0.18643409065896568,-0.18643409065896568,-0.18643409065896568,-0.18643409065896568,-0.18643409065896568,-0.18643409065896568,0.0,0.0,0.0,5.942194885186017,8
2006-08-18,6.149638828416261,4.041609402972999,7.877558967586497,6.149638828416261,6.149638828416261,-0.14510867070218406,-0.14510867070218406,-0.14510867070218406,-0.14510867070218406,-0.14510867070218406,-0.14510867070218406,0.0,0.0,0.0,6.004530157714077,8
2006-08-19,6.170648680987538,5.061240185968886,8.74043923366428,6.170648680987538,6.170648680987538,0.7776451022166513,0.7776451022166513,0.7776451022166513,0.7776451022166513,0.7776451022166513,0.7776451022166513,0.0,0.0,0.0,6.948293783204189,8
2006-08-20,6.191658533558816,3.388594091126296,7.144411402314162,6.191658533558816,6.191658533558816,-1.0490147396711025,-1.0490147396711025,-1.0490147396711025,-1.0490147396711025,-1.0490147396711025,-1.0490147396711025,0.0,0.0,0.0,5.142643793887713,8
2006-08-21,6.212668386125457,5.3133190790005775,9.041411895395987,6.212668386125457,6.212668386125457,0.9185856469965302,0.9185856469965302,0.9185856469965302,0.9185856469965302,0.9185856469965302,0.9185856469965302,0.0,0.0,0.0,7.131254033121987,8
2006-08-22,6.233678238692097,4.145006059853704,7.875793190929007,6.233678238692097,6.233678238692097,-0.19163884300811124,-0.19163884300811124,-0.19163884300811124,-0.19163884300811124,-0.19163884300811124,-0.19163884300811124,0.0,0.0,0.0,6.042039395683985,8
2006-08-23,6.254688091258737,4.326911861042337,8.026657917129363,6.254688091258737,6.254688091258737,-0.12403440517495248,-0.12403440517495248,-0.12403440517495248,-0.12403440517495248,-0.12403440517495248,-0.12403440517495248,0.0,0.0,0.0,6.130653686083785,8
2006-08-24,6.275697943823725,4.268620670790086,8.092652065636134,6.275697943823725,6.275697943823725,-0.1864340906572667,-0.1864340906572667,-0.1864340906572667,-0.1864340906572667,-0.1864340906572667,-0.1864340906572667,0.0,0.0,0.0,6.089263853166458,8
2006-08-25,6.296707796388712,4.085805708914817,8.036838599364346,6.296707796388712,6.296707796388712,-0.14510867070299488,-0.14510867070299488,-0.14510867070299488,-0.14510867070299488,-0.14510867070299488,-0.14510867070299488,0.0,0.0,0.0,6.151599125685717,8
2006-08-26,6.317717648958009,5.236447634175363,9.004587336780117,6.317717648958009,6.317717648958009,0.7776451022168475,0.7776451022168475,0.7776451022168475,0.7776451022168475,0.7776451022168475,0.7776451022168475,0.0,0.0,0.0,7.095362751174856,8
2006-08-27,6.3387275015273055,3.4245854872733665,7.285765501560303,6.3387275015273055,6.3387275015273055,-1.049014739671119,-1.049014739671119,-1.049014739671119,-1.049014739671119,-1.049014739671119,-1.049014739671119,0.0,0.0,0.0,5.289712761856187,8
2006-08-28,6.359737354096604,5.392650387721262,9.291992146386962,6.359737354096604,6.359737354096604,0.9185856469974362,0.9185856469974362,0.9185856469974362,0.9185856469974362,0.9185856469974362,0.9185856469974362,0.0,0.0,0.0,7.27832300109404,8
2006-08-29,6.380747206661526,4.35580767111558,7.989194102420433,6.380747206661526,6.380747206661526,-0.19163884300658507,-0.19163884300658507,-0.19163884300658507,-0.19163884300658507,-0.19163884300658507,-0.19163884300658507,0.0,0.0,0.0,6.189108363654941,8
2006-08-30,6.401757059226446,4.3611642874103485,8.083516725719873,6.401757059226446,6.401757059226446,-0.12403440518090941,-0.12403440518090941,-0.12403440518090941,-0.12403440518090941,-0.12403440518090941,-0.12403440518090941,0.0,0.0,0.0,6.277722654045537,8
2006-08-31,6.422766911791367,4.3451936363258135,8.109166196937919,6.422766911791367,6.422766911791367,-0.18643409065556768,-0.18643409065556768,-0.18643409065556768,-0.18643409065556768,-0.18643409065556768,-0.18643409065556768,0.0,0.0,0.0,6.236332821135799,8
2006-09-01,6.443776764351284,4.326650473311209,8.18150110109514,6.443776764351284,6.443776764351284,-0.14510867070380565,-0.14510867070380565,-0.14510867070380565,-0.14510867070380565,-0.14510867070380565,-0.14510867070380565,0.0,0.0,0.0,6.298668093647478,8
2006-09-02,6.464786616911201,5.413250429538006,9.18286630428852,6.464786616911201,6.464786616911201,0.7776451022142957,0.7776451022142957,0.7776451022142957,0.7776451022142957,0.7776451022142957,0.7776451022142957,0.0,0.0,0.0,7.242431719125497,8
2006-09-03,6.485796469472771,3.4945001128450714,7.2670602396591155,6.485796469472771,6.485796469472771,-1.049014739670967,-1.049014739670967,-1.049014739670967,-1.049014739670967,-1.049014739670967,-1.049014739670967,0.0,0.0,0.0,5.436781729801805,8
2006-09-04,6.506806322034341,5.570749013043759,9.243436312292381,6.506806322034341,6.506806322034341,0.9185856469973782,0.9185856469973782,0.9185856469973782,0.9185856469973782,0.9185856469973782,0.9185856469973782,0.0,0.0,0.0,7.425391969031719,8
2006-09-05,6.527816174595912,4.462631337773625,8.131315431998623,6.527816174595912,6.527816174595912,-0.19163884300594963,-0.19163884300594963,-0.19163884300594963,-0.19163884300594963,-0.19163884300594963,-0.19163884300594963,0.0,0.0,0.0,6.336177331589962,8
2006-09-06,6.548826027154558,4.473924688406136,8.296022296903006,6.548826027154558,6.548826027154558,-0.12403440518255515,-0.12403440518255515,-0.12403440518255515,-0.12403440518255515,-0.12403440518255515,-0.12403440518255515,0.0,0.0,0.0,6.424791621972003,8
2006-09-07,6.569835879713205,4.496559992235526,8.220485380965295,6.569835879713205,6.569835879713205,-0.18643409065386868,-0.18643409065386868,-0.18643409065386868,-0.18643409065386868,-0.18643409065386868,-0.18643409065386868,0.0,0.0,0.0,6.383401789059336,8
2006-09-08,6.59084573227185,4.594937400638818,8.296242563484098,6.59084573227185,6.59084573227185,-0.14510867070065867,-0.14510867070065867,-0.14510867070065867,-0.14510867070065867,-0.14510867070065867,-0.14510867070065867,0.0,0.0,0.0,6.445737061571191,8
2006-09-09,6.611855584826077,5.531951636698577,9.36189855138287,6.611855584826077,6.611855584826077,0.7776451022156741,0.7776451022156741,0.7776451022156741,0.7776451022156741,0.7776451022156741,0.7776451022156741,0.0,0.0,0.0,7.389500687041751,8
2006-09-10,6.632865437380305,3.5795110668204737,7.4341806133935195,6.632865437380305,6.632865437380305,-1.0490147396709835,-1.0490147396709835,-1.0490147396709835,-1.0490147396709835,-1.0490147396709835,-1.0490147396709835,0.0,0.0,0.0,5.583850697709321,8
2006-09-11,6.653875289935002,5.679578740210665,9.319579022106343,6.653875289935002,6.653875289935002,0.9185856469973203,0.9185856469973203,0.9185856469973203,0.9185856469973203,0.9185856469973203,0.9185856469973203,0.0,0.0,0.0,7.572460936932322,8
2006-09-12,6.6748851424897016,4.572796498956225,8.471150942713944,6.6748851424897016,6.6748851424897016,-0.19163884300531397,-0.19163884300531397,-0.19163884300531397,-0.19163884300531397,-0.19163884300531397,-0.19163884300531397,0.0,0.0,0.0,6.483246299484388,8
2006-09-13,6.6958949950444,4.686820864495275,8.539004023559729,6.6958949950444,6.6958949950444,-0.12403440517764078,-0.12403440517764078,-0.12403440517764078,-0.12403440517764078,-0.12403440517764078,-0.12403440517764078,0.0,0.0,0.0,6.571860589866759,8
2006-09-14,6.716904847605585,4.7600244459851515,8.515334035886788,6.716904847605585,6.716904847605585,-0.18643409065893124,-0.18643409065893124,-0.18643409065893124,-0.18643409065893124,-0.18643409065893124,-0.18643409065893124,0.0,0.0,0.0,6.530470756946654,8
2006-09-15,6.737914700166771,4.672068446258915,8.49433528321659,6.737914700166771,6.737914700166771,-0.14510867070146952,-0.14510867070146952,-0.14510867070146952,-0.14510867070146952,-0.14510867070146952,-0.14510867070146952,0.0,0.0,0.0,6.592806029465301,8
2006-09-16,6.758924552727957,5.597756045443738,9.51194270104574,6.758924552727957,6.758924552727957,0.7776451022198008,0.7776451022198008,0.7776451022198008,0.7776451022198008,0.7776451022198008,0.7776451022198008,0.0,0.0,0.0,7.536569654947758,8
2006-09-17,6.779934405289142,3.7072029616172744,7.629153032349835,6.779934405289142,6.779934405289142,-1.0490147396710001,-1.0490147396710001,-1.0490147396710001,-1.0490147396710001,-1.0490147396710001,-1.0490147396710001,0.0,0.0,0.0,5.730919665618142,8
2006-09-18,6.800944257850328,5.860190398275138,9.708524405878606,6.800944257850328,6.800944257850328,0.9185856469972621,0.9185856469972621,0.9185856469972621,0.9185856469972621,0.9185856469972621,0.9185856469972621,0.0,0.0,0.0,7.71952990484759,8
2006-09-19,6.821954110411514,4.630544834872301,8.483071508923855,6.821954110411514,6.821954110411514,-0.1916388430080005,-0.1916388430080005,-0.1916388430080005,-0.1916388430080005,-0.1916388430080005,-0.1916388430080005,0.0,0.0,0.0,6.630315267403513,8
2006-09-20,6.842963962972699,4.810991230663867,8.510704640152909,6.842963962972699,6.842963962972699,-0.12403440517928642,-0.12403440517928642,-0.12403440517928642,-0.12403440517928642,-0.12403440517928642,-0.12403440517928642,0.0,0.0,0.0,6.7189295577934125,8
2006-09-21,6.863973815533885,4.747497892157853,8.449824501087965,6.863973815533885,6.863973815533885,-0.18643409065723218,-0.18643409065723218,-0.18643409065723218,-0.18643409065723218,-0.18643409065723218,-0.18643409065723218,0.0,0.0,0.0,6.677539724876653,8
2006-09-22,6.884983668095071,4.866068097946692,8.594934430654202,6.884983668095071,6.884983668095071,-0.1451086707022802,-0.1451086707022802,-0.1451086707022802,-0.1451086707022802,-0.1451086707022802,-0.1451086707022802,0.0,0.0,0.0,6.739874997392791,8
2006-09-23,6.905993520656256,5.849987170635629,9.572548991398502,6.905993520656256,6.905993520656256,0.7776451022199972,0.7776451022199972,0.7776451022199972,0.7776451022199972,0.7776451022199972,0.7776451022199972,0.0,0.0,0.0,7.683638622876254,8
2006-09-24,6.927003373217443,3.960100392663777,7.817303683713998,6.927003373217443,6.927003373217443,-1.0490147396708482,-1.0490147396708482,-1.0490147396708482,-1.0490147396708482,-1.0490147396708482,-1.0490147396708482,0.0,0.0,0.0,5.877988633546595,8
2006-09-25,6.948013225778628,6.103323947039104,9.777372293444207,6.948013225778628,6.948013225778628,0.918585646998168,0.918585646998168,0.918585646998168,0.918585646998168,0.918585646998168,0.918585646998168,0.0,0.0,0.0,7.866598872776796,8
2006-09-26,6.969023078339813,4.942159135418678,8.74642084335147,6.969023078339813,6.969023078339813,-0.19163884300226205,-0.19163884300226205,-0.19163884300226205,-0.19163884300226205,-0.19163884300226205,-0.19163884300226205,0.0,0.0,0.0,6.777384235337551,8
2006-09-27,6.990032930900998,5.043414384109333,8.765819596297158,6.990032930900998,6.990032930900998,-0.12403440518093213,-0.12403440518093213,-0.12403440518093213,-0.12403440518093213,-0.12403440518093213,-0.12403440518093213,0.0,0.0,0.0,6.865998525720066,8
2006-09-28,7.011042783462185,5.060310632259722,8.700728936741557,7.011042783462185,7.011042783462185,-0.18643409065553326,-0.18643409065553326,-0.18643409065553326,-0.18643409065553326,-0.18643409065553326,-0.18643409065553326,0.0,0.0,0.0,6.824608692806652,8
2006-09-29,7.03205263602337,4.98875139287787,8.90821364129059,7.03205263602337,7.03205263602337,-0.14510867070309103,-0.14510867070309103,-0.14510867070309103,-0.14510867070309103,-0.14510867070309103,-0.14510867070309103,0.0,0.0,0.0,6.886943965320279,8
2006-09-30,7.0530624885845565,6.055174432321667,9.811532754625022,7.0530624885845565,7.0530624885845565,0.7776451022186274,0.7776451022186274,0.7776451022186274,0.7776451022186274,0.7776451022186274,0.7776451022186274,0.0,0.0,0.0,7.830707590803184,8
2006-10-01,7.074072341145742,4.226358826488366,7.890112360097831,7.074072340951635,7.07407234132616,-1.0490147396708647,-1.0490147396708647,-1.0490147396708647,-1.0490147396708647,-1.0490147396708647,-1.0490147396708647,0.0,0.0,0.0,6.025057601474877,8
2006-10-02,7.0950821937069275,6.086984403295703,9.746651670261457,7.095082192686755,7.09508219467204,0.9185856469981101,0.9185856469981101,0.9185856469981101,0.9185856469981101,0.9185856469981101,0.9185856469981101,0.0,0.0,0.0,8.013667840705038,8
2006-10-03,7.116092046268114,5.094433937701475,8.928764295929149,7.116092043864534,7.116092048719766,-0.19163884300162637,-0.19163884300162637,-0.19163884300162637,-0.19163884300162637,-0.19163884300162637,-0.19163884300162637,0.0,0.0,0.0,6.924453203266488,8
2006-10-04,7.1371018988292985,5.127030864250516,8.86179591024112,7.137101894650844,7.137101903035614,-0.12403440518257784,-0.12403440518257784,-0.12403440518257784,-0.12403440518257784,-0.12403440518257784,-0.12403440518257784,0.0,0.0,0.0,7.01306749364672,8
2006-10-05,7.158111751390484,5.00914183090746,8.742174393141216,7.158111745388892,7.1581117576016675,-0.18643409066059574,-0.18643409066059574,-0.18643409066059574,-0.18643409066059574,-0.18643409066059574,-0.18643409066059574,0.0,0.0,0.0,6.971677660729888,8
2006-10-06,7.17912160395167,5.353271909841643,8.91481980848349,7.179121595800529,7.17912161219291,-0.145108670699944,-0.145108670699944,-0.145108670699944,-0.145108670699944,-0.145108670699944,-0.145108670699944,0.0,0.0,0.0,7.034012933251726,8
2006-10-07,7.200131456512856,6.163737266883507,9.88194034153767,7.200131446036402,7.200131467178458,0.7776451022188237,0.7776451022188237,0.7776451022188237,0.7776451022188237,0.7776451022188237,0.7776451022188237,0.0,0.0,0.0,7.977776558731679,8
2006-07-08,5.832564970315513,2.0589038167397096,7.69661980675653,5.832564970315513,5.832564970315513,-1.0043739416683766,-1.0043739416683766,-1.0043739416683766,-1.0043739416683766,-1.0043739416683766,-1.0043739416683766,0.0,0.0,0.0,4.828191028647137,9
2006-07-09,5.815148721387877,-0.34623492712429943,5.374113528971588,5.815148721387877,5.815148721387877,-3.2736497326722254,-3.2736497326722254,-3.2736497326722254,-3.2736497326722254,-3.2736497326722254,-3.2736497326722254,0.0,0.0,0.0,2.541498988715652,9
2006-07-10,5.797732472460241,3.470933345583004,9.0549265563716,5.797732472460241,5.797732472460241,0.3984846665305713,0.3984846665305713,0.3984846665305713,0.3984846665305713,0.3984846665305713,0.3984846665305713,0.0,0.0,0.0,6.196217138990812,9
2006-07-11,5.780316223532606,4.543769819623473,10.372878154897817,5.780316223532606,5.780316223532606,1.7512242927217134,1.7512242927217134,1.7512242927217134,1.7512242927217134,1.7512242927217134,1.7512242927217134,0.0,0.0,0.0,7.531540516254319,9
2006-07-12,5.762899974613038,4.5176848372759,10.453753464346999,5.762899974613038,5.762899974613038,1.740572390372611,1.740572390372611,1.740572390372611,1.740572390372611,1.740572390372611,1.740572390372611,0.0,0.0,0.0,7.503472364985649,9
2006-07-13,5.745483725693471,3.633854281943011,9.245398794229912,5.745483725693471,5.745483725693471,0.6427147008383247,0.6427147008383247,0.6427147008383247,0.6427147008383247,0.6427147008383247,0.6427147008383247,0.0,0.0,0.0,6.388198426531796,9
2006-07-14,5.728067476780413,2.5752636224663368,8.216811357914267,5.728067476780413,5.728067476780413,-0.2549723761113512,-0.2549723761113512,-0.2549723761113512,-0.2549723761113512,-0.2549723761113512,-0.2549723761113512,0.0,0.0,0.0,5.473095100669061,9
2006-07-15,5.710651227867356,1.7904862596661526,7.319137791465876,5.710651227867356,5.710651227867356,-1.004373941669416,-1.004373941669416,-1.004373941669416,-1.004373941669416,-1.004373941669416,-1.004373941669416,0.0,0.0,0.0,4.70627728619794,9
2006-07-16,5.693234978954299,-0.4051648681704145,5.318096545093706,5.693234978954299,5.693234978954299,-3.2736497326732064,-3.2736497326732064,-3.2736497326732064,-3.2736497326732064,-3.2736497326732064,-3.2736497326732064,0.0,0.0,0.0,2.419585246281093,9
2006-07-17,5.675818730039764,3.295100183553622,9.099007291120987,5.675818730039764,5.675818730039764,0.3984846665190765,0.3984846665190765,0.3984846665190765,0.3984846665190765,0.3984846665190765,0.3984846665190765,0.0,0.0,0.0,6.07430339655884,9
2006-07-18,5.658402481125229,4.570473366038383,10.307484059829452,5.658402481125229,5.658402481125229,1.751224292719516,1.751224292719516,1.751224292719516,1.751224292719516,1.751224292719516,1.751224292719516,0.0,0.0,0.0,7.409626773844745,9
2006-07-19,5.640986232210695,4.684278615599978,9.977766934003098,5.640986232210695,5.640986232210695,1.740572390370481,1.740572390370481,1.740572390370481,1.740572390370481,1.740572390370481,1.740572390370481,0.0,0.0,0.0,7.381558622581176,9
2006-07-20,5.623569983293157,3.4977083558199986,9.180452637482922,5.623569983293157,5.623569983293157,0.6427147008391075,0.6427147008391075,0.6427147008391075,0.6427147008391075,0.6427147008391075,0.6427147008391075,0.0,0.0,0.0,6.266284684132264,9
2006-07-21,5.606153734375618,2.263966197849477,8.18902199613125,5.606153734375618,5.606153734375618,-0.2549723761110827,-0.2549723761110827,-0.2549723761110827,-0.2549723761110827,-0.2549723761110827,-0.2549723761110827,0.0,0.0,0.0,5.351181358264535,9
2006-07-22,5.588737485464109,1.7380994174567193,7.346517982779001,5.588737485464109,5.588737485464109,-1.0043739416661492,-1.0043739416661492,-1.0043739416661492,-1.0043739416661492,-1.0043739416661492,-1.0043739416661492,0.0,0.0,0.0,4.584363543797959,9
2006-07-23,5.5713212365526,-0.42055799210361644,5.361464782056358,5.5713212365526,5.5713212365526,-3.2736497326725,-3.2736497326725,-3.2736497326725,-3.2736497326725,-3.2736497326725,-3.2736497326725,0.0,0.0,0.0,2.2976715038801,9
2006-07-24,5.553904987641092,3.0195082458453455,8.707471238397183,5.553904987641092,5.553904987641092,0.3984846665211008,0.3984846665211008,0.3984846665211008,0.3984846665211008,0.3984846665211008,0.3984846665211008,0.0,0.0,0.0,5.952389654162193,9
2006-07-25,5.536488738724605,4.554392200251173,10.22315251915976,5.536488738724605,5.536488738724605,1.7512242927173194,1.7512242927173194,1.7512242927173194,1.7512242927173194,1.7512242927173194,1.7512242927173194,0.0,0.0,0.0,7.287713031441925,9
2006-07-26,5.519072489808119,4.163195989753068,10.007414739713237,5.519072489808119,5.519072489808119,1.7405723903683517,1.7405723903683517,1.7405723903683517,1.7405723903683517,1.7405723903683517,1.7405723903683517,0.0,0.0,0.0,7.25964488017647,9
2006-07-27,5.5016562408916325,3.405623094717704,9.047458138590674,5.5016562408916325,5.5016562408916325,0.6427147008407207,0.6427147008407207,0.6427147008407207,0.6427147008407207,0.6427147008407207,0.6427147008407207,0.0,0.0,0.0,6.144370941732353,9
2006-07-28,5.484239991822249,2.450916411965408,7.974320953109109,5.484239991822249,5.484239991822249,-0.2549723761126378,-0.2549723761126378,-0.2549723761126378,-0.2549723761126378,-0.2549723761126378,-0.2549723761126378,0.0,0.0,0.0,5.229267615709611,9
2006-07-29,5.466823742752863,1.6435599083831671,6.912144430969062,5.466823742752863,5.466823742752863,-1.0043739416694926,-1.0043739416694926,-1.0043739416694926,-1.0043739416694926,-1.0043739416694926,-1.0043739416694926,0.0,0.0,0.0,4.462449801083371,9
2006-07-30,5.4494074936871,-0.6467185547732665,4.98730382540854,5.4494074936871,5.4494074936871,-3.2736497326720224,-3.2736497326720224,-3.2736497326720224,-3.2736497326720224,-3.2736497326720224,-3.2736497326720224,0.0,0.0,0.0,2.1757577610150776,9
2006-07-31,5.431991244621337,2.823384236501713,8.90386232065166,5.431991244621337,5.431991244621337,0.39848466652501563,0.39848466652501563,0.39848466652501563,0.39848466652501563,0.39848466652501563,0.39848466652501563,0.0,0.0,0.0,5.830475911146353,9
2006-08-01,5.414574995555574,4.185748665675312,10.013286190967854,5.414574995555574,5.414574995555574,1.7512242927170754,1.7512242927170754,1.7512242927170754,1.7512242927170754,1.7512242927170754,1.7512242927170754,0.0,0.0,0.0,7.165799288272649,9
2006-08-02,5.397158746484064,4.34583804880486,9.885232492917192,5.397158746484064,5.397158746484064,1.7405723903691646,1.7405723903691646,1.7405723903691646,1.7405723903691646,1.7405723903691646,1.7405723903691646,0.0,0.0,0.0,7.137731136853229,9
2006-08-03,5.379742497412554,3.0224025293682657,8.713758131023578,5.379742497412554,5.379742497412554,0.6427147008423341,0.6427147008423341,0.6427147008423341,0.6427147008423341,0.6427147008423341,0.6427147008423341,0.0,0.0,0.0,6.022457198254888,9
2006-08-04,5.362326248341044,2.016151336545824,7.86989659728029,5.362326248341044,5.362326248341044,-0.2549723761141929,-0.2549723761141929,-0.2549723761141929,-0.2549723761141929,-0.2549723761141929,-0.2549723761141929,0.0,0.0,0.0,5.107353872226851,9
2006-08-05,5.344909999264587,1.3956531769550753,6.946092105784579,5.344909999264587,5.344909999264587,-1.0043739416728357,-1.0043739416728357,-1.0043739416728357,-1.0043739416728357,-1.0043739416728357,-1.0043739416728357,0.0,0.0,0.0,4.340536057591751,9
2006-08-06,5.32749375018813,-0.8135090979515202,4.847536857638139,5.32749375018813,5.32749375018813,-3.273649732671545,-3.273649732671545,-3.273649732671545,-3.273649732671545,-3.273649732671545,-3.273649732671545,0.0,0.0,0.0,2.053844017516585,9
2006-08-07,5.310077501111566,2.8500583078700927,8.825523206015173,5.310077501111566,5.310077501111566,0.39848466652028025,0.39848466652028025,0.39848466652028025,0.39848466652028025,0.39848466652028025,0.39848466652028025,0.0,0.0,0.0,5.708562167631847,9
2006-08-08,5.292661252035001,4.0650953528284965,9.630926250198362,5.292661252035001,5.292661252035001,1.751224292718514,1.751224292718514,1.751224292718514,1.751224292718514,1.751224292718514,1.751224292718514,0.0,0.0,0.0,7.043885544753515,9
2006-08-09,5.275245002958436,4.159096335052266,9.90521246186571,5.275245002958436,5.275245002958436,1.740572390371696,1.740572390371696,1.740572390371696,1.740572390371696,1.740572390371696,1.740572390371696,0.0,0.0,0.0,7.015817393330132,9
2006-08-10,5.257828753882298,2.92011447188545,8.698249575673172,5.257828753882298,5.257828753882298,0.6427147008431168,0.6427147008431168,0.6427147008431168,0.6427147008431168,0.6427147008431168,0.6427147008431168,0.0,0.0,0.0,5.9005434547254145,9
2006-08-11,5.2404125048061605,2.1265600700404064,7.655736395475745,5.2404125048061605,5.2404125048061605,-0.2549723761118256,-0.2549723761118256,-0.2549723761118256,-0.2549723761118256,-0.2549723761118256,-0.2549723761118256,0.0,0.0,0.0,4.985440128694335,9
2006-08-12,5.222996255730023,1.5880220901659126,7.011581328938155,5.222996255730023,5.222996255730023,-1.0043739416695694,-1.0043739416695694,-1.0043739416695694,-1.0043739416695694,-1.0043739416695694,-1.0043739416695694,0.0,0.0,0.0,4.218622314060454,9
2006-08-13,5.2055800066451505,-0.9375619060522788,4.790793679521454,5.2055800066451505,5.2055800066451505,-3.273649732673985,-3.273649732673985,-3.273649732673985,-3.273649732673985,-3.273649732673985,-3.273649732673985,0.0,0.0,0.0,1.9319302739711657,9
2006-08-14,5.188163757560279,2.641137969720345,8.511505620087062,5.188163757560279,5.188163757560279,0.3984846665223047,0.3984846665223047,0.3984846665223047,0.3984846665223047,0.3984846665223047,0.3984846665223047,0.0,0.0,0.0,5.5866484240825836,9
2006-08-15,5.170747508475406,4.103127375117385,9.76013603965612,5.170747508475406,5.170747508475406,1.7512242927199533,1.7512242927199533,1.7512242927199533,1.7512242927199533,1.7512242927199533,1.7512242927199533,0.0,0.0,0.0,6.92197180119536,9
2006-08-16,5.15333125938039,3.9326148039242828,9.768314628567474,5.15333125938039,5.15333125938039,1.7405723903742278,1.7405723903742278,1.7405723903742278,1.7405723903742278,1.7405723903742278,1.7405723903742278,0.0,0.0,0.0,6.893903649754618,9
2006-08-17,5.135915010285373,2.9512387041903483,8.535076702022371,5.135915010285373,5.135915010285373,0.6427147008399664,0.6427147008399664,0.6427147008399664,0.6427147008399664,0.6427147008399664,0.6427147008399664,0.0,0.0,0.0,5.7786297111253395,9
2006-08-18,5.11849876118952,2.0475553470818286,7.697945093455304,5.11849876118952,5.11849876118952,-0.254972376111557,-0.254972376111557,-0.254972376111557,-0.254972376111557,-0.254972376111557,-0.254972376111557,0.0,0.0,0.0,4.863526385077963,9
2006-08-19,5.101082512093667,1.3439944050451094,6.854674883664707,5.101082512093667,5.101082512093667,-1.0043739416706081,-1.0043739416706081,-1.0043739416706081,-1.0043739416706081,-1.0043739416706081,-1.0043739416706081,0.0,0.0,0.0,4.096708570423059,9
2006-08-20,5.083666262997814,-1.19202633920741,4.535219392426198,5.083666262997814,5.083666262997814,-3.273649732673508,-3.273649732673508,-3.273649732673508,-3.273649732673508,-3.273649732673508,-3.273649732673508,0.0,0.0,0.0,1.8100165303243059,9
2006-08-21,5.066250013909028,2.6757678523759676,8.319943967923987,5.066250013909028,5.066250013909028,0.39848466652432935,0.39848466652432935,0.39848466652432935,0.39848466652432935,0.39848466652432935,0.39848466652432935,0.0,0.0,0.0,5.464734680433358,9
2006-08-22,5.048833764820241,3.8511575971100664,9.648729568459558,5.048833764820241,5.048833764820241,1.7512242927177564,1.7512242927177564,1.7512242927177564,1.7512242927177564,1.7512242927177564,1.7512242927177564,0.0,0.0,0.0,6.800058057537997,9
2006-08-23,5.031417515731455,4.0142427484702665,9.47537751054307,5.031417515731455,5.031417515731455,1.7405723903750405,1.7405723903750405,1.7405723903750405,1.7405723903750405,1.7405723903750405,1.7405723903750405,0.0,0.0,0.0,6.771989906106496,9
2006-08-24,5.014001266638601,2.784568648349853,8.477231951558275,5.014001266638601,5.014001266638601,0.6427147008407492,0.6427147008407492,0.6427147008407492,0.6427147008407492,0.6427147008407492,0.6427147008407492,0.0,0.0,0.0,5.65671596747935,9
2006-08-25,4.996585017545748,1.9927044933832845,7.508559330595077,4.996585017545748,4.996585017545748,-0.2549723761131122,-0.2549723761131122,-0.2549723761131122,-0.2549723761131122,-0.2549723761131122,-0.2549723761131122,0.0,0.0,0.0,4.741612641432635,9
2006-08-26,4.979168768444408,1.0471087596453565,6.853977139348282,4.979168768444408,4.979168768444408,-1.0043739416716473,-1.0043739416716473,-1.0043739416716473,-1.0043739416716473,-1.0043739416716473,-1.0043739416716473,0.0,0.0,0.0,3.9747948267727606,9
2006-08-27,4.9617525193430705,-1.1970641063210425,4.642983921499291,4.9617525193430705,4.9617525193430705,-3.27364973267303,-3.27364973267303,-3.27364973267303,-3.27364973267303,-3.27364973267303,-3.27364973267303,0.0,0.0,0.0,1.6881027866700404,9
2006-08-28,4.944336270241731,2.6222235869614514,8.238858389510836,4.944336270241731,4.944336270241731,0.39848466652148445,0.39848466652148445,0.39848466652148445,0.39848466652148445,0.39848466652148445,0.39848466652148445,0.0,0.0,0.0,5.342820936763215,9
2006-08-29,4.9269200211386615,3.8158117162137235,9.366428237469382,4.9269200211386615,4.9269200211386615,1.751224292717512,1.751224292717512,1.751224292717512,1.751224292717512,1.751224292717512,1.751224292717512,0.0,0.0,0.0,6.678144313856174,9
2006-08-30,4.909503772035591,3.640587980472309,9.562815423285988,4.909503772035591,4.909503772035591,1.740572390371192,1.740572390371192,1.740572390371192,1.740572390371192,1.740572390371192,1.740572390371192,0.0,0.0,0.0,6.6500761624067835,9
2006-08-31,4.892087522932521,2.8317849078822577,8.318799882911202,4.892087522932521,4.892087522932521,0.6427147008415321,0.6427147008415321,0.6427147008415321,0.6427147008415321,0.6427147008415321,0.6427147008415321,0.0,0.0,0.0,5.5348022237740535,9
2006-09-01,4.874671273824254,1.6195244788655896,7.355808400416954,4.874671273824254,4.874671273824254,-0.2549723761146675,-0.2549723761146675,-0.2549723761146675,-0.2549723761146675,-0.2549723761146675,-0.2549723761146675,0.0,0.0,0.0,4.619698897709586,9
2006-09-02,4.857255024715986,1.0198777819614964,6.794759486652045,4.857255024715986,4.857255024715986,-1.0043739416749902,-1.0043739416749902,-1.0043739416749902,-1.0043739416749902,-1.0043739416749902,-1.0043739416749902,0.0,0.0,0.0,3.852881083040996,9
2006-09-03,4.839838775599747,-1.2190808038243954,4.341200479519856,4.839838775599747,4.839838775599747,-3.273649732673782,-3.273649732673782,-3.273649732673782,-3.273649732673782,-3.273649732673782,-3.273649732673782,0.0,0.0,0.0,1.5661890429259655,9
2006-09-04,4.822422526483508,2.3668349724095457,8.229530647128824,4.822422526483508,4.822422526483508,0.3984846665235089,0.3984846665235089,0.3984846665235089,0.3984846665235089,0.3984846665235089,0.3984846665235089,0.0,0.0,0.0,5.220907193007017,9
2006-09-05,4.80500627736727,3.8427239722078497,9.371488062849613,4.80500627736727,4.80500627736727,1.7512242927189507,1.7512242927189507,1.7512242927189507,1.7512242927189507,1.7512242927189507,1.7512242927189507,0.0,0.0,0.0,6.556230570086221,9
2006-09-06,4.7875900282520565,3.6495148442761316,9.397363612735058,4.7875900282520565,4.7875900282520565,1.7405723903690626,1.7405723903690626,1.7405723903690626,1.7405723903690626,1.7405723903690626,1.7405723903690626,0.0,0.0,0.0,6.528162418621119,9
2006-09-07,4.770173779136843,2.391871510544504,8.243554493036765,4.770173779136843,4.770173779136843,0.6427147008423149,0.6427147008423149,0.6427147008423149,0.6427147008423149,0.6427147008423149,0.6427147008423149,0.0,0.0,0.0,5.4128884799791575,9
2006-09-08,4.752757530021629,1.6675594459353915,7.408438958308815,4.752757530021629,4.752757530021629,-0.25497237611047674,-0.25497237611047674,-0.25497237611047674,-0.25497237611047674,-0.25497237611047674,-0.25497237611047674,0.0,0.0,0.0,4.497785153911153,9
2006-09-09,4.735341280916906,0.853787646649154,6.773899026465031,4.735341280916906,4.735341280916906,-1.0043739416717241,-1.0043739416717241,-1.0043739416717241,-1.0043739416717241,-1.0043739416717241,-1.0043739416717241,0.0,0.0,0.0,3.730967339245182,9
2006-09-10,4.717925031812181,-1.3906137974748425,4.235387287974916,4.717925031812181,4.717925031812181,-3.2736497326733045,-3.2736497326733045,-3.2736497326733045,-3.2736497326733045,-3.2736497326733045,-3.2736497326733045,0.0,0.0,0.0,1.444275299138876,9
2006-09-11,4.700508782714847,2.0845554272079783,7.867285492808514,4.700508782714847,4.700508782714847,0.39848466652553316,0.39848466652553316,0.39848466652553316,0.39848466652553316,0.39848466652553316,0.39848466652553316,0.0,0.0,0.0,5.09899344924038,9
2006-09-12,4.683092533617512,3.679631311918204,9.324064405220266,4.683092533617512,4.683092533617512,1.7512242927203898,1.7512242927203898,1.7512242927203898,1.7512242927203898,1.7512242927203898,1.7512242927203898,0.0,0.0,0.0,6.434316826337902,9
2006-09-13,4.665676284520178,3.4911374608759647,9.145257104057004,4.665676284520178,4.665676284520178,1.7405723903745367,1.7405723903745367,1.7405723903745367,1.7405723903745367,1.7405723903745367,1.7405723903745367,0.0,0.0,0.0,6.406248674894714,9
2006-09-14,4.6482600354147685,2.489910501439238,8.044726664616874,4.6482600354147685,4.6482600354147685,0.6427147008391645,0.6427147008391645,0.6427147008391645,0.6427147008391645,0.6427147008391645,0.6427147008391645,0.0,0.0,0.0,5.290974736253933,9
2006-09-15,4.6308437863093594,1.4832450292515613,7.13306127535361,4.6308437863093594,4.6308437863093594,-0.2549723761120317,-0.2549723761120317,-0.2549723761120317,-0.2549723761120317,-0.2549723761120317,-0.2549723761120317,0.0,0.0,0.0,4.375871410197328,9
2006-09-16,4.6134275372039495,0.7323213506234632,6.530390022058704,4.6134275372039495,4.6134275372039495,-1.0043739416661532,-1.0043739416661532,-1.0043739416661532,-1.0043739416661532,-1.0043739416661532,-1.0043739416661532,0.0,0.0,0.0,3.6090535955377963,9
2006-09-17,4.5960112880985395,-1.5700839801243767,4.166957853275796,4.5960112880985395,4.5960112880985395,-3.2736497326728267,-3.2736497326728267,-3.2736497326728267,-3.2736497326728267,-3.2736497326728267,-3.2736497326728267,0.0,0.0,0.0,1.3223615554257129,9
2006-09-18,4.5785950389931305,2.141218924392827,7.742060354936157,4.5785950389931305,4.5785950389931305,0.3984846665275577,0.3984846665275577,0.3984846665275577,0.3984846665275577,0.3984846665275577,0.3984846665275577,0.0,0.0,0.0,4.977079705520688,9
2006-09-19,4.561178789887721,3.3828911512642947,9.22411205579285,4.561178789887721,4.561178789887721,1.7512242927165094,1.7512242927165094,1.7512242927165094,1.7512242927165094,1.7512242927165094,1.7512242927165094,0.0,0.0,0.0,6.312403082604231,9
2006-09-20,4.5437625407823115,3.6814093293979377,9.199571595315353,4.5437625407823115,4.5437625407823115,1.740572390372407,1.740572390372407,1.740572390372407,1.740572390372407,1.740572390372407,1.740572390372407,0.0,0.0,0.0,6.284334931154719,9
2006-09-21,4.5263462916769015,2.3160928867145185,7.903741748602569,4.5263462916769015,4.5263462916769015,0.6427147008399474,0.6427147008399474,0.6427147008399474,0.6427147008399474,0.6427147008399474,0.6427147008399474,0.0,0.0,0.0,5.169060992516849,9
2006-09-22,4.508930042571492,1.517401351426809,7.169083070214497,4.508930042571492,4.508930042571492,-0.2549723761135866,-0.2549723761135866,-0.2549723761135866,-0.2549723761135866,-0.2549723761135866,-0.2549723761135866,0.0,0.0,0.0,4.2539576664579055,9
2006-09-23,4.491513793466083,0.5768271493049453,6.34360928297618,4.491513793466083,4.491513793466083,-1.0043739416671922,-1.0043739416671922,-1.0043739416671922,-1.0043739416671922,-1.0043739416671922,-1.0043739416671922,0.0,0.0,0.0,3.487139851798891,9
2006-09-24,4.474097544360673,-1.6452346316023136,4.082224976375081,4.474097544360673,4.474097544360673,-3.273649732673579,-3.273649732673579,-3.273649732673579,-3.273649732673579,-3.273649732673579,-3.273649732673579,0.0,0.0,0.0,1.2004478116870945,9
2006-09-25,4.456681295255264,2.1106678702269583,7.70188566410293,4.456681295255264,4.456681295255264,0.3984846665247126,0.3984846665247126,0.3984846665247126,0.3984846665247126,0.3984846665247126,0.3984846665247126,0.0,0.0,0.0,4.855165961779977,9
2006-09-26,4.439265046149854,3.578506091787234,9.051917054087287,4.439265046149854,4.439265046149854,1.751224292719901,1.751224292719901,1.751224292719901,1.751224292719901,1.751224292719901,1.751224292719901,0.0,0.0,0.0,6.190489338869756,9
2006-09-27,4.421848797044445,3.188183072837441,9.036879553745855,4.421848797044445,4.421848797044445,1.7405723903702774,1.7405723903702774,1.7405723903702774,1.7405723903702774,1.7405723903702774,1.7405723903702774,0.0,0.0,0.0,6.162421187414723,9
2006-09-28,4.404432547939036,1.9879143708901104,7.929172248875293,4.404432547939036,4.404432547939036,0.6427147008407301,0.6427147008407301,0.6427147008407301,0.6427147008407301,0.6427147008407301,0.6427147008407301,0.0,0.0,0.0,5.047147248779766,9
2006-09-29,4.387016298833626,1.3148911508407255,6.9806808010285835,4.387016298833626,4.387016298833626,-0.2549723761151418,-0.2549723761151418,-0.2549723761151418,-0.2549723761151418,-0.2549723761151418,-0.2549723761151418,0.0,0.0,0.0,4.132043922718484,9
2006-09-30,4.369600049728216,0.4454986398477952,6.110623316396632,4.369600049728216,4.369600049728216,-1.0043739416662298,-1.0043739416662298,-1.0043739416662298,-1.0043739416662298,-1.0043739416662298,-1.0043739416662298,0.0,0.0,0.0,3.3652261080619867,9
2006-10-01,4.352183800622807,-1.6986446300056237,3.989695927567225,4.352183800433452,4.352183800833072,-3.2736497326731016,-3.2736497326731016,-3.2736497326731016,-3.2736497326731016,-3.2736497326731016,-3.2736497326731016,0.0,0.0,0.0,1.0785340679497057,9
2006-10-02,4.334767551517398,1.9282131777677656,7.473558287796339,4.334767550514323,4.334767552454376,0.39848466652673703,0.39848466652673703,0.39848466652673703,0.39848466652673703,0.39848466652673703,0.39848466652673703,0.0,0.0,0.0,4.733252218044135,9
2006-10-03,4.317351302411987,3.3236911694257554,8.970684345446081,4.3173513002397295,4.317351304462052,1.75122429272134,1.75122429272134,1.75122429272134,1.75122429272134,1.75122429272134,1.75122429272134,0.0,0.0,0.0,6.068575595133328,9
2006-10-04,4.299935053306577,3.2550407376946717,8.919184146801577,4.2999350493534605,4.299935056695248,1.7405723903681476,1.7405723903681476,1.7405723903681476,1.7405723903681476,1.7405723903681476,1.7405723903681476,0.0,0.0,0.0,6.040507443674725,9
2006-10-05,4.282518804201168,2.0601395275523795,7.802940348503854,4.282518798427689,4.2825188092982405,0.6427147008375799,0.6427147008375799,0.6427147008375799,0.6427147008375799,0.6427147008375799,0.6427147008375799,0.0,0.0,0.0,4.925233505038748,9
2006-10-06,4.265102555095759,1.2265438372702386,6.943344733375166,4.265102547322512,4.265102561924913,-0.25497237611095097,-0.25497237611095097,-0.25497237611095097,-0.25497237611095097,-0.25497237611095097,-0.25497237611095097,0.0,0.0,0.0,4.0101301789848085,9
2006-10-07,4.24768630599035,0.5133914733539239,6.094665534978522,4.247686296324877,4.247686314388912,-1.0043739416672688,-1.0043739416672688,-1.0043739416672688,-1.0043739416672688,-1.0043739416672688,-1.0043739416672688,0.0,0.0,0.0,3.2433123643230815,9
