date,l_ipn,f,rolling_mean,rolling_std,upper_limit,anomaly,lag_1,lag_3,lag_7,pct_change,rolling_max,rolling_min,momentum,deviation_from_mean,z_score,anomaly_int,consecutive_anomalies,day_of_week,is_weekend,anomaly_isoforest,risk_score
2006-07-08,0,361,720.0,1027.4881994456189,2774.9763988912377,False,197.0,158.0,106.0,0.8324873096446701,2971.0,158.0,164.0,-359.0,-0.34939573680723635,0,0.0,5,1,0,0.33041033529370023
2006-07-09,0,68,598.2857142857143,1050.0631273540516,2698.4119689938175,False,361.0,184.0,920.0,-0.8116343490304709,2971.0,68.0,-293.0,-530.2857142857143,-0.5050036473253674,0,0.0,6,1,0,0.3796598638214963
2006-07-10,0,258,599.5714285714286,1049.5695716408159,2698.71057185306,False,68.0,197.0,249.0,2.7941176470588234,2971.0,68.0,190.0,-341.57142857142856,-0.3254395273512426,0,0.0,0,0,0,0.8124332463376407
2006-07-11,0,118,192.0,95.75489543621144,383.50979087242285,False,258.0,361.0,2971.0,-0.5426356589147288,361.0,68.0,-140.0,-74.0,-0.7728063608114176,0,0.0,1,0,0,0.40614114101267834
2006-07-12,0,236,203.14285714285714,95.67728495908864,394.4974270610344,False,118.0,68.0,158.0,1.0,361.0,68.0,118.0,32.85714285714286,0.3434163023859787,0,0.0,2,0,0,0.37019570583509254
2006-07-13,0,145,197.57142857142858,98.08305518429523,393.737538940019,False,236.0,258.0,184.0,-0.385593220338983,361.0,68.0,-91.0,-52.571428571428584,-0.5359888424433759,0,0.0,3,0,0,0.28399439993992726
2006-07-14,0,132,188.28571428571428,101.17429562511359,390.63430553594145,False,145.0,118.0,197.0,-0.08965517241379306,361.0,68.0,-13.0,-56.28571428571428,-0.5563241965234993,0,0.0,4,0,0,0.217127261886673
2006-07-15,0,333,184.28571428571428,93.46784524764587,371.221404781006,False,132.0,236.0,361.0,1.522727272727273,333.0,68.0,201.0,148.71428571428572,1.5910741219027953,0,0.0,5,1,0,0.9375577608477965
2006-07-16,0,784,286.57142857142856,232.85035047060924,752.2721295126471,True,333.0,145.0,68.0,1.3543543543543541,784.0,118.0,451.0,497.42857142857144,2.1362585414221753,1,1.0,6,1,0,1.3362790780863498
2006-07-17,0,1462,458.57142857142856,499.8405936372305,1458.2526158458895,True,784.0,132.0,258.0,0.864795918367347,1462.0,118.0,678.0,1003.4285714285714,2.0074971183350088,1,2.0,0,0,0,1.4188229710090898
2006-07-18,0,4191,1040.4285714285713,1468.7962029207067,3978.0209772699845,True,1462.0,333.0,118.0,1.8666210670314638,4191.0,132.0,2729.0,3150.5714285714284,2.1450024182091982,1,3.0,1,0,0,1.9674061131310854
2006-07-19,0,166,1030.4285714285713,1475.4091926358212,3981.2469567002136,False,4191.0,784.0,236.0,-0.9603913147220233,4191.0,132.0,-4025.0,-864.4285714285713,-0.5858907277277844,0,2.0,2,0,0,0.9451595833852303
2006-07-20,0,1501,1224.142857142857,1428.0389150359817,4080.220687214821,False,166.0,1462.0,145.0,8.042168674698795,4191.0,132.0,1335.0,276.8571428571429,0.19387226636708593,0,1.0,3,0,0,2.3283974619031786
2006-07-21,0,1243,1382.857142857143,1345.7970907695596,4074.451324396262,False,1501.0,4191.0,132.0,-0.17188540972684874,4191.0,166.0,-258.0,-139.8571428571429,-0.10392141785501631,0,0.0,4,0,0,0.07934384868096789
2006-07-22,0,492,1405.5714285714287,1326.32535690944,4058.2221423903084,False,1243.0,166.0,333.0,-0.6041834271922768,4191.0,166.0,-751.0,-913.5714285714287,-0.6887988810017281,0,0.0,5,1,0,0.392125465148674
2006-07-23,0,3797,1836.0,1559.4086486015574,4954.817297203115,False,492.0,1501.0,784.0,6.717479674796748,4191.0,166.0,3305.0,1961.0,1.2575279668887953,0,0.0,6,1,0,2.1195047071102655
2006-07-24,0,863,1750.4285714285713,1599.277321911667,4948.983215251906,False,3797.0,1243.0,1462.0,-0.7727153015538584,4191.0,166.0,-2934.0,-887.4285714285713,-0.5548934845264141,0,0.0,0,0,0,0.3873915449727095
2006-07-25,0,158,1174.2857142857142,1265.0417271491772,3704.3691685840686,False,863.0,492.0,4191.0,-0.8169177288528389,3797.0,158.0,-705.0,-1016.2857142857142,-0.8033614104906572,0,0.0,1,0,0,0.48540592588493975
2006-07-26,0,252,1186.5714285714287,1253.9868230491716,3694.5450746697716,False,158.0,3797.0,166.0,0.5949367088607596,3797.0,158.0,94.0,-934.5714285714287,-0.7452800969998559,0,0.0,2,0,0,0.40958221116513943
2006-07-27,0,278,1011.8571428571429,1287.6243536802485,3587.10585021764,False,252.0,863.0,1501.0,0.10317460317460325,3797.0,158.0,26.0,-733.8571428571429,-0.5699310789364492,0,0.0,3,0,0,0.22526952842140804
2006-07-28,0,1506,1049.4285714285713,1299.2772166532773,3647.983004735126,False,278.0,158.0,1243.0,4.41726618705036,3797.0,158.0,1228.0,456.57142857142867,0.3514041647197042,0,0.0,4,0,0,1.2273080044144864
2006-07-29,0,133,998.1428571428571,1331.6300072431823,3661.4028716292214,False,1506.0,252.0,492.0,-0.9116865869853917,3797.0,133.0,-1373.0,-865.1428571428571,-0.649687109737828,0,0.0,5,1,0,0.4553121351545877
2006-07-30,0,74,466.2857142857143,529.1133193956714,1524.512353077057,False,133.0,278.0,3797.0,-0.443609022556391,1506.0,74.0,-59.0,-392.2857142857143,-0.7414020635877095,0,0.0,6,1,0,0.3703929778947961
2006-07-31,0,146,363.85714285714283,508.5149714516547,1380.8870857604522,False,74.0,1506.0,863.0,0.972972972972973,1506.0,74.0,72.0,-217.85714285714283,-0.4284183373225846,0,0.0,0,0,0,0.39318966130614785
2006-08-01,0,426,402.14285714285717,500.4579331543699,1403.058723451597,False,146.0,133.0,158.0,1.9178082191780823,1506.0,74.0,280.0,23.857142857142833,0.047670624841664115,0,0.0,1,0,0,0.496136773489103
2006-08-02,0,1163,532.2857142857143,568.7045847906502,1669.6948838670146,False,426.0,74.0,252.0,1.7300469483568075,1506.0,74.0,737.0,630.7142857142857,1.1090367327636281,0,0.0,2,0,0,0.8206745935564717
2006-08-03,0,177,517.8571428571429,577.4453591961268,1672.7478612493965,False,1163.0,146.0,278.0,-0.8478073946689596,1506.0,74.0,-986.0,-340.8571428571429,-0.5902846590174529,0,0.0,3,0,0,0.41855147932334835
2006-08-04,0,458,368.14285714285717,380.98881373404805,1130.1204846109533,False,177.0,426.0,1506.0,1.5875706214689265,1163.0,74.0,281.0,89.85714285714283,0.23585243781289567,0,0.0,4,0,0,0.4794410086017451
2006-08-05,0,796,462.85714285714283,394.94490272755417,1252.746948312251,False,458.0,1163.0,133.0,0.7379912663755459,1163.0,74.0,338.0,333.14285714285717,0.8435172764781754,0,0.0,5,1,0,0.47972886336124787
2006-08-06,0,226,484.57142857142856,373.6040047710321,1231.7794381134927,False,796.0,177.0,74.0,-0.7160804020100502,1163.0,146.0,-570.0,-258.57142857142856,-0.6921002407586474,0,0.0,6,1,0,0.42125518476803914
2006-08-07,0,167,487.57142857142856,370.50364691991007,1228.5787224112487,False,226.0,458.0,146.0,-0.26106194690265483,1163.0,167.0,-59.0,-320.57142857142856,-0.8652314831017306,0,0.0,0,0,0,0.3680965058112694
2006-08-08,0,1561,649.7142857142857,545.9034451517708,1741.5211760178272,False,167.0,796.0,426.0,8.347305389221557,1561.0,167.0,1394.0,911.2857142857143,1.6693166267510815,0,0.0,1,0,0,2.6710871666682676
2006-08-09,0,611,570.8571428571429,497.0866552796845,1565.030453416512,False,1561.0,226.0,1163.0,-0.6085842408712363,1561.0,167.0,-950.0,40.14285714285711,0.08075625428469468,0,0.0,2,0,0,0.1804107492174522
2006-08-10,0,361,597.1428571428571,477.257941638632,1551.6587404201211,False,611.0,167.0,177.0,-0.4091653027823241,1561.0,167.0,-250.0,-236.1428571428571,-0.49479082817180314,0,0.0,3,0,0,0.27546811555571216
2006-08-11,0,132,550.5714285714286,508.0134043975809,1566.5982373665904,False,361.0,1561.0,458.0,-0.6343490304709141,1561.0,132.0,-229.0,-418.57142857142856,-0.8239377479190867,0,0.0,4,0,0,0.44696546938940884
2006-08-12,0,267,475.0,504.7550561080767,1484.5101122161534,False,132.0,611.0,796.0,1.022727272727273,1561.0,132.0,135.0,-208.0,-0.4120810546861627,0,0.0,5,1,0,0.39991018732197514
2006-08-13,0,109,458.2857142857143,516.1823690278844,1490.650452341483,False,267.0,361.0,226.0,-0.5917602996254682,1561.0,109.0,-158.0,-349.2857142857143,-0.6766711311291115,0,0.0,6,1,0,0.38477497080155604
2006-08-14,0,110,450.14285714285717,521.9605440297288,1494.0639452023147,False,109.0,132.0,167.0,0.00917431192660545,1561.0,109.0,1.0,-340.14285714285717,-0.6516639131383174,0,0.0,0,0,0,0.23037594758006244
2006-08-15,0,415,286.42857142857144,188.97606298405447,664.3806973966804,False,110.0,267.0,1561.0,2.772727272727273,611.0,109.0,305.0,128.57142857142856,0.6803582408143132,0,0.0,1,0,0,0.9313072024668279
2006-08-16,0,528,274.57142857142856,166.48208826863822,607.535605108705,False,415.0,109.0,611.0,0.272289156626506,528.0,109.0,113.0,253.42857142857144,1.5222571919993162,0,0.0,2,0,0,0.6008623063563872
2006-08-17,0,7488,1292.7142857142858,2736.6669334725234,6766.048152659332,True,528.0,110.0,361.0,13.181818181818182,7488.0,109.0,6960.0,6195.285714285714,2.263806974781005,1,1.0,3,0,1,4.487786986627897
2006-08-18,0,424,1334.4285714285713,2718.18878772507,6770.806146878712,False,7488.0,415.0,132.0,-0.9433760683760684,7488.0,109.0,-7064.0,-910.4285714285713,-0.33493941708189473,0,1.0,4,0,0,0.6030728130726802
2006-08-19,0,295,1338.4285714285713,2716.3761924754863,6771.180956379544,False,424.0,528.0,267.0,-0.3042452830188679,7488.0,109.0,-129.0,-1043.4285714285713,-0.38412520713356074,0,1.0,5,1,0,0.4605051432514632
2006-08-20,0,865,1446.4285714285713,2674.0477967021493,6794.52416483287,False,295.0,7488.0,109.0,1.9322033898305087,7488.0,110.0,570.0,-581.4285714285713,-0.2174338730860746,0,0.0,6,1,0,0.5591527030377532
2006-08-21,0,4085,2014.2857142857142,2763.511517030806,7541.308748347326,False,865.0,424.0,110.0,3.722543352601156,7488.0,295.0,3220.0,2070.714285714286,0.7493054635234755,0,0.0,0,0,0,1.1928927503835054
2006-08-22,0,2677,2337.4285714285716,2676.206946229611,7689.842463887793,False,4085.0,295.0,415.0,-0.3446756425948593,7488.0,295.0,-1408.0,339.57142857142844,0.1268853396337612,0,0.0,1,0,0,0.13057877952053124
2006-08-23,0,833,2381.0,2644.128274750174,7669.256549500348,False,2677.0,865.0,528.0,-0.6888307807246918,7488.0,295.0,-1844.0,-1548.0,-0.5854481452083782,0,0.0,2,0,0,0.3771145460041053
2006-08-24,0,143,1331.7142857142858,1481.4788460955394,4294.671977905365,False,833.0,4085.0,7488.0,-0.8283313325330132,4085.0,143.0,-690.0,-1188.7142857142858,-0.8023835647895514,0,0.0,3,0,0,0.4879170808095963
2006-08-25,0,4624,1931.7142857142858,1855.7962095630467,5643.306704840379,False,143.0,2677.0,424.0,31.335664335664333,4624.0,143.0,4481.0,2692.285714285714,1.450744260552283,0,0.0,4,0,1,8.491676575109382
2006-08-26,0,4218,2492.1428571428573,1871.4337131881384,6235.010283519134,False,4624.0,833.0,295.0,-0.08780276816609,4624.0,143.0,-406.0,1725.8571428571427,0.9222112017501778,0,0.0,5,1,0,0.3447246126540847
2006-08-27,0,182,2394.5714285714284,1984.7799926056337,6364.131413782696,False,4218.0,143.0,865.0,-0.9568515884305357,4624.0,143.0,-4036.0,-2212.5714285714284,-1.114769105727964,0,0.0,6,1,0,0.6293820841124214
2006-08-28,0,1252,1989.857142857143,1868.0415259991262,5725.940194855395,False,182.0,4624.0,4085.0,5.8791208791208796,4624.0,143.0,1070.0,-737.8571428571429,-0.39498968766906906,0,0.0,0,0,0,1.608026610464394
2006-08-29,0,363,1659.2857142857142,1929.8977273667222,5519.081169019159,False,1252.0,4218.0,2677.0,-0.7100638977635783,4624.0,143.0,-889.0,-1296.2857142857142,-0.6716862190089153,0,0.0,1,0,0,0.4126061510940149
2006-08-30,0,159,1563.0,1993.7504022988103,5550.500804597621,False,363.0,182.0,833.0,-0.5619834710743802,4624.0,143.0,-204.0,-1404.0,-0.7042004813336573,0,0.0,2,0,0,0.38696603623537507
2006-08-31,0,1853,1807.2857142857142,1892.9789322903832,5593.243578866481,False,159.0,1252.0,143.0,10.654088050314465,4624.0,159.0,1694.0,45.71428571428578,0.02414938945859293,0,0.0,3,0,0,2.6719742988891237
2006-09-01,0,1106,1304.7142857142858,1431.2052862634953,4167.124858241276,False,1853.0,363.0,4624.0,-0.4031300593631948,4218.0,159.0,-747.0,-198.71428571428578,-0.13884401226929294,0,0.0,4,0,0,0.14937791913505122
2006-09-02,0,124,719.8571428571429,683.4396897487092,2086.736522354561,False,1106.0,159.0,4218.0,-0.8878842676311031,1853.0,124.0,-982.0,-595.8571428571429,-0.8718503520884592,0,0.0,5,1,0,0.5271186901387365
2006-09-03,0,589,778.0,646.3626433099835,2070.725286619967,False,124.0,1853.0,182.0,3.75,1853.0,124.0,465.0,-189.0,-0.29240550801031373,0,0.0,6,1,0,1.0398419278036097
2006-09-04,0,148,620.2857142857143,646.1185944509263,1912.522903187567,False,589.0,1106.0,1252.0,-0.7487266553480476,1853.0,124.0,-441.0,-472.28571428571433,-0.730958234343158,0,0.0,0,0,0,0.4430170458571172
2006-09-05,0,2039,859.7142857142857,821.5927040989188,2502.8996939121234,False,148.0,124.0,363.0,12.777027027027026,2039.0,124.0,1891.0,1179.2857142857142,1.435365350798047,0,0.0,1,0,0,3.696634629536073
2006-09-06,0,162,860.1428571428571,821.1669397005368,2502.4767365439307,False,2039.0,589.0,159.0,-0.9205492888670918,2039.0,124.0,-1877.0,-698.1428571428571,-0.850183823639585,0,0.0,2,0,0,0.5277016604906277
2006-09-07,0,153,617.2857142857143,724.26047669001,2065.8066676657345,False,162.0,148.0,1853.0,-0.05555555555555558,2039.0,124.0,-9.0,-464.28571428571433,-0.6410479693674532,0,0.0,3,0,0,0.23825567816749751
2006-09-08,0,148,480.42857142857144,706.823612401016,1894.0757962306034,False,153.0,2039.0,1106.0,-0.0326797385620915,2039.0,124.0,-5.0,-332.42857142857144,-0.47031332979413115,0,0.0,4,0,0,0.17277960006846876
2006-09-09,0,136,482.14285714285717,705.8289284171334,1893.800713977124,False,148.0,162.0,124.0,-0.08108108108108103,2039.0,136.0,-12.0,-346.14285714285717,-0.4904061569352834,0,0.0,5,1,0,0.19191242519761945
2006-09-10,0,101,412.42857142857144,717.5186076896927,1847.4657868079566,False,136.0,153.0,589.0,-0.25735294117647056,2039.0,101.0,-35.0,-311.42857142857144,-0.43403552709381527,0,0.0,6,1,0,0.21625066977695298
2006-09-11,0,234,424.7142857142857,712.9580899991533,1850.6304657125925,False,101.0,148.0,148.0,1.3168316831683167,2039.0,101.0,133.0,-190.71428571428572,-0.26749718632064384,0,0.0,0,0,0,0.4228319360043045
2006-09-12,0,1372,329.42857142857144,461.47078533130195,1252.3701420911752,True,234.0,136.0,2039.0,4.863247863247863,1372.0,101.0,1138.0,1042.5714285714284,2.259235988754043,1,1.0,1,0,0,2.256544561875881
2006-09-13,0,1599,534.7142857142857,654.027959210135,1842.7702041345556,False,1372.0,101.0,162.0,0.1654518950437318,1599.0,101.0,227.0,1064.2857142857142,1.6272785941724246,0,1.0,2,0,0,0.8609104817212816
2006-09-14,0,125,530.7142857142857,656.8312097451221,1844.37670520453,False,1599.0,234.0,153.0,-0.9218261413383364,1599.0,101.0,-1474.0,-405.71428571428567,-0.6176842292479943,0,1.0,3,0,0,0.6966460155713821
2006-09-15,0,377,563.4285714285714,640.0819887959315,1843.5925490204345,False,125.0,1372.0,148.0,2.016,1599.0,101.0,252.0,-186.42857142857144,-0.29125732606020044,0,0.0,4,0,0,0.6059400641210702
2006-09-16,0,5706,1359.142857142857,2012.024140724247,5383.191138591351,True,377.0,1599.0,136.0,14.13527851458886,5706.0,101.0,5329.0,4346.857142857143,2.160439844269489,1,1.0,5,1,1,4.689973574141536
2006-09-17,0,604,1431.0,1968.1048413808314,5367.209682761662,False,5706.0,125.0,101.0,-0.8941465124430424,5706.0,125.0,-5102.0,-827.0,-0.42020118969767944,0,1.0,6,1,0,0.6206070445049484
2006-09-18,0,692,1496.4285714285713,1928.9014885112597,5354.231548451091,False,604.0,377.0,234.0,0.14569536423841067,5706.0,125.0,88.0,-804.4285714285713,-0.4170397358545448,0,1.0,0,0,0,0.43238774860869333
2006-09-19,0,1277,1482.857142857143,1930.2565829936902,5343.370308844524,False,692.0,5706.0,1372.0,0.8453757225433527,5706.0,125.0,585.0,-205.8571428571429,-0.10664755328610129,0,0.0,1,0,0,0.2486705742859736
2006-09-20,0,4638,1917.0,2272.202309067864,6461.404618135728,False,1277.0,604.0,1599.0,2.6319498825371967,5706.0,125.0,3361.0,2721.0,1.197516601917847,0,0.0,2,0,0,1.0771182813055455
2006-09-21,0,1505,2114.1428571428573,2147.2401999288472,6408.623257000552,False,4638.0,692.0,125.0,-0.6755066839154809,5706.0,377.0,-3133.0,-609.1428571428573,-0.28368640561320446,0,0.0,3,0,0,0.26816691294349176
2006-09-22,0,129,2078.714285714286,2182.436842483322,6443.58797068093,False,1505.0,1277.0,377.0,-0.9142857142857143,5706.0,129.0,-1376.0,-1949.7142857142858,-0.8933657271667544,0,0.0,4,0,0,0.5412494330797926
2006-09-23,0,1858,1529.0,1491.8889592280882,4512.777918456177,False,129.0,4638.0,5706.0,13.4031007751938,4638.0,129.0,1729.0,329.0,0.22052579433590588,0,0.0,5,1,1,3.5779592218160166
2006-09-24,0,2131,1747.142857142857,1444.9954358141795,4637.133728771216,False,1858.0,1505.0,604.0,0.14693218514531758,4638.0,129.0,273.0,383.8571428571429,0.2656459187944772,0,0.0,6,1,0,0.1297091178643964
2006-09-25,0,1591,1875.5714285714287,1373.7823526239347,4623.136133819298,False,2131.0,129.0,692.0,-0.2534021586109808,4638.0,129.0,-540.0,-284.57142857142867,-0.2071444766752538,0,0.0,0,0,0,0.13585110648908402
2006-09-26,0,3679,2218.714285714286,1494.0719208799503,5206.858127474186,False,1591.0,1858.0,1277.0,1.312382149591452,4638.0,129.0,2088.0,1460.2857142857142,0.9773864859543026,0,0.0,1,0,0,0.6701808074818689
2006-09-27,0,152,1577.857142857143,1220.4497024418818,4018.756547740906,False,3679.0,2131.0,4638.0,-0.9586844251155205,3679.0,129.0,-3527.0,-1425.857142857143,-1.1683047063072194,0,0.0,2,0,0,0.6485777534864069
2006-09-28,0,3270,1830.0,1375.3782510034591,4580.756502006918,False,152.0,1591.0,1505.0,20.513157894736842,3679.0,129.0,3118.0,1440.0,1.046984702920485,0,0.0,3,0,0,5.49473411970638
2006-09-29,0,5818,2642.714285714286,1813.707226859369,6270.128739433024,False,3270.0,3679.0,129.0,0.7792048929663609,5818.0,152.0,2548.0,3175.285714285714,1.7507156887040194,0,0.0,4,0,1,0.957551714287997
2006-09-30,0,3264,2843.5714285714284,1790.0194465557115,6423.6103216828515,False,5818.0,152.0,1858.0,-0.43898246820213127,5818.0,152.0,-2554.0,420.42857142857156,0.23487374390753524,0,0.0,5,1,0,0.19195142741817015
2006-07-08,1,2392,2861.285714285714,1802.662264012657,6466.610242311028,False,1702.0,6760.0,640.0,0.4054054054054055,6760.0,1535.0,690.0,-469.2857142857142,-0.26032924805216134,0,0.0,5,1,0,0.19246658816960782
2006-07-09,1,1537,2700.714285714286,1872.194943044635,6445.104171803556,False,2392.0,1535.0,2661.0,-0.3574414715719063,6760.0,1535.0,-855.0,-1163.7142857142858,-0.6215775145755036,0,0.0,6,1,0,0.3069124979944028
2006-07-10,1,1718,2508.5714285714284,1897.6620578264942,6303.895544224417,False,1537.0,1702.0,3063.0,0.11776187378009118,6760.0,1535.0,181.0,-790.5714285714284,-0.4166028514639159,0,0.0,0,0,0,0.17525146645739334
2006-07-11,1,1620,2466.285714285714,1916.273702987625,6298.833120260964,False,1718.0,2392.0,1916.0,-0.057043073341094264,6760.0,1535.0,-98.0,-846.2857142857142,-0.44163091553674066,0,0.0,1,0,0,0.16883158877313278
2006-07-12,1,1635,1734.142857142857,298.7336765813479,2331.6102103055528,False,1620.0,1537.0,6760.0,0.0092592592592593,2392.0,1535.0,15.0,-99.14285714285711,-0.3318770583841057,0,0.0,2,0,0,0.11847178524925181
2006-07-13,1,1595,1742.7142857142858,292.870684936608,2328.4556555875015,False,1635.0,1718.0,1535.0,-0.024464831804281384,2392.0,1537.0,-40.0,-147.71428571428578,-0.5043669041255856,0,0.0,3,0,0,0.1826446243950253
2006-07-14,1,1489,1712.2857142857142,308.45621746892687,2329.198149223568,False,1595.0,1620.0,1702.0,-0.06645768025078369,2392.0,1489.0,-106.0,-223.28571428571422,-0.7238813627395722,0,0.0,4,0,0,0.26997289702154614
2006-07-15,1,1845,1634.142857142857,118.13047669339743,1870.403810529652,False,1489.0,1635.0,2392.0,0.23908663532572194,1845.0,1489.0,356.0,210.8571428571429,1.7849511058429268,0,0.0,5,1,0,0.6845045458764549
2006-07-16,1,1835,1676.7142857142858,130.35172200078995,1937.4177297158658,False,1845.0,1595.0,1537.0,-0.005420054200542035,1845.0,1489.0,-10.0,158.28571428571422,1.2142969783075455,0,0.0,6,1,0,0.4263589559577764
2006-07-17,1,2824,1834.7142857142858,454.92882750518015,2744.571940724646,True,1835.0,1489.0,1718.0,0.5389645776566758,2824.0,1489.0,989.0,989.2857142857142,2.1745944260446,1,1.0,0,0,0,1.145849193529779
2006-07-18,1,2312,1933.5714285714287,475.2283160555064,2884.0280606824417,False,2824.0,1845.0,1620.0,-0.18130311614730876,2824.0,1489.0,-512.0,378.42857142857133,0.7963089544127281,0,1.0,1,0,0,0.574033913081282
2006-07-19,1,2366,2038.0,478.9857339559637,2995.9714679119274,False,2312.0,1835.0,1635.0,0.023356401384083014,2824.0,1489.0,54.0,328.0,0.6847802969897058,0,1.0,2,0,0,0.49551220429241777
2006-07-20,1,2807,2211.1428571428573,510.20042746990725,3231.543712082672,False,2366.0,2824.0,1595.0,0.18639053254437865,2824.0,1489.0,441.0,595.8571428571427,1.1678883417113646,0,0.0,3,0,0,0.45535855273507225
2006-07-21,1,3079,2438.285714285714,488.59585012759226,3415.4774145408987,False,2807.0,2312.0,1489.0,0.09690060562878511,3079.0,1835.0,272.0,640.7142857142858,1.311337933864133,0,0.0,4,0,0,0.48319342825964284
2006-07-22,1,1613,2405.1428571428573,540.6438842008752,3486.4306255446077,False,3079.0,2366.0,1845.0,-0.47612861318609934,3079.0,1613.0,-1466.0,-792.1428571428573,-1.465184136248727,0,0.0,5,1,0,0.6318466009835793
2006-07-23,1,8813,3402.0,2433.559669838952,8269.119339677904,True,1613.0,2807.0,1835.0,4.463732176069436,8813.0,1613.0,7200.0,5411.0,2.2234918029041677,1,1.0,6,1,1,2.2941551750338176
2006-07-24,1,1487,3211.0,2536.764671781756,8284.529343563512,False,8813.0,3079.0,2824.0,-0.8312719845682515,8813.0,1487.0,-7326.0,-1724.0,-0.6796058035580612,0,1.0,0,0,0,0.6956800273873842
2006-07-25,1,846,3001.5714285714284,2679.833692423397,8361.238813418222,False,1487.0,1613.0,2312.0,-0.43106926698049763,8813.0,846.0,-641.0,-2155.5714285714284,-0.8043676093117741,0,1.0,1,0,0,0.6392959800042453
2006-07-26,1,2076,2960.1428571428573,2693.503568995311,8347.149995133479,False,846.0,8813.0,2366.0,1.4539007092198584,8813.0,846.0,1230.0,-884.1428571428573,-0.3282501141032998,0,0.0,2,0,0,0.4783627172411195
2006-07-27,1,1638,2793.1428571428573,2740.4122213377213,8273.9672998183,False,2076.0,1487.0,2807.0,-0.2109826589595376,8813.0,846.0,-438.0,-1155.1428571428573,-0.42152156669472274,0,0.0,3,0,0,0.20027821308303734
2006-07-28,1,2518,2713.0,2738.861807393721,8190.723614787442,False,1638.0,846.0,3079.0,0.5372405372405373,8813.0,846.0,880.0,-195.0,-0.0711974582878228,0,0.0,4,0,0,0.1592292447108723
2006-07-29,1,1447,2689.285714285714,2750.666689749094,8190.619093783902,False,2518.0,2076.0,1613.0,-0.4253375694996029,8813.0,846.0,-1071.0,-1242.2857142857142,-0.45163076806035096,0,0.0,5,1,0,0.26440516119602353
2006-07-30,1,2108,1731.4285714285713,549.6343806394873,2830.6973327075457,False,1447.0,1638.0,8813.0,0.456807187284036,2518.0,846.0,661.0,376.57142857142867,0.6851307614381558,0,0.0,6,1,0,0.3539975633243635
2006-07-31,1,2281,1844.857142857143,572.2483227211272,2989.3537882993974,False,2108.0,2518.0,1487.0,0.08206831119544589,2518.0,846.0,173.0,436.1428571428571,0.7621566236268998,0,0.0,0,0,0,0.2872718960682764
2006-08-01,1,3097,2166.4285714285716,549.4084264439523,3265.245424316476,False,2281.0,1447.0,846.0,0.35773783428320916,3097.0,1447.0,816.0,930.5714285714284,1.6937698201260882,0,0.0,1,0,0,0.6822538956149331
2006-08-02,1,2385,2210.5714285714284,553.3313826701136,3317.234193911656,False,3097.0,2108.0,2076.0,-0.22989990313206332,3097.0,1447.0,-712.0,174.42857142857156,0.31523346359739757,0,0.0,2,0,0,0.16780668804210497
2006-08-03,1,1701,2219.5714285714284,542.8799305994096,3305.3312897702476,False,2385.0,2281.0,1638.0,-0.2867924528301887,3097.0,1447.0,-684.0,-518.5714285714284,-0.9552230424997075,0,0.0,3,0,0,0.4060261780824448
2006-08-04,1,2051,2152.8571428571427,528.6008035595577,3210.058749976258,False,1701.0,3097.0,2518.0,0.20576131687242794,3097.0,1447.0,350.0,-101.85714285714266,-0.19269199033434023,0,0.0,4,0,0,0.11888252583512605
2006-08-05,1,1601,2174.8571428571427,496.5609826837084,3167.9791082245592,False,2051.0,2385.0,1447.0,-0.21940516821062894,3097.0,1601.0,-450.0,-573.8571428571427,-1.1556629524113047,0,0.0,5,1,0,0.45933332539661387
2006-08-06,1,3881,2428.1428571428573,810.0221043427214,4048.1870658283,False,1601.0,1701.0,2108.0,1.424109931292942,3881.0,1601.0,2280.0,1452.8571428571427,1.7936018253477424,0,0.0,6,1,0,0.9837881216949452
2006-08-07,1,1720,2348.0,853.5875272440827,4055.175054488165,False,3881.0,2051.0,2281.0,-0.5568152538005668,3881.0,1601.0,-2161.0,-628.0,-0.735718333034218,0,0.0,0,0,0,0.396705230012118
2006-08-08,1,6040,2768.4285714285716,1643.3812559418323,6055.1910833122365,False,1720.0,1601.0,3097.0,2.511627906976744,6040.0,1601.0,4320.0,3271.5714285714284,1.9907561905279905,0,0.0,1,0,0,1.3246716434289827
2006-08-09,1,3365,2908.4285714285716,1647.0120275965264,6202.452626621624,False,6040.0,3881.0,2385.0,-0.4428807947019867,6040.0,1601.0,-2675.0,456.57142857142844,0.27721195604477794,0,0.0,2,0,0,0.20774438329116895
2006-08-10,1,3288,3135.1428571428573,1560.036690655216,6255.216238453289,False,3365.0,1720.0,1701.0,-0.02288261515601786,6040.0,1601.0,-77.0,152.85714285714266,0.09798304283030175,0,0.0,3,0,0,0.040014718779610076
2006-08-11,1,4746,3520.1428571428573,1580.3062391586677,6680.755335460193,False,3288.0,6040.0,2051.0,0.4434306569343065,6040.0,1601.0,1458.0,1225.8571428571427,0.7757085966785054,0,0.0,4,0,0,0.3823556730710535
2006-08-12,1,5069,4015.5714285714284,1413.1471800138004,6841.865788599029,False,4746.0,3365.0,1601.0,0.06805731142014326,6040.0,1720.0,323.0,1053.4285714285716,0.7454485837517634,0,0.0,5,1,0,0.27792133216815296
2006-08-13,1,4795,4146.142857142857,1440.5998089420302,7027.342475026917,False,5069.0,3288.0,3881.0,-0.05405405405405406,6040.0,1720.0,-274.0,648.8571428571431,0.450407624883405,0,0.0,6,1,0,0.17115618222270526
2006-08-14,1,4910,4601.857142857143,974.2986244082535,6550.45439167365,False,4795.0,4746.0,1720.0,0.023983315954118956,6040.0,3288.0,115.0,308.1428571428569,0.3162714657092888,0,0.0,0,0,0,0.11669084198678081
2006-08-15,1,6275,4635.428571428572,1034.312147781135,6704.052866990842,False,4910.0,5069.0,6040.0,0.2780040733197555,6275.0,3288.0,1365.0,1639.5714285714284,1.585180466300164,0,0.0,1,0,0,0.6243141815349962
2006-08-16,1,6754,5119.571428571428,1129.336509806072,7378.244448183572,False,6275.0,4795.0,3365.0,0.07633466135458167,6754.0,3288.0,479.0,1634.4285714285716,1.4472467176650174,0,0.0,2,0,0,0.5256200165214016
2006-08-17,1,9190,5962.714285714285,1627.3655309820788,9217.445347678444,False,6754.0,4910.0,3288.0,0.3606751554634291,9190.0,4746.0,2436.0,3227.2857142857147,1.9831350935070924,0,0.0,3,0,0,0.7842660715933396
2006-08-18,1,4921,5987.714285714285,1606.77271928191,9201.259724278105,False,9190.0,6275.0,4746.0,-0.4645266594124048,9190.0,4795.0,-4269.0,-1066.7142857142853,-0.6638862275133431,0,0.0,4,0,0,0.34849184448277126
2006-08-19,1,5393,6034.0,1580.346164610783,9194.692329221565,False,4921.0,6754.0,5069.0,0.09591546433651699,9190.0,4795.0,472.0,-641.0,-0.40560733483464106,0,0.0,5,1,0,0.1659414332762536
2006-08-20,1,8134,6511.0,1646.5691604059682,9804.138320811937,False,5393.0,9190.0,4795.0,0.5082514370480251,9190.0,4910.0,2741.0,1623.0,0.985685891106441,0,0.0,6,1,0,0.4720529211492606
2006-08-21,1,9596,7180.428571428572,1829.5819975377724,10839.592566504116,False,8134.0,4921.0,4910.0,0.17973936562576842,9596.0,4921.0,1462.0,2415.5714285714284,1.3202859552725232,0,0.0,0,0,0,0.5070349257518252
2006-08-22,1,8554,7506.0,1844.3220073150696,11194.64401463014,False,9596.0,5393.0,6275.0,-0.10858691121300545,9596.0,4921.0,-1042.0,1048.0,0.5682304880389919,0,0.0,1,0,0,0.22602739861689852
2006-08-23,1,10574,8051.714285714285,2128.052060319154,12307.818406352593,False,8554.0,8134.0,6754.0,0.23614683189151275,10574.0,4921.0,2020.0,2522.2857142857147,1.185255637991713,0,0.0,2,0,0,0.4738761812699777
2006-08-24,1,5482,7522.0,2255.1862450804415,12032.372490160884,False,10574.0,9596.0,9190.0,-0.4815585398146397,10574.0,4921.0,-5092.0,-2040.0,-0.9045816040268629,0,0.0,3,0,1,0.5869931963630619
2006-08-28,1,11,6820.571428571428,3575.8704235073037,13972.312275586035,False,5482.0,8554.0,4921.0,-0.9979934330536301,10574.0,11.0,-5471.0,-6809.571428571428,-1.9043115669860635,0,0.0,0,0,1,1.0660074067085297
2006-07-08,2,1359,2097.5714285714284,1197.288444380726,4492.148317332881,False,2077.0,4725.0,1677.0,-0.34569090033702454,4725.0,1296.0,-718.0,-738.5714285714284,-0.6168700832861869,0,0.0,5,1,0,0.3023272542344215
2006-07-09,2,2170,2116.714285714286,1197.211164092856,4511.136613899998,False,1359.0,1606.0,2036.0,0.5967623252391465,4725.0,1296.0,811.0,53.28571428571422,0.04450819992228152,0,0.0,6,1,0,0.16476845128258516
2006-07-10,2,1408,2132.714285714286,1185.101924489439,4502.918134693164,False,2170.0,2077.0,1296.0,-0.35115207373271884,4725.0,1359.0,-762.0,-724.7142857142858,-0.61152063347741,0,0.0,0,0,0,0.3018202401502732
2006-07-11,2,1329,2096.285714285714,1208.468688642189,4513.223091570092,False,1408.0,1359.0,1584.0,-0.056107954545454586,4725.0,1329.0,-79.0,-767.2857142857142,-0.6349239456080418,0,0.0,1,0,0,0.23625036959917825
2006-07-12,2,1602,1650.142857142857,342.3582083974946,2334.8592739378464,False,1329.0,2170.0,4725.0,0.20541760722347635,2170.0,1329.0,273.0,-48.14285714285711,-0.14062129826531844,0,0.0,2,0,0,0.10057185619873055
2006-07-13,2,1263,1601.142857142857,372.911709198226,2346.966275539309,False,1602.0,1408.0,1606.0,-0.21161048689138573,2170.0,1263.0,-339.0,-338.1428571428571,-0.9067638256847406,0,0.0,3,0,0,0.3702699607125056
2006-07-14,2,1539,1524.2857142857142,308.34272829959434,2140.9711708849027,False,1263.0,1329.0,2077.0,0.21852731591448937,2170.0,1263.0,276.0,14.71428571428578,0.04772055212141553,0,0.0,4,0,0,0.07133402222111777
2006-07-15,2,822,1447.5714285714287,407.2553896278743,2262.082207827177,False,1539.0,1602.0,1359.0,-0.4658869395711501,2170.0,822.0,-717.0,-625.5714285714287,-1.5360666283198174,0,0.0,5,1,0,0.6540950548047235
2006-07-16,2,622,1226.4285714285713,367.98498934189087,1962.398550112353,False,822.0,1263.0,2170.0,-0.24330900243309006,1602.0,622.0,-200.0,-604.4285714285713,-1.6425358982282954,0,0.0,6,1,0,0.6357148149881758
2006-07-17,2,2705,1411.7142857142858,673.964320095585,2759.6429259054557,False,622.0,1539.0,1408.0,3.34887459807074,2705.0,622.0,2083.0,1293.2857142857142,1.918923089152647,0,0.0,0,0,0,1.5088417307211115
2006-07-18,2,2002,1507.857142857143,707.3729399619946,2922.603022781132,False,2705.0,822.0,1329.0,-0.2598890942698706,2705.0,622.0,-703.0,494.1428571428571,0.698560578503046,0,0.0,1,0,0,0.3094684760435337
2006-07-19,2,1938,1555.857142857143,725.9810439608431,3007.819230778829,False,2002.0,622.0,1602.0,-0.031968031968031996,2705.0,622.0,-64.0,382.1428571428571,0.5263813085175479,0,0.0,2,0,0,0.19222546597314977
2006-07-20,2,2446,1724.857142857143,781.9796307175416,3288.8164042922263,False,1938.0,2705.0,1263.0,0.26212590299277605,2705.0,622.0,508.0,721.1428571428571,0.9222015760936425,0,0.0,3,0,0,0.38830202738096886
2006-07-21,2,3144,1954.142857142857,938.116273634107,3830.375404411071,False,2446.0,2002.0,1539.0,0.2853638593622241,3144.0,622.0,698.0,1189.857142857143,1.2683471799975943,0,0.0,4,0,0,0.5152624778397139
2006-07-22,2,1071,1989.7142857142858,891.6005671984352,3772.915420111156,False,3144.0,1938.0,822.0,-0.6593511450381679,3144.0,622.0,-2073.0,-918.7142857142858,-1.0304101513718695,0,0.0,5,1,0,0.5254813392396963
2006-07-23,2,4524,2547.1428571428573,1091.3741229250752,4729.891102993008,False,1071.0,2446.0,622.0,3.224089635854342,4524.0,1071.0,3453.0,1976.8571428571427,1.8113468912432593,0,0.0,6,1,0,1.4399938208987262
2006-07-24,2,1859,2426.285714285714,1117.5092414659957,4661.304197217705,False,4524.0,3144.0,2705.0,-0.5890804597701149,4524.0,1071.0,-2665.0,-567.2857142857142,-0.5076340205161836,0,0.0,0,0,0,0.32494202212319295
2006-07-25,2,1430,2344.5714285714284,1173.228289399646,4691.02800737072,False,1859.0,1071.0,2002.0,-0.23076923076923073,4524.0,1071.0,-429.0,-914.5714285714284,-0.7795340676997179,0,0.0,1,0,0,0.3305292313872089
2006-07-26,2,2414,2412.5714285714284,1159.449561522314,4731.470551616057,False,1430.0,4524.0,1938.0,0.6881118881118882,4524.0,1071.0,984.0,1.4285714285715585,0.0012321117396213253,0,0.0,2,0,0,0.1724592111368395
2006-07-27,2,2053,2356.4285714285716,1167.051106727673,4690.5307848839175,False,2414.0,1859.0,2446.0,-0.1495443247721624,4524.0,1071.0,-361.0,-303.42857142857156,-0.2599959565433289,0,0.0,3,0,0,0.1283846659832057
2006-07-28,2,1587,2134.0,1139.9912280364265,4413.982456072853,False,2053.0,1430.0,3144.0,-0.2269849001461276,4524.0,1071.0,-466.0,-547.0,-0.47982824933126506,0,0.0,4,0,0,0.22468611230247465
2006-07-29,2,717,2083.4285714285716,1201.2145044555054,4485.8575803395825,False,1587.0,2414.0,1071.0,-0.5482041587901701,4524.0,717.0,-870.0,-1366.4285714285716,-1.1375391780442776,0,0.0,5,1,0,0.5351897520130396
2006-07-30,2,622,1526.0,666.0575550706302,2858.1151101412606,False,717.0,2053.0,4524.0,-0.13249651324965128,2414.0,622.0,-95.0,-904.0,-1.3572400456169849,0,0.0,6,1,0,0.5081581442783575
2006-07-31,2,876,1385.5714285714287,687.4306891468776,2760.432806865184,False,622.0,1587.0,1859.0,0.40836012861736326,2414.0,622.0,254.0,-509.57142857142867,-0.7412695260828798,0,0.0,0,0,0,0.36153436628334873
2006-08-01,2,754,1289.0,726.5204745910459,2742.040949182092,False,876.0,717.0,1430.0,-0.13926940639269403,2414.0,622.0,-122.0,-535.0,-0.7363866695391919,0,0.0,1,0,0,0.29255268593689066
2006-08-02,2,740,1049.857142857143,548.0941003670272,2146.0453435911973,False,754.0,622.0,2414.0,-0.018567639257294433,2053.0,622.0,-14.0,-309.8571428571429,-0.5653356549473764,0,0.0,2,0,0,0.20250938904590532
2006-08-03,2,540,833.7142857142857,348.5870117515887,1530.888309217463,False,740.0,876.0,2053.0,-0.2702702702702703,1587.0,540.0,-200.0,-293.71428571428567,-0.842585258161428,0,0.0,3,0,0,0.3624724079240673
2006-08-04,2,4309,1222.5714285714287,1365.0872813539377,3952.745991279304,True,540.0,754.0,1587.0,6.979629629629629,4309.0,540.0,3769.0,3086.4285714285716,2.260975243837595,1,1.0,4,0,1,2.9362487427505655
2006-08-05,2,424,1180.7142857142858,1387.4814970881243,3955.6772798905345,False,4309.0,740.0,717.0,-0.901601299605477,4309.0,424.0,-3885.0,-756.7142857142858,-0.5453869344193168,0,1.0,5,1,0,0.6662857519481301
2006-08-06,2,1531,1310.5714285714287,1368.888095882062,4048.347620335553,False,424.0,540.0,622.0,2.6108490566037736,4309.0,424.0,1107.0,220.42857142857133,0.16102745759963713,0,1.0,6,1,0,0.9590718743108164
2006-08-07,2,484,1254.5714285714287,1397.3512869166498,4049.274002404728,False,1531.0,4309.0,876.0,-0.6838667537557153,4309.0,424.0,-1047.0,-770.5714285714287,-0.5514514712740788,0,0.0,0,0,0,0.3639747033848564
2006-08-08,2,2108,1448.0,1410.16606587073,4268.33213174146,False,484.0,424.0,754.0,3.355371900826446,4309.0,424.0,1624.0,660.0,0.46802997979686345,0,0.0,1,0,0,1.0026534681355137
2006-08-09,2,664,1437.142857142857,1416.8025537069288,4270.747964556715,False,2108.0,1531.0,740.0,-0.6850094876660342,4309.0,424.0,-1444.0,-773.1428571428571,-0.5456955520464352,0,0.0,2,0,0,0.3622458151327609
2006-08-10,2,816,1476.5714285714287,1391.2852400020702,4259.141908575569,False,664.0,484.0,540.0,0.22891566265060237,4309.0,424.0,152.0,-660.5714285714287,-0.4747922315502488,0,0.0,3,0,0,0.22340619670523768
2006-08-11,2,705,961.7142857142857,623.3208682227016,2208.356022159689,False,816.0,2108.0,4309.0,-0.13602941176470584,2108.0,424.0,-111.0,-256.71428571428567,-0.41184932942766944,0,0.0,4,0,0,0.17815461824086076
2006-08-12,2,659,995.2857142857143,595.2287275453327,2185.7431693763797,False,705.0,664.0,424.0,-0.0652482269503546,2108.0,484.0,-46.0,-336.28571428571433,-0.564968881832764,0,0.0,5,1,0,0.21405116537905602
2006-08-13,2,609,863.5714285714286,557.7588658021941,1979.0891601758167,False,659.0,816.0,1531.0,-0.07587253414264039,2108.0,484.0,-50.0,-254.57142857142856,-0.45641842669969596,0,0.0,6,1,0,0.17871458288055367
2006-08-14,2,734,899.2857142857143,537.0219468779363,1973.329608041587,False,609.0,705.0,484.0,0.20525451559934327,2108.0,609.0,125.0,-165.28571428571433,-0.30778204162568973,0,0.0,0,0,0,0.1590373434688272
2006-08-15,2,995,740.2857142857143,130.10215766300306,1000.4900296117205,False,734.0,659.0,2108.0,0.3555858310626703,995.0,609.0,261.0,254.71428571428567,1.9578020127539992,0,0.0,1,0,0,0.7741271622295672
2006-08-16,2,1317,833.5714285714286,247.4616853460012,1328.4947992634309,False,995.0,609.0,664.0,0.3236180904522612,1317.0,609.0,322.0,483.42857142857144,1.9535490967708806,0,0.0,2,0,0,0.7646467064828735
2006-08-17,2,6062,1583.0,1990.480595233221,5563.961190466442,True,1317.0,734.0,816.0,3.6028853454821563,6062.0,609.0,4745.0,4479.0,2.2502103201730033,1,1.0,3,0,0,1.93829494843109
2006-08-18,2,984,1622.857142857143,1972.6832342921002,5568.223611441344,False,6062.0,995.0,705.0,-0.837677334213131,6062.0,609.0,-5078.0,-638.8571428571429,-0.32385186253579074,0,1.0,4,0,0,0.5727674854408095
2006-08-19,2,1085,1683.7142857142858,1944.3601959072735,5572.434677528832,False,984.0,1317.0,659.0,0.10264227642276413,6062.0,609.0,101.0,-598.7142857142858,-0.3079235441536487,0,1.0,5,1,0,0.38343380955946804
2006-08-20,2,752,1704.142857142857,1931.8979811376707,5567.938819418198,False,1085.0,6062.0,609.0,-0.3069124423963133,6062.0,734.0,-333.0,-952.1428571428571,-0.49285358829021403,0,0.0,6,1,0,0.24922686650065323
2006-08-21,2,3912,2158.1428571428573,2036.5012012903755,6231.145259723608,False,752.0,984.0,734.0,4.202127659574468,6062.0,752.0,3160.0,1753.8571428571427,0.8612109500027536,0,0.0,0,0,0,1.3519557473945807
2006-08-22,2,3885,2571.0,2054.2638584174138,6679.5277168348275,False,3912.0,1085.0,995.0,-0.006901840490797562,6062.0,752.0,-27.0,1314.0,0.6396451888200193,0,0.0,1,0,0,0.22560127620970613
2006-08-23,2,1327,2572.4285714285716,2053.2496890817456,6678.927949592063,False,3885.0,752.0,1317.0,-0.6584298584298585,6062.0,752.0,-2558.0,-1245.4285714285716,-0.606564594645041,0,0.0,2,0,0,0.37690507273322893
2006-08-24,2,1355,1900.0,1380.5136725146908,4661.027345029382,False,1327.0,3912.0,6062.0,0.02110022607385087,3912.0,752.0,28.0,-545.0,-0.39478058559133505,0,0.0,3,0,0,0.14344826147542997
2006-08-25,2,4463,2397.0,1603.940875884561,5604.881751769122,False,1355.0,3885.0,984.0,2.2937269372693727,4463.0,752.0,3108.0,2066.0,1.288077396231855,0,0.0,4,0,0,1.0242588229984924
2006-08-26,2,1173,2409.5714285714284,1592.2459878154145,5594.0634042022575,False,4463.0,1327.0,1085.0,-0.7371723056240197,4463.0,752.0,-3290.0,-1236.5714285714284,-0.7766208426763346,0,0.0,5,1,0,0.45611037134272203
2006-08-27,2,1088,2457.5714285714284,1538.0920927286131,5533.755614028654,False,1173.0,1355.0,752.0,-0.07246376811594202,4463.0,1088.0,-85.0,-1369.5714285714284,-0.8904352516613115,0,0.0,6,1,0,0.32976828011044457
2006-08-28,2,1883,2167.714285714286,1403.627053302231,4974.968392318748,False,1088.0,4463.0,3912.0,0.7306985294117647,4463.0,1088.0,795.0,-284.7142857142858,-0.20284183253381793,0,0.0,0,0,0,0.25366927373977743
2006-08-29,2,3885,2167.714285714286,1403.627053302231,4974.968392318748,False,1883.0,1173.0,3885.0,1.063197026022305,4463.0,1088.0,2002.0,1717.2857142857142,1.2234629547862643,0,0.0,1,0,0,0.6940112906807687
2006-08-30,2,2004,2264.4285714285716,1358.6475943798982,4981.723760188368,False,3885.0,1088.0,1327.0,-0.48416988416988416,4463.0,1088.0,-1881.0,-260.42857142857156,-0.1916822070631288,0,0.0,2,0,0,0.18813124351456612
2006-08-31,2,2591,2441.0,1299.80036928753,5040.60073857506,False,2004.0,1883.0,1355.0,0.29291417165668654,4463.0,1088.0,587.0,150.0,0.1154023359203978,0,0.0,3,0,0,0.11361936048631086
2006-09-01,2,2941,2223.5714285714284,997.285959850175,4218.143348271778,False,2591.0,3885.0,4463.0,0.13508297954457738,3885.0,1088.0,350.0,717.4285714285716,0.719380993133146,0,0.0,4,0,0,0.28555409248274544
2006-09-02,2,1153,2220.714285714286,1000.8197830255142,4222.353851765314,False,2941.0,2004.0,1173.0,-0.6079564773886433,3885.0,1088.0,-1788.0,-1067.7142857142858,-1.066839697970548,0,0.0,5,1,0,0.5253830136368526
2006-09-03,2,1150,2229.5714285714284,989.3330846489222,4208.237597869273,False,1153.0,2591.0,1088.0,-0.002601908065914982,3885.0,1150.0,-3.0,-1079.5714285714284,-1.0912112759702317,0,0.0,6,1,0,0.3825744236060598
2006-09-04,2,694,2059.714285714286,1148.0844501873125,4355.883186088911,False,1150.0,2941.0,1883.0,-0.39652173913043476,3885.0,694.0,-456.0,-1365.7142857142858,-1.1895590725890206,0,0.0,0,0,0,0.5154761101887659
2006-09-05,2,1222,1679.2857142857142,843.1689657250814,3365.6236457358773,False,694.0,1153.0,3885.0,0.760806916426513,2941.0,694.0,528.0,-457.2857142857142,-0.542341722064041,0,0.0,1,0,0,0.3800213318290426
2006-09-06,2,1127,1554.0,851.9886540715581,3257.9773081431163,False,1222.0,1150.0,2004.0,-0.07774140752864156,2941.0,694.0,-95.0,-427.0,-0.5011803771653662,0,0.0,2,0,0,0.19484848389003856
2006-09-07,2,2748,1576.4285714285713,885.2545504246887,3346.937672277949,False,1127.0,694.0,2591.0,1.4383318544809227,2941.0,694.0,1621.0,1171.5714285714287,1.3234288541923844,0,0.0,3,0,0,0.8227830625875652
2006-09-08,2,1299,1341.857142857143,649.589467425754,2641.0360777086507,False,2748.0,1222.0,2941.0,-0.527292576419214,2748.0,694.0,-1449.0,-42.85714285714289,-0.06597573443920407,0,0.0,4,0,0,0.15491465115852493
2006-09-09,2,879,1302.7142857142858,670.7760963455466,2644.266478405379,False,1299.0,1127.0,1153.0,-0.3233256351039261,2748.0,694.0,-420.0,-423.7142857142858,-0.6316776666699152,0,0.0,5,1,0,0.3019185921104518
2006-09-10,2,1574,1363.2857142857142,673.8243377136482,2710.9343897130107,False,879.0,2748.0,1150.0,0.7906712172923778,2748.0,694.0,695.0,210.71428571428578,0.3127139683053305,0,0.0,6,1,0,0.3071176932299601
2006-09-11,2,1248,1442.4285714285713,611.7921371247081,2666.0128456779876,False,1574.0,1299.0,694.0,-0.20711562897077507,2748.0,879.0,-326.0,-194.42857142857133,-0.31780167879294285,0,0.0,0,0,0,0.16300949482022375
2006-09-12,2,1469,1477.7142857142858,604.0335846859593,2685.7814550862045,False,1248.0,879.0,1222.0,0.17708333333333326,2748.0,879.0,221.0,-8.71428571428578,-0.01442682292996698,0,0.0,1,0,0,0.04932022135882176
2006-09-13,2,4465,1954.5714285714287,1251.5500865117695,4457.671601594968,True,1469.0,1574.0,1127.0,2.039482641252553,4465.0,879.0,2996.0,2510.4285714285716,2.0058554415244405,1,1.0,2,0,0,1.4619200648466923
2006-09-14,2,4312,2178.0,1526.257077515667,5230.514155031335,False,4465.0,1248.0,2748.0,-0.03426651735722286,4465.0,879.0,-153.0,2134.0,1.398191705352585,0,1.0,3,0,0,0.7479337262127104
2006-09-15,2,1166,2159.0,1539.7911113740931,5238.582222748186,False,4312.0,1469.0,1299.0,-0.7295918367346939,4465.0,879.0,-3146.0,-993.0,-0.644892665125811,0,1.0,4,0,0,0.6581103919777073
2006-09-16,2,5122,2765.1428571428573,1769.879697283728,6304.902251710313,False,1166.0,4465.0,879.0,3.392795883361921,5122.0,1166.0,3956.0,2356.8571428571427,1.331648209286642,0,0.0,5,1,0,1.314275844090805
2006-09-17,2,1176,2708.285714285714,1820.2000544157877,6348.68582311729,False,5122.0,4312.0,1574.0,-0.7704021866458415,5122.0,1166.0,-3946.0,-1532.2857142857142,-0.8418226898467436,0,0.0,6,1,0,0.4872384881078206
2006-09-18,2,1228,2705.4285714285716,1822.887988617956,6351.204548664484,False,1176.0,1166.0,1248.0,0.04421768707482987,5122.0,1166.0,52.0,-1477.4285714285716,-0.8104878481556198,0,0.0,0,0,0,0.2947251686231744
2006-09-19,2,2718,2883.8571428571427,1740.9800332543948,6365.817209365932,False,1228.0,5122.0,1469.0,1.2133550488599347,5122.0,1166.0,1490.0,-165.85714285714266,-0.09526653880943273,0,0.0,1,0,0,0.3366820507982851
2006-09-20,2,13421,4163.285714285715,4382.899980389153,12929.08567506402,True,2718.0,1176.0,4465.0,3.9378219278881534,13421.0,1166.0,10703.0,9257.714285714286,2.1122348915135305,1,1.0,2,0,1,2.123737694001774
2006-09-21,2,5920,4393.0,4433.836224610317,13260.672449220634,False,13421.0,1228.0,4312.0,-0.558900230981298,13421.0,1166.0,-7501.0,1527.0,0.3443970230745804,0,1.0,3,0,1,0.6602640158214277
2006-09-22,2,1486,4438.714285714285,4396.512129491048,13231.738544696382,False,5920.0,2718.0,1166.0,-0.7489864864864865,13421.0,1176.0,-4434.0,-2952.7142857142853,-0.6716038059333324,0,1.0,4,0,0,0.6723079536982879
2006-09-23,2,3184,4161.857142857143,4407.319534160244,12976.496211177631,False,1486.0,13421.0,5122.0,1.142664872139973,13421.0,1176.0,1698.0,-977.8571428571431,-0.22187116978001212,0,0.0,5,1,1,0.5133211274579975
2006-09-24,2,983,4134.285714285715,4429.65877972129,12993.603273728295,False,3184.0,5920.0,1176.0,-0.6912688442211055,13421.0,983.0,-2201.0,-3151.2857142857147,-0.711405971403046,0,0.0,6,1,0,0.4218093010463424
2006-09-25,2,993,4100.714285714285,4456.167101680012,13013.04848907431,False,983.0,1486.0,1228.0,0.010172939979654183,13421.0,983.0,10.0,-3107.7142857142853,-0.697396261816279,0,0.0,0,0,0,0.24663192663061118
2006-09-26,2,5574,4508.714285714285,4439.181144996815,13387.076575707917,False,993.0,3184.0,2718.0,4.613293051359516,13421.0,983.0,4581.0,1065.2857142857147,0.23997347192885146,0,0.0,1,0,1,1.387313978014977
2006-09-27,2,1649,2827.0,2128.7697542634014,7084.539508526803,False,5574.0,983.0,13421.0,-0.70416218155723,5920.0,983.0,-3925.0,-1178.0,-0.5533712568524818,0,0.0,2,0,0,0.3697204852876761
2006-09-28,2,4506,2625.0,1832.881520084335,6290.76304016867,False,1649.0,993.0,5920.0,1.7325651910248636,5574.0,983.0,2857.0,1881.0,1.0262529078534885,0,0.0,3,0,0,0.7923298155049369
2006-09-29,2,4405,3042.0,1862.3723222456522,6766.744644491304,False,4506.0,5574.0,1486.0,-0.022414558366622317,5574.0,983.0,-101.0,1363.0,0.731862247092391,0,0.0,4,0,0,0.2617554260739924
2006-09-30,2,5560,3381.4285714285716,2094.606634282664,7570.641839993899,False,4405.0,1649.0,3184.0,0.2622020431328036,5574.0,983.0,1155.0,2178.5714285714284,1.0400861825383543,0,0.0,5,1,0,0.42958067467162486
2006-07-08,3,35,41.857142857142854,23.05376738141058,87.96467761996402,False,51.0,87.0,22.0,-0.3137254901960784,87.0,18.0,-16.0,-6.857142857142854,-0.2974411847436383,0,0.0,5,1,0,0.182535787209293
2006-07-09,3,23,40.857142857142854,23.793756684114786,88.44465622537243,False,35.0,18.0,30.0,-0.34285714285714286,87.0,18.0,-12.0,-17.857142857142854,-0.7504966781516209,0,0.0,6,1,0,0.348388123067353
2006-07-10,3,40,43.0,22.78157149978903,88.56314299957806,False,23.0,51.0,25.0,0.7391304347826086,87.0,18.0,17.0,-3.0,-0.13168532658840132,0,0.0,0,0,0,0.23087247300159264
2006-07-11,3,102,50.857142857142854,32.007439611380825,114.8720220799045,False,40.0,35.0,47.0,1.5499999999999998,102.0,18.0,62.0,51.142857142857146,1.5978423074568358,0,0.0,1,0,0,0.9467448076098924
2006-07-12,3,13,40.285714285714285,30.252902261404525,100.79151880852334,False,102.0,23.0,87.0,-0.8725490196078431,102.0,13.0,-89.0,-27.285714285714285,-0.901920253162679,0,0.0,2,0,0,0.5338093435088984
2006-07-13,3,65,47.0,29.692872320923527,106.38574464184705,False,13.0,40.0,18.0,4.0,102.0,13.0,52.0,18.0,0.6062058848128743,0,0.0,3,0,0,1.212172059684506
2006-07-14,3,15,41.857142857142854,31.918795776305906,105.69473440975466,False,65.0,102.0,51.0,-0.7692307692307692,102.0,13.0,-50.0,-26.857142857142854,-0.8414206673446272,0,0.0,4,0,0,0.48680492587831176
2006-07-15,3,297,79.28571428571429,101.1248638824206,281.5354420505555,True,15.0,13.0,35.0,18.8,297.0,13.0,282.0,217.71428571428572,2.152925164262013,1,1.0,5,1,1,5.853523807491705
2006-07-16,3,23,79.28571428571429,101.1248638824206,281.5354420505555,False,297.0,65.0,23.0,-0.9225589225589226,297.0,13.0,-274.0,-56.28571428571429,-0.5565961382672133,0,1.0,6,1,0,0.6754483790332553
2006-07-17,3,26,77.28571428571429,102.1644332856177,281.6145808569497,False,23.0,15.0,40.0,0.13043478260869557,297.0,13.0,3.0,-51.28571428571429,-0.5019918147288929,0,1.0,0,0,0,0.4583058308072864
2006-07-18,3,43,68.85714285714286,102.21941852607813,273.29597990929915,False,26.0,297.0,102.0,0.6538461538461537,297.0,13.0,17.0,-25.85714285714286,-0.2529572237879046,0,0.0,1,0,0,0.25199656678730503
2006-07-19,3,28,71.0,101.00330027611308,273.00660055222613,False,43.0,23.0,13.0,-0.34883720930232553,297.0,15.0,-15.0,-43.0,-0.4257286209971808,0,0.0,2,0,0,0.23621431967459464
2006-07-20,3,17,64.14285714285714,103.08641774651753,270.3156926358922,False,28.0,26.0,65.0,-0.3928571428571429,297.0,15.0,-11.0,-47.14285714285714,-0.45731390808087946,0,0.0,3,0,0,0.25827415354259353
2006-07-21,3,74,72.57142857142857,100.78501400316938,274.1414565777673,False,17.0,43.0,15.0,3.352941176470588,297.0,17.0,57.0,1.4285714285714306,0.014174441517486827,0,0.0,4,0,0,0.8431963486487674
2006-07-22,3,74,40.714285714285715,24.067365772724187,88.8490172597341,False,74.0,28.0,297.0,0.0,74.0,17.0,0.0,33.285714285714285,1.3830221707610242,0,0.0,5,1,0,0.48405775976635845
2006-07-23,3,49,44.42857142857143,22.853571149509975,90.13571372759138,False,74.0,17.0,23.0,-0.33783783783783783,74.0,17.0,-25.0,4.571428571428569,0.20003116979881247,0,0.0,6,1,0,0.1544703688890438
2006-07-24,3,45,47.142857142857146,21.38089935299396,89.90465584884507,False,49.0,74.0,26.0,-0.08163265306122447,74.0,17.0,-4.0,-2.142857142857146,-0.10022291884218117,0,0.0,0,0,0,0.05548618486006952
2006-07-25,3,64,50.142857142857146,22.161743098024974,94.4663433389071,False,45.0,74.0,43.0,0.4222222222222223,74.0,17.0,19.0,13.857142857142854,0.6252728651858225,0,0.0,1,0,0,0.3244010583705934
2006-07-26,3,40,51.857142857142854,20.570436484014078,92.99801582517101,False,64.0,49.0,28.0,-0.375,74.0,17.0,-24.0,-11.857142857142854,-0.5764164072159251,0,0.0,2,0,0,0.29549574252557376
2006-07-27,3,38,54.857142857142854,15.560940111151943,85.97902307944673,False,40.0,45.0,17.0,-0.050000000000000044,74.0,38.0,-2.0,-16.857142857142854,-1.0832977894493716,0,0.0,3,0,0,0.39165422630728003
2006-07-28,3,47,51.0,13.190905958272932,77.38181191654587,False,38.0,64.0,74.0,0.23684210526315796,74.0,38.0,9.0,-4.0,-0.3032389875466779,0,0.0,4,0,0,0.16534417195712675
2006-07-29,3,39,46.0,8.981462390205008,63.96292478041002,False,47.0,40.0,74.0,-0.17021276595744683,64.0,38.0,-8.0,-7.0,-0.7793822322088351,0,0.0,5,1,0,0.315336972762454
2006-07-30,3,71,49.142857142857146,13.107613200332247,75.35808354352164,False,39.0,38.0,49.0,0.8205128205128205,71.0,38.0,32.0,21.857142857142854,1.6675138217727243,0,0.0,6,1,0,0.7887580427486587
2006-07-31,3,58,51.0,13.341664064126348,77.6833281282527,False,71.0,47.0,45.0,-0.18309859154929575,71.0,38.0,-13.0,7.0,0.5246717890389703,0,0.0,0,0,0,0.22940977405096352
2006-08-01,3,39,47.42857142857143,12.607631853460083,72.6438351354916,False,58.0,39.0,64.0,-0.3275862068965517,71.0,38.0,-19.0,-8.42857142857143,-0.6685287801269725,0,0.0,1,0,0,0.3158816247685783
2006-08-02,3,49,48.714285714285715,12.17530678209365,73.064899278473,False,39.0,71.0,40.0,0.2564102564102564,71.0,38.0,10.0,0.2857142857142847,0.023466681880054845,0,0.0,2,0,0,0.07231590276058329
2006-08-03,3,25,46.857142857142854,14.792211592913487,76.44156604296982,False,49.0,58.0,38.0,-0.4897959183673469,71.0,25.0,-24.0,-21.857142857142854,-1.4776105617302246,0,0.0,3,0,0,0.6396126761974154
2006-08-04,3,39,45.714285714285715,15.085470777255475,75.88522726879667,False,25.0,39.0,47.0,0.56,71.0,25.0,14.0,-6.714285714285715,-0.4450826469123151,0,0.0,4,0,0,0.29577892641931025
2006-08-05,3,55,48.0,15.110702608857528,78.22140521771506,False,39.0,49.0,39.0,0.41025641025641035,71.0,25.0,16.0,7.0,0.4632475106367103,0,0.0,5,1,0,0.26470073128695115
2006-08-06,3,37,43.142857142857146,11.52430144562021,66.19146003409756,False,55.0,25.0,71.0,-0.32727272727272727,58.0,25.0,-18.0,-6.142857142857146,-0.5330346348103708,0,0.0,6,1,0,0.26838030400181156
2006-08-07,3,47,41.57142857142857,9.77849925188154,61.12842707519165,False,37.0,39.0,58.0,0.2702702702702702,55.0,25.0,10.0,5.428571428571431,0.5551532742607865,0,0.0,0,0,0,0.2618712135588428
2006-08-08,3,18,38.57142857142857,13.289809916588265,65.15104840460509,False,47.0,55.0,39.0,-0.6170212765957447,55.0,18.0,-29.0,-20.57142857142857,-1.5479087527552913,0,0.0,1,0,0,0.6960233826132881
2006-08-09,3,19,34.285714285714285,14.174087692150135,62.633889670014554,False,18.0,37.0,49.0,0.05555555555555558,55.0,18.0,1.0,-15.285714285714285,-1.0784259159000846,0,0.0,2,0,0,0.39133795945391847
2006-08-10,3,70,40.714285714285715,18.732452106031452,78.17918992634861,False,19.0,47.0,25.0,2.6842105263157894,70.0,18.0,51.0,29.285714285714285,1.563367064080963,0,0.0,3,0,0,1.2182311040072844
2006-08-11,3,14,37.142857142857146,21.318447187264617,79.77975151738639,False,70.0,18.0,39.0,-0.8,70.0,14.0,-56.0,-23.142857142857146,-1.085578423408726,0,0.0,4,0,0,0.579952448193054
2006-08-12,3,69,39.142857142857146,23.786751014157524,86.7163591711722,False,14.0,19.0,55.0,3.928571428571429,70.0,14.0,55.0,29.857142857142854,1.2552000181686078,0,0.0,5,1,0,1.42146286350187
2006-08-13,3,37,39.142857142857146,23.786751014157524,86.7163591711722,False,69.0,70.0,37.0,-0.46376811594202894,70.0,14.0,-32.0,-2.142857142857146,-0.09008612570588108,0,0.0,6,1,0,0.1474721729825656
2006-08-14,3,27,36.285714285714285,23.886637029339827,84.05898834439394,False,37.0,14.0,47.0,-0.2702702702702703,70.0,14.0,-10.0,-9.285714285714285,-0.3887408004274814,0,0.0,0,0,0,0.20362684771718603
2006-08-15,3,47,40.42857142857143,22.670517880109866,85.76960718879116,False,27.0,69.0,18.0,0.7407407407407407,70.0,14.0,20.0,6.571428571428569,0.28986658829387274,0,0.0,1,0,0,0.2866384910880406
2006-08-16,3,49,44.714285714285715,20.693914449376067,86.10211461303786,False,47.0,37.0,19.0,0.042553191489361764,70.0,14.0,2.0,4.285714285714285,0.20710012236676073,0,0.0,2,0,0,0.08312334070070669
2006-08-17,3,14,36.714285714285715,20.105673210268176,76.92563213482207,False,49.0,27.0,70.0,-0.7142857142857143,69.0,14.0,-35.0,-22.714285714285715,-1.12974453425613,0,0.0,3,0,0,0.5739820155610741
2006-08-18,3,25,38.285714285714285,18.391250507730447,75.06821530117517,False,14.0,47.0,14.0,0.7857142857142858,69.0,14.0,11.0,-13.285714285714285,-0.7223928060901462,0,0.0,4,0,0,0.4492660535601226
2006-08-19,3,350,78.42857142857143,120.39636919062683,319.2213098098251,True,25.0,49.0,69.0,13.0,350.0,14.0,325.0,271.57142857142856,2.255644483638849,1,1.0,5,1,1,4.439475569273598
2006-08-20,3,34,78.0,120.57362895757929,319.14725791515855,False,350.0,14.0,37.0,-0.9028571428571428,350.0,14.0,-316.0,-44.0,-0.3649222199844218,0,1.0,6,1,1,0.7534370627088334
2006-08-21,3,26,77.85714285714286,120.64469676344196,319.1465363840268,False,34.0,25.0,27.0,-0.23529411764705888,350.0,14.0,-8.0,-51.85714285714286,-0.42983355215760477,0,1.0,0,0,0,0.4592652726669264
2006-08-22,3,98,85.14285714285714,120.00892823928918,325.1607136214355,False,26.0,350.0,47.0,2.769230769230769,350.0,14.0,72.0,12.857142857142861,0.10713487716645442,0,0.0,1,0,0,0.7298048993159514
2006-08-23,3,50,85.28571428571429,119.95931850105727,325.20435128782884,False,98.0,34.0,49.0,-0.4897959183673469,350.0,14.0,-48.0,-35.28571428571429,-0.2941473141490893,0,0.0,2,0,0,0.22540053954401798
2006-08-24,3,20,86.14285714285714,119.38513108343739,324.9131193097319,False,50.0,26.0,14.0,-0.6,350.0,20.0,-30.0,-66.14285714285714,-0.5540292245969738,0,0.0,3,0,0,0.3439102286089408
2006-08-25,3,54,90.28571428571429,117.3963575325264,325.07842935076707,False,20.0,98.0,25.0,1.7000000000000002,350.0,20.0,34.0,-36.28571428571429,-0.3090871979123272,0,0.0,4,0,0,0.5331805192693145
2006-08-26,3,97,54.142857142857146,31.991814429259765,118.12648600137668,False,54.0,50.0,350.0,0.7962962962962963,98.0,20.0,43.0,42.857142857142854,1.3396279712621095,0,0.0,5,1,0,0.6679438640158124
2006-08-27,3,200,77.85714285714286,62.01190361919391,201.8809500955307,False,97.0,20.0,34.0,1.0618556701030926,200.0,20.0,103.0,122.14285714285714,1.9696676011793242,0,0.0,6,1,0,0.9548475779385366
2006-08-28,3,20,77.0,62.883490149110976,202.76698029822194,False,200.0,54.0,26.0,-0.9,200.0,20.0,-180.0,-57.0,-0.9064380936945324,0,0.0,0,0,0,0.5422533327930863
2006-08-29,3,33,67.71428571428571,64.05392073795925,195.82212719020418,False,20.0,97.0,98.0,0.6499999999999999,200.0,20.0,13.0,-34.71428571428571,-0.5419540270885131,0,0.0,1,0,0,0.35218390948097955
2006-08-30,3,9,61.857142857142854,67.71368293884818,197.28450873483922,False,33.0,200.0,50.0,-0.7272727272727273,200.0,9.0,-24.0,-52.857142857142854,-0.7805975507033387,0,0.0,2,0,0,0.45502732456435036
2006-08-31,3,63,68.0,65.18691075157142,198.37382150314284,False,9.0,20.0,20.0,6.0,200.0,9.0,54.0,-5.0,-0.07670250323765244,0,0.0,3,0,0,1.5268458761331785
2006-09-01,3,14,62.285714285714285,68.29766781209614,198.88104990990655,False,63.0,33.0,54.0,-0.7777777777777778,200.0,9.0,-49.0,-48.285714285714285,-0.7069891075734708,0,0.0,4,0,0,0.4418906320951592
2006-09-02,3,33,53.142857142857146,67.15015157944813,187.4431603017534,False,14.0,9.0,97.0,1.3571428571428572,200.0,9.0,19.0,-20.142857142857146,-0.2999673667058164,0,0.0,5,1,0,0.44427429263275003
2006-09-03,3,54,32.285714285714285,20.18014111046048,72.64599650663524,False,33.0,63.0,200.0,0.6363636363636365,63.0,9.0,21.0,21.714285714285715,1.0760219581819688,0,0.0,6,1,0,0.5356985944545982
2006-09-04,3,33,34.142857142857146,19.445895637456744,73.03464841777063,False,54.0,14.0,20.0,-0.38888888888888884,63.0,9.0,-21.0,-1.142857142857146,-0.05877109372863417,0,0.0,0,0,0,0.11779210502724417
2006-09-05,3,36,34.57142857142857,19.449568485848634,73.47056554312584,False,33.0,33.0,33.0,0.09090909090909083,63.0,9.0,3.0,1.4285714285714306,0.07344999428192485,0,0.0,1,0,0,0.0484347707259464
2006-09-06,3,43,39.42857142857143,15.925421426733108,71.27941428203765,False,36.0,54.0,9.0,0.19444444444444442,63.0,14.0,7.0,3.5714285714285694,0.22425945493906163,0,0.0,2,0,0,0.12710192033978268
2006-09-07,3,68,40.142857142857146,17.21848397729001,74.57982509743717,False,43.0,33.0,63.0,0.5813953488372092,68.0,14.0,25.0,27.857142857142854,1.6178617534079625,0,0.0,3,0,0,0.7116004509020892
2006-09-08,3,68,47.857142857142854,15.571647005894826,79.00043686893251,False,68.0,36.0,14.0,0.0,68.0,33.0,0.0,20.142857142857146,1.2935590050070997,0,0.0,4,0,0,0.4527456517524849
2006-09-09,3,66,52.57142857142857,15.31727938045953,83.20598733234763,False,68.0,43.0,33.0,-0.02941176470588236,68.0,33.0,-2.0,13.42857142857143,0.876693721390577,0,0.0,5,1,0,0.3141957436631725
2006-09-10,3,118,61.714285714285715,29.158842487967497,120.0319706902207,False,66.0,68.0,54.0,0.7878787878787878,118.0,33.0,52.0,56.285714285714285,1.9303130776130777,0,0.0,6,1,0,0.8725792741342742
2006-09-11,3,35,62.0,28.83863149781331,119.67726299562662,False,118.0,68.0,33.0,-0.7033898305084746,118.0,35.0,-83.0,-27.0,-0.9362438241776151,0,0.0,0,0,0,0.5035327960892839
2006-09-12,3,35,61.857142857142854,28.990967394624725,119.8390776463923,False,35.0,66.0,36.0,0.0,118.0,35.0,0.0,-26.857142857142854,-0.9263965988991627,0,0.0,1,0,0,0.3242388096147069
2006-09-13,3,22,58.857142857142854,32.17881586504068,123.21477458722421,False,35.0,118.0,43.0,-0.37142857142857144,118.0,22.0,-13.0,-36.857142857142854,-1.1453849500824929,0,0.0,2,0,0,0.4937418753860153
2006-09-14,3,29,53.285714285714285,33.67350237062912,120.63271902697252,False,22.0,35.0,68.0,0.3181818181818181,118.0,22.0,7.0,-24.285714285714285,-0.7212112006140734,0,0.0,3,0,0,0.3319693747603802
2006-09-15,3,33,48.285714285714285,33.722960950042605,115.73163618579949,False,29.0,35.0,68.0,0.13793103448275867,118.0,22.0,4.0,-15.285714285714285,-0.45327306150927876,0,0.0,4,0,0,0.19312833014893724
2006-09-16,3,39,44.42857142857143,32.89304456799923,110.2146605645699,False,33.0,22.0,66.0,0.18181818181818188,118.0,22.0,6.0,-5.428571428571431,-0.1650370116083029,0,0.0,5,1,0,0.10321749951745147
2006-09-17,3,43,33.714285714285715,6.7998599425354325,47.31400559935658,False,39.0,29.0,118.0,0.10256410256410264,43.0,22.0,4.0,9.285714285714285,1.365572336557362,0,0.0,6,1,0,0.5035913434361023
2006-09-18,3,21,31.714285714285715,8.260635280539743,48.2355562753652,False,43.0,33.0,35.0,-0.5116279069767442,43.0,21.0,-22.0,-10.714285714285715,-1.2970276958297928,0,0.0,0,0,0,0.5818666702846136
2006-09-19,3,39,32.285714285714285,8.65475371716403,49.595221720042346,False,21.0,39.0,35.0,0.8571428571428572,43.0,21.0,18.0,6.714285714285715,0.7757907591364995,0,0.0,1,0,0,0.48581247998348914
2006-09-20,3,63,38.142857142857146,13.208943579113106,64.56074430108336,False,39.0,43.0,22.0,0.6153846153846154,63.0,21.0,24.0,24.857142857142854,1.8818404280297159,0,0.0,2,0,0,0.8124903036565544
2006-09-21,3,38,39.42857142857143,12.594405409508244,64.61738224758793,False,63.0,21.0,29.0,-0.39682539682539686,63.0,21.0,-25.0,-1.4285714285714306,-0.11342895895691359,0,0.0,3,0,0,0.13890648484126897
2006-09-22,3,52,42.142857142857146,13.018302134925023,68.17946141270718,False,38.0,39.0,33.0,0.368421052631579,63.0,21.0,14.0,9.857142857142854,0.7571751817732573,0,0.0,4,0,0,0.35711657677853476
2006-09-23,3,48,43.42857142857143,13.100345324419909,69.62926207741125,False,52.0,63.0,39.0,-0.07692307692307687,63.0,21.0,-4.0,4.571428571428569,0.3489545480424589,0,0.0,5,1,0,0.14136486104562984
2006-09-24,3,33,42.0,13.686976778431978,69.37395355686395,False,48.0,38.0,43.0,-0.3125,63.0,21.0,-15.0,-9.0,-0.6575589021670019,0,0.0,6,1,0,0.3082706157584506
2006-09-25,3,28,43.0,12.055427546683537,67.11085509336708,False,33.0,52.0,21.0,-0.1515151515151515,63.0,28.0,-5.0,-15.0,-1.2442518110117466,0,0.0,0,0,0,0.4733669217328992
2006-09-26,3,251,73.28571428571429,79.26687892958887,231.81947214489202,True,28.0,48.0,39.0,7.9642857142857135,251.0,28.0,223.0,177.71428571428572,2.241973768797027,1,1.0,1,0,1,3.1757622476503875
2006-09-27,3,222,96.0,96.69367438807294,289.38734877614587,False,251.0,33.0,63.0,-0.1155378486055777,251.0,28.0,-29.0,126.0,1.3030840721128003,0,1.0,2,0,1,0.8849638873908745
2006-07-08,4,327,1140.7142857142858,2001.1831262435492,5143.080538201384,False,315.0,5643.0,184.0,0.03809523809523818,5643.0,187.0,12.0,-813.7142857142858,-0.40661660143794787,0,0.0,5,1,0,0.15183962002709128
2006-07-09,4,148,1027.4285714285713,2036.5069651360436,5100.442501700659,False,327.0,327.0,941.0,-0.5474006116207951,5643.0,148.0,-179.0,-879.4285714285713,-0.43183184843735845,0,0.0,6,1,0,0.2879912998582742
2006-07-10,4,254,1028.7142857142858,2035.9334234600856,5100.581132634457,False,148.0,315.0,245.0,0.7162162162162162,5643.0,148.0,106.0,-774.7142857142858,-0.3805204399034071,0,0.0,0,0,0,0.31223620802024654
2006-07-11,4,158,1024.5714285714287,2037.960161300416,5100.491751172261,False,254.0,327.0,187.0,-0.3779527559055118,5643.0,148.0,-96.0,-866.5714285714287,-0.4252150953560943,0,0.0,1,0,0,0.24331347235101095
2006-07-12,4,270,257.0,76.40244324190088,409.80488648380174,False,158.0,148.0,5643.0,0.7088607594936709,327.0,148.0,112.0,13.0,0.17015160441039998,0,0.0,2,0,0,0.2367682514170577
2006-07-13,4,128,228.57142857142858,82.77249370584563,394.11641598311985,False,270.0,254.0,327.0,-0.5259259259259259,327.0,128.0,-142.0,-100.57142857142858,-1.2150342694578409,0,0.0,3,0,0,0.5567434757917258
2006-07-14,4,126,201.57142857142858,80.68014448601492,362.93171754345843,False,128.0,158.0,315.0,-0.015625,327.0,126.0,-2.0,-75.57142857142858,-0.9366792745114055,0,0.0,4,0,0,0.3317439960789919
2006-07-15,4,118,171.71428571428572,63.33433583165308,298.3829573775919,False,126.0,270.0,327.0,-0.06349206349206349,270.0,118.0,-8.0,-53.71428571428572,-0.848106742225804,0,0.0,5,1,0,0.31271037565204723
2006-07-16,4,221,182.14285714285714,64.77249563259636,311.68784840804983,False,118.0,128.0,148.0,0.8728813559322033,270.0,118.0,103.0,38.85714285714286,0.5999018021249474,0,0.0,6,1,0,0.42818596972678236
2006-07-17,4,1966,426.7142857142857,681.1080957492993,1788.9304772128844,True,221.0,126.0,254.0,7.895927601809955,1966.0,118.0,1745.0,1539.2857142857142,2.259972684647936,1,1.0,0,0,0,3.0149723400792663
2006-07-18,4,5147,1139.4285714285713,1890.1766987191836,4919.781968866939,True,1966.0,118.0,158.0,1.618006103763988,5147.0,118.0,3181.0,4007.5714285714284,2.1202099306826336,1,2.0,1,0,0,1.6465750016799188
2006-07-19,4,2512,1459.7142857142858,1908.165498961914,5276.045283638114,False,5147.0,221.0,270.0,-0.5119487079852341,5147.0,118.0,-2635.0,1052.2857142857142,0.5514645922188279,0,2.0,2,0,0,0.8209997842728982
2006-07-20,4,620,1530.0,1859.3748949579801,5248.749789915961,False,2512.0,1966.0,128.0,-0.7531847133757962,5147.0,118.0,-1892.0,-910.0,-0.4894117897221836,0,1.0,3,0,0,0.6095903047467133
2006-07-21,4,1429,1716.142857142857,1757.8438903546419,5231.830637852141,False,620.0,5147.0,126.0,1.3048387096774192,5147.0,118.0,809.0,-287.1428571428571,-0.16334946298981756,0,0.0,4,0,0,0.38338198946579094
2006-07-22,4,194,1727.0,1746.5262666218334,5220.052533243666,False,1429.0,2512.0,118.0,-0.8642407277816655,5147.0,194.0,-1235.0,-1533.0,-0.8777423051230353,0,0.0,5,1,0,0.5232699887384786
2006-07-23,4,3846,2244.8571428571427,1762.9055966945996,5770.668336246342,False,194.0,620.0,221.0,18.824742268041238,5147.0,194.0,3652.0,1601.1428571428573,0.9082408332372128,0,0.0,6,1,0,5.024069858643334
2006-07-24,4,1233,2140.1428571428573,1803.53148282025,5747.205822783357,False,3846.0,1429.0,1966.0,-0.6794071762870515,5147.0,194.0,-2613.0,-907.1428571428573,-0.5029814343437519,0,0.0,0,0,0,0.34589529609207603
2006-07-25,4,391,1460.7142857142858,1310.426357371996,4081.5670004582776,False,1233.0,194.0,5147.0,-0.6828872668288727,3846.0,194.0,-842.0,-1069.7142857142858,-0.8163101051297923,0,0.0,1,0,0,0.4564303535026455
2006-07-26,4,435,1164.0,1267.1435067373648,3698.2870134747295,False,391.0,3846.0,2512.0,0.11253196930946285,3846.0,194.0,44.0,-729.0,-0.5753097343519744,0,0.0,2,0,0,0.22949139935055674
2006-07-27,4,511,1148.4285714285713,1275.584291889127,3699.597155206825,False,435.0,1233.0,620.0,0.17471264367816097,3846.0,194.0,76.0,-637.4285714285713,-0.4997149702176064,0,0.0,3,0,0,0.21857840049570249
2006-07-28,4,6265,1839.2857142857142,2328.171293403596,6495.6283010929055,False,511.0,391.0,1429.0,11.26027397260274,6265.0,194.0,5754.0,4425.714285714286,1.9009401409785671,0,0.0,4,0,0,3.4803975424931832
2006-07-29,4,138,1831.2857142857142,2334.8536509658525,6500.993016217419,False,6265.0,435.0,194.0,-0.9779728651237031,6265.0,138.0,-6127.0,-1693.2857142857142,-0.7252213458145627,0,0.0,5,1,0,0.49832068731602264
2006-07-30,4,582,1365.0,2186.661610766513,5738.323221533026,False,138.0,511.0,3846.0,3.217391304347826,6265.0,138.0,444.0,-783.0,-0.358080094589819,0,0.0,6,1,0,0.9296758591933931
2006-07-31,4,335,1236.7142857142858,2221.756415863038,5680.227117440361,False,582.0,6265.0,1233.0,-0.4243986254295533,6265.0,138.0,-247.0,-901.7142857142858,-0.40585649948734415,0,0.0,0,0,0,0.24814943117795876
2006-08-01,4,1570,1405.142857142857,2191.440882811385,5788.024622765627,False,335.0,138.0,391.0,3.6865671641791042,6265.0,138.0,1235.0,164.8571428571429,0.07522773869828117,0,0.0,1,0,0,0.9479714995891745
2006-08-02,4,650,1435.857142857143,2177.036933431266,5789.931009719675,False,1570.0,582.0,435.0,-0.5859872611464968,6265.0,138.0,-920.0,-785.8571428571429,-0.3609755659996011,0,0.0,2,0,0,0.2728382633864846
2006-08-03,4,91,1375.857142857143,2212.2770643668955,5800.411271590934,False,650.0,335.0,511.0,-0.86,6265.0,91.0,-559.0,-1284.857142857143,-0.5807849105993381,0,0.0,3,0,0,0.4182747187097683
2006-08-04,4,3369,962.1428571428571,1171.594558507255,3305.331974157367,True,91.0,1570.0,6265.0,36.02197802197802,3369.0,91.0,3278.0,2406.857142857143,2.054343036024615,1,1.0,4,0,0,9.974514568103121
2006-08-05,4,141,962.5714285714286,1171.2433361095177,3305.058100790464,False,3369.0,650.0,138.0,-0.9581478183437222,3369.0,91.0,-3228.0,-821.5714285714286,-0.7014523764855669,0,1.0,5,1,0,0.735045286355879
2006-08-06,4,1456,1087.4285714285713,1170.4968826874135,3428.422336803398,False,141.0,91.0,582.0,9.326241134751774,3369.0,91.0,1315.0,368.57142857142867,0.31488458523388607,0,1.0,6,1,0,2.6917698885198034
2006-08-07,4,188,1066.4285714285713,1187.442189068989,3441.312949566549,False,1456.0,3369.0,335.0,-0.8708791208791209,3369.0,91.0,-1268.0,-878.4285714285713,-0.7397653309923642,0,0.0,0,0,0,0.4766376460671077
2006-08-08,4,1408,1043.2857142857142,1177.5292939435683,3398.344302172851,False,188.0,141.0,1570.0,6.48936170212766,3369.0,91.0,1220.0,364.7142857142858,0.30972841566902043,0,0.0,1,0,0,1.730745371016072
2006-08-09,4,383,1005.1428571428571,1196.5624971240782,3398.267851391013,False,1408.0,1456.0,650.0,-0.7279829545454546,3369.0,91.0,-1025.0,-622.1428571428571,-0.519941794464352,0,0.0,2,0,0,0.36397536669888686
2006-08-10,4,773,1102.5714285714287,1135.954643628412,3374.480715828253,False,383.0,188.0,91.0,1.0182767624020888,3369.0,141.0,390.0,-329.57142857142867,-0.2901272753438946,0,0.0,3,0,0,0.3561137369708853
2006-08-11,4,1551,842.8571428571429,623.7770511359084,2090.4112451289598,False,773.0,1408.0,3369.0,1.0064683053040104,1551.0,141.0,778.0,708.1428571428571,1.1352499174197224,0,0.0,4,0,0,0.6489545474229055
2006-08-12,4,1301,1008.5714285714286,556.7240061714774,2122.0194409143833,False,1551.0,383.0,141.0,-0.16118633139909733,1551.0,188.0,-250.0,292.42857142857144,0.5252666724161943,0,0.0,5,1,0,0.22413991819544232
2006-08-13,4,249,836.1428571428571,581.4185034813361,1998.9798641055293,False,1301.0,773.0,1456.0,-0.808608762490392,1551.0,188.0,-1052.0,-587.1428571428571,-1.0098454788225535,0,0.0,6,1,0,0.5555981082104917
2006-08-14,4,469,876.2857142857143,537.2320151435861,1950.7497445728864,False,249.0,1551.0,188.0,0.8835341365461848,1551.0,249.0,220.0,-407.28571428571433,-0.7581188298982344,0,0.0,0,0,0,0.48622512460092826
2006-08-15,4,4194,1274.2857142857142,1375.2205537398615,4024.7268217654373,True,469.0,1301.0,1408.0,7.9424307036247335,4194.0,249.0,3725.0,2919.714285714286,2.1230880068970395,1,1.0,1,0,0,2.978688478320147
2006-08-16,4,644,1311.5714285714287,1350.341173820263,4012.2537762119546,False,4194.0,249.0,383.0,-0.8464473056747734,4194.0,249.0,-3550.0,-667.5714285714287,-0.4943724123726983,0,1.0,2,0,0,0.6346421707491378
2006-08-17,4,7593,2285.8571428571427,2691.4117998163115,7668.680742489765,False,644.0,469.0,773.0,10.790372670807454,7593.0,249.0,6949.0,5307.142857142857,1.971880645609959,0,1.0,3,0,0,3.637751393665349
2006-08-18,4,456,2129.4285714285716,2771.860317376693,7673.149206181957,False,7593.0,4194.0,1551.0,-0.9399446858949032,7593.0,249.0,-7137.0,-1673.4285714285716,-0.6037203804609864,0,0.0,4,0,0,0.4462883046350711
2006-08-19,4,516,2017.2857142857142,2826.3074681927133,7669.900650671141,False,456.0,644.0,1301.0,0.13157894736842102,7593.0,249.0,60.0,-1501.2857142857142,-0.5311827272401776,0,0.0,5,1,0,0.2188086913761674
2006-08-20,4,411,2040.4285714285713,2810.031248767106,7660.491068962783,False,516.0,7593.0,249.0,-0.20348837209302328,7593.0,411.0,-105.0,-1629.4285714285713,-0.5798613685683621,0,0.0,6,1,0,0.25382357202218253
2006-08-21,4,5246,2722.8571428571427,2941.7679734343105,8606.393089725763,False,411.0,456.0,469.0,11.763990267639903,7593.0,411.0,4835.0,2523.1428571428573,0.8576960764245121,0,0.0,0,0,0,3.2411911936585547
2006-08-22,4,4005,2695.8571428571427,2926.84468489939,8549.546512655923,False,5246.0,516.0,4194.0,-0.23656118947769733,7593.0,411.0,-1241.0,1309.1428571428573,0.4472881186433635,0,0.0,1,0,0,0.21569113889460154
2006-08-23,4,429,2665.1428571428573,2952.9769966691483,8571.096850481154,False,4005.0,411.0,644.0,-0.8928838951310861,7593.0,411.0,-3576.0,-2236.1428571428573,-0.7572503450222072,0,0.0,2,0,0,0.488258594540544
2006-08-24,4,144,1601.0,2100.239034014938,5801.478068029876,False,429.0,5246.0,7593.0,-0.6643356643356644,5246.0,144.0,-285.0,-1457.0,-0.6937305561250373,0,0.0,3,0,0,0.40888961072767915
2006-08-25,4,3175,1989.4285714285713,2104.611512618806,6198.651596666184,False,144.0,4005.0,456.0,21.04861111111111,5246.0,144.0,3031.0,1185.5714285714287,0.5633207914286247,0,0.0,4,0,0,5.459315054777797
2006-08-26,4,5310,2674.285714285714,2314.747481856694,7303.780677999102,False,3175.0,429.0,516.0,0.6724409448818898,5310.0,144.0,2135.0,2635.714285714286,1.1386616877161575,0,0.0,5,1,0,0.5666418269211275
2006-08-27,4,837,2735.1428571428573,2250.020994611045,7235.184846364948,False,5310.0,144.0,411.0,-0.8423728813559321,5310.0,144.0,-4473.0,-1898.1428571428573,-0.8436111721859165,0,0.0,6,1,0,0.5058571306040538
2006-08-28,4,1006,2129.4285714285716,2020.4318727393293,6170.29231690723,False,837.0,3175.0,5246.0,0.20191158900836315,5310.0,144.0,169.0,-1123.4285714285716,-0.5560338762351205,0,0.0,0,0,0,0.24508975393438293
2006-08-29,4,590,1641.5714285714287,1900.8291924966902,5443.229813564809,False,1006.0,5310.0,4005.0,-0.4135188866799204,5310.0,144.0,-416.0,-1051.5714285714287,-0.5532172102523555,0,0.0,1,0,0,0.2970057452583045
2006-08-30,4,1432,1784.857142857143,1830.7004514275795,5446.258045712302,False,590.0,837.0,429.0,1.4271186440677965,5310.0,144.0,842.0,-352.8571428571429,-0.19274433490992024,0,0.0,2,0,0,0.4242401782354212
2006-08-31,4,840,1884.2857142857142,1743.5560132753326,5371.397740836379,False,1432.0,1006.0,144.0,-0.4134078212290503,5310.0,590.0,-592.0,-1044.2857142857142,-0.5989401546868486,0,0.0,3,0,0,0.31298100944765955
2006-09-01,4,1983,1714.0,1652.3087887357294,5018.617577471459,False,840.0,590.0,3175.0,1.3607142857142858,5310.0,590.0,1143.0,269.0,0.16280249805957966,0,0.0,4,0,0,0.3971594457494243
2006-09-02,4,182,981.4285714285714,583.0848586449073,2147.598288718386,False,1983.0,1432.0,5310.0,-0.908219868885527,1983.0,182.0,-1801.0,-799.4285714285714,-1.3710329566370814,0,0.0,5,1,0,0.7069165020443602
2006-09-03,4,990,1003.2857142857143,579.6259467063541,2162.5376076984226,False,182.0,840.0,837.0,4.43956043956044,1983.0,182.0,808.0,-13.285714285714334,-0.022921185864774943,0,0.0,6,1,0,1.1179125249427813
2006-09-04,4,256,896.1428571428571,644.7052113360095,2185.553279814876,False,990.0,1983.0,1006.0,-0.7414141414141414,1983.0,182.0,-734.0,-640.1428571428571,-0.9929233329556447,0,0.0,0,0,0,0.532876701888011
2006-09-05,4,1141,974.8571428571429,634.6559247790427,2244.1689924152283,False,256.0,182.0,590.0,3.45703125,1983.0,182.0,885.0,166.1428571428571,0.2617841385201893,0,0.0,1,0,0,0.9558822609820663
2006-09-06,4,729,874.4285714285714,605.1988260461335,2084.8262235208385,False,1141.0,990.0,1432.0,-0.36108676599474143,1983.0,182.0,-412.0,-145.42857142857144,-0.24029882869352648,0,0.0,2,0,0,0.17437628154141963
2006-09-07,4,805,869.4285714285714,605.6750661157225,2080.7787036600166,False,729.0,256.0,840.0,0.10425240054869689,1983.0,182.0,76.0,-64.42857142857144,-0.10637481047059213,0,0.0,3,0,0,0.06329428380188146
2006-09-08,4,334,633.8571428571429,378.42631540430074,1390.7097736657443,False,805.0,1141.0,1983.0,-0.5850931677018634,1141.0,182.0,-471.0,-299.8571428571429,-0.7923791838128159,0,0.0,4,0,0,0.4236060062599514
2006-09-09,4,896,735.8571428571429,329.3819609366538,1394.6210647304506,False,334.0,729.0,182.0,1.682634730538922,1141.0,256.0,562.0,160.1428571428571,0.48619193299336816,0,0.0,5,1,0,0.5908258591824094
2006-09-10,4,266,632.4285714285714,349.34455634461824,1331.117684117808,False,896.0,805.0,990.0,-0.703125,1141.0,256.0,-630.0,-366.42857142857144,-1.048903022201583,0,0.0,6,1,0,0.542897307770554
2006-09-11,4,395,652.2857142857143,327.65923064758994,1307.6041755808942,False,266.0,334.0,256.0,0.4849624060150375,1141.0,266.0,129.0,-257.28571428571433,-0.7852234344961905,0,0.0,0,0,0,0.396068803577426
2006-09-12,4,2275,814.2857142857143,689.7844383780854,2193.854591041885,True,395.0,896.0,1141.0,4.7594936708860756,2275.0,266.0,1880.0,1460.7142857142858,2.1176387625857833,1,1.0,1,0,0,2.1810469846265432
2006-09-13,4,3530,1214.4285714285713,1231.6551001454445,3677.7387717194606,False,2275.0,266.0,729.0,0.5516483516483517,3530.0,266.0,1255.0,2315.5714285714284,1.880048570007545,0,1.0,2,0,0,1.0459290874147287
2006-09-14,4,445,1163.0,1258.8169048753673,3680.6338097507346,False,3530.0,395.0,805.0,-0.8739376770538243,3530.0,266.0,-3085.0,-718.0,-0.5703768288425705,0,1.0,3,0,0,0.6681163093583558
2006-09-15,4,229,1148.0,1270.9091234230712,3689.8182468461423,False,445.0,2275.0,334.0,-0.48539325842696635,3530.0,229.0,-216.0,-919.0,-0.723104410717989,0,0.0,4,0,0,0.3744348583580377
2006-09-16,4,4539,1668.4285714285713,1790.2846940401084,5248.997959508788,False,229.0,3530.0,896.0,18.820960698689955,4539.0,229.0,4310.0,2870.5714285714284,1.6034161617386629,0,0.0,5,1,0,5.26643583128102
2006-09-17,4,275140,40936.142857142855,103287.85875153086,247511.8603602046,True,4539.0,445.0,266.0,59.616875963868694,275140.0,229.0,270601.0,234203.85714285716,2.2674868077532984,1,1.0,6,1,1,16.097839373680827
2006-09-18,4,785297,153065.0,296768.6045125618,746602.2090251236,True,275140.0,229.0,395.0,1.8541724213127861,785297.0,229.0,510157.0,632232.0,2.1303870772217572,1,2.0,0,0,1,1.8591785823558116
2006-09-25,4,387,152795.2857142857,296929.3030642784,746653.8918428425,False,785297.0,4539.0,2275.0,-0.9995071928200413,785297.0,229.0,-784910.0,-152408.2857142857,-0.5132813910123245,0,2.0,0,0,1,1.0795252850593238
2006-09-26,4,1486,152503.2857142857,297101.5100616366,746706.3058375589,False,387.0,275140.0,3530.0,2.839793281653747,785297.0,229.0,1099.0,-151017.2857142857,-0.5083019796091668,0,1.0,1,0,0,1.137854013276645
2006-09-27,4,537,152516.42857142858,297093.66430350835,746703.7571784453,False,1486.0,785297.0,445.0,-0.6386271870794078,785297.0,229.0,-949.0,-151979.42857142858,-0.511553919948465,0,0.0,2,0,0,0.3387006687518147
2006-09-28,4,1668,152722.0,296971.2005958378,746664.4011916756,False,537.0,387.0,229.0,2.106145251396648,785297.0,387.0,1131.0,-151054.0,-0.5086486490671197,0,0.0,3,0,0,0.7045633400226539
2006-09-29,4,3115,152518.57142857142,297090.089360594,746698.7501497595,False,1668.0,1486.0,4539.0,0.8675059952038369,785297.0,387.0,1447.0,-149403.57142857142,-0.50288978587301,0,0.0,4,0,0,0.3928879238565127
2006-09-30,4,3169,113665.57142857143,296163.6703062779,705992.9120411273,False,3115.0,537.0,275140.0,0.01733547351524889,785297.0,387.0,54.0,-110496.57142857143,-0.37309292969853586,0,0.0,5,1,1,0.28491639377329975
2006-07-08,5,51,66.57142857142857,29.893461619876806,126.35835181118219,False,57.0,129.0,44.0,-0.10526315789473684,129.0,34.0,-6.0,-15.57142857142857,-0.5208972972237454,0,0.0,5,1,0,0.2086298435019951
2006-07-09,5,43,64.14285714285714,31.17920552456167,126.50126819198047,False,51.0,34.0,60.0,-0.1568627450980392,129.0,34.0,-8.0,-21.14285714285714,-0.6781074118494639,0,0.0,6,1,0,0.27655328042182215
2006-07-10,5,56,62.0,31.144823004794873,124.28964600958975,False,43.0,57.0,71.0,0.30232558139534893,129.0,34.0,13.0,-6.0,-0.19264832786473043,0,0.0,0,0,0,0.1430083101014929
2006-07-11,5,157,75.28571428571429,47.61902380951786,170.52376190475002,False,56.0,51.0,64.0,1.8035714285714284,157.0,34.0,101.0,81.71428571428571,1.7160004976403584,0,0.0,1,0,0,1.0514930313169826
2006-07-12,5,27,60.714285714285715,43.9041163055519,148.5225183253895,False,157.0,43.0,129.0,-0.8280254777070064,157.0,27.0,-130.0,-33.714285714285715,-0.767906995339123,0,0.0,2,0,0,0.47577381779544464
2006-07-13,5,41,61.714285714285715,43.269366707153175,148.25301912859206,False,27.0,56.0,34.0,0.5185185185185186,157.0,27.0,14.0,-20.714285714285715,-0.4787285440804902,0,0.0,3,0,0,0.2971846200578012
2006-07-14,5,30,57.857142857142854,44.931164282817385,147.71947142277762,False,41.0,157.0,57.0,-0.2682926829268293,157.0,27.0,-11.0,-27.857142857142854,-0.6199958781801971,0,0.0,4,0,0,0.2840717280947763
2006-07-15,5,346,100.0,117.37404596701379,334.74809193402757,True,30.0,27.0,51.0,10.533333333333333,346.0,27.0,316.0,246.0,2.0958635021450958,1,1.0,5,1,1,3.7668855590841166
2006-07-16,5,28,97.85714285714286,118.71735140159389,335.29184566033064,False,346.0,41.0,43.0,-0.9190751445086706,346.0,27.0,-318.0,-69.85714285714286,-0.5884324081364308,0,1.0,6,1,0,0.6857201289749184
2006-07-17,5,33,94.57142857142857,120.3756026538838,335.3226338791962,False,28.0,30.0,56.0,0.1785714285714286,346.0,27.0,5.0,-61.57142857142857,-0.511494207289852,0,1.0,0,0,0,0.4736658296943053
2006-07-18,5,31,76.57142857142857,118.89611311681183,314.36365480505225,False,33.0,346.0,157.0,-0.06060606060606055,346.0,27.0,-2.0,-45.57142857142857,-0.3832877589007341,0,0.0,1,0,0,0.14930223076677204
2006-07-19,5,23,76.0,119.18333216799516,314.3666643359903,False,31.0,28.0,27.0,-0.25806451612903225,346.0,23.0,-8.0,-53.0,-0.4446930169594818,0,0.0,2,0,0,0.2201586849680767
2006-07-20,5,25,73.71428571428571,120.1162135679641,313.9467128502139,False,23.0,33.0,41.0,0.08695652173913038,346.0,23.0,2.0,-48.71428571428571,-0.40555958443633733,0,0.0,3,0,0,0.16368498498750064
2006-07-21,5,94,82.85714285714286,118.66118232377508,320.179507504693,False,25.0,31.0,30.0,2.76,346.0,23.0,69.0,11.142857142857139,0.09390481356746441,0,0.0,4,0,0,0.7228666847486125
2006-07-22,5,161,56.42857142857143,52.37002050428326,161.16861243713794,False,94.0,23.0,346.0,0.7127659574468086,161.0,23.0,67.0,104.57142857142857,1.9967799820715368,0,0.0,5,1,0,0.87706448308674
2006-07-23,5,862,175.57142857142858,306.92770980740573,789.42684818624,True,161.0,25.0,28.0,4.354037267080745,862.0,23.0,701.0,686.4285714285714,2.2364502360989063,1,1.0,6,1,1,2.2712668994048033
2006-07-24,5,69,180.71428571428572,304.43210205545796,789.5784898252016,False,862.0,94.0,33.0,-0.919953596287703,862.0,23.0,-793.0,-111.71428571428572,-0.36695959884131707,0,1.0,0,0,1,0.7584242586663867
2006-07-25,5,88,188.85714285714286,300.4970485553497,789.8512399678423,False,69.0,161.0,31.0,0.2753623188405796,862.0,23.0,19.0,-100.85714285714286,-0.33563437639628546,0,1.0,1,0,0,0.4363126114488448
2006-07-26,5,57,193.71428571428572,297.630483589811,788.9752528939077,False,88.0,862.0,23.0,-0.3522727272727273,862.0,25.0,-31.0,-136.71428571428572,-0.4593423344003955,0,0.0,2,0,0,0.24883799885832025
2006-07-27,5,56,198.14285714285714,294.92000529602853,787.9828677349142,False,57.0,69.0,25.0,-0.01754385964912286,862.0,56.0,-1.0,-142.14285714285714,-0.48197087267942806,0,0.0,3,0,0,0.17307577035008054
2006-07-28,5,65,194.0,296.8243026887567,787.6486053775134,False,56.0,88.0,94.0,0.1607142857142858,862.0,56.0,9.0,-129.0,-0.43460051783314163,0,0.0,4,0,0,0.192288752670171
2006-07-29,5,56,179.0,301.3879006640224,781.7758013280448,False,65.0,57.0,161.0,-0.1384615384615384,862.0,56.0,-9.0,-123.0,-0.4081119236966225,0,0.0,5,1,0,0.17745455790920248
2006-07-30,5,71,66.0,11.547005383791115,89.09401076758223,False,56.0,56.0,862.0,0.2678571428571428,88.0,56.0,15.0,5.0,0.4330123268925966,0,0.0,6,1,0,0.2185186001266945
2006-07-31,5,80,67.57142857142857,12.712948030217667,92.9973246318639,False,71.0,65.0,69.0,0.12676056338028174,88.0,56.0,9.0,12.42857142857143,0.9776301785178341,0,0.0,0,0,0,0.3738607033263123
2006-08-01,5,57,63.142857142857146,9.37067360489583,81.88420435264881,False,80.0,56.0,88.0,-0.2875,80.0,56.0,-23.0,-6.142857142857146,-0.6555399159617058,0,0.0,1,0,0,0.30131397058659704
2006-08-02,5,60,63.57142857142857,9.107819769426081,81.78706811028073,False,57.0,71.0,57.0,0.05263157894736836,80.0,56.0,3.0,-3.5714285714285694,-0.39212728628475657,0,0.0,2,0,0,0.15040244493650687
2006-08-03,5,52,63.0,9.76387901058288,82.52775802116577,False,60.0,80.0,56.0,-0.1333333333333333,80.0,52.0,-8.0,-11.0,-1.1266002704534357,0,0.0,3,0,0,0.4276434279920358
2006-08-04,5,55,61.57142857142857,10.146545271783324,81.86451911499522,False,52.0,57.0,65.0,0.05769230769230771,80.0,52.0,3.0,-6.571428571428569,-0.6476511875614706,0,0.0,4,0,0,0.2411009925695916
2006-08-05,5,86,65.85714285714286,13.259318376503805,92.37577961015047,False,55.0,60.0,56.0,0.5636363636363637,86.0,52.0,31.0,20.14285714285714,1.5191461113936429,0,0.0,5,1,0,0.6726102298968659
2006-08-06,5,55,63.57142857142857,13.599719885069272,90.77086834156711,False,86.0,52.0,71.0,-0.36046511627906974,86.0,52.0,-31.0,-8.57142857142857,-0.6302646187729714,0,0.0,6,1,0,0.3107088956403074
2006-08-07,5,71,62.285714285714285,12.134170562426705,86.5540554105677,False,55.0,55.0,80.0,0.290909090909091,86.0,52.0,16.0,8.714285714285715,0.7181602144004153,0,0.0,0,0,0,0.3240833477674181
2006-08-08,5,47,60.857142857142854,13.384425917566457,87.62599469227577,False,71.0,86.0,57.0,-0.3380281690140845,86.0,47.0,-24.0,-13.857142857142854,-1.0353176586960973,0,0.0,1,0,0,0.44686822279715516
2006-08-09,5,42,58.285714285714285,15.184578643195735,88.65487157210575,False,47.0,55.0,60.0,-0.1063829787234043,86.0,42.0,-5.0,-16.285714285714285,-1.0725160008211332,0,0.0,2,0,0,0.4019763449682477
2006-08-10,5,83,62.714285714285715,17.40415932772191,97.52260436972954,False,42.0,71.0,52.0,0.9761904761904763,86.0,42.0,41.0,20.285714285714285,1.165566359630997,0,0.0,3,0,0,0.651995844918468
2006-08-11,5,39,60.42857142857143,19.50946046458013,99.44749235773169,False,83.0,47.0,55.0,-0.5301204819277108,86.0,39.0,-44.0,-21.42857142857143,-1.0983676603358083,0,0.0,4,0,0,0.5169588015994606
2006-08-12,5,99,62.285714285714285,22.706198021055755,107.69811032782579,False,39.0,42.0,86.0,1.5384615384615383,99.0,39.0,60.0,36.714285714285715,1.6169272156865688,0,0.0,5,1,0,0.9505399101056836
2006-08-13,5,60,63.0,22.51666049839469,108.03332099678937,False,99.0,83.0,55.0,-0.3939393939393939,99.0,39.0,-39.0,-3.0,-0.13323461833373113,0,0.0,6,1,0,0.14511696490165438
2006-08-14,5,197,81.0,55.77633906953708,192.55267813907415,True,60.0,39.0,71.0,2.283333333333333,197.0,39.0,137.0,116.0,2.079734545826607,1,1.0,0,0,0,1.548740424372646
2006-08-15,5,56,82.28571428571429,54.95972551397429,192.20516531366286,False,197.0,99.0,47.0,-0.7157360406091371,197.0,39.0,-141.0,-26.285714285714292,-0.4782722121912464,0,1.0,1,0,0,0.5963292844192205
2006-08-16,5,67,85.85714285714286,52.67013249596802,191.1974078490789,False,56.0,60.0,42.0,0.1964285714285714,197.0,39.0,11.0,-18.85714285714286,-0.35802338789165805,0,1.0,2,0,0,0.42441532861922315
2006-08-17,5,38,79.42857142857143,55.73406242403009,190.89669627663162,False,67.0,197.0,83.0,-0.4328358208955224,197.0,38.0,-29.0,-41.42857142857143,-0.7433257543676145,0,0.0,3,0,0,0.3683729692525457
2006-08-18,5,55,81.71428571428571,54.10395637324561,189.92219846077694,False,38.0,56.0,39.0,0.44736842105263164,197.0,38.0,17.0,-26.714285714285708,-0.49375836015408864,0,0.0,4,0,0,0.28465753131708893
2006-08-19,5,366,119.85714285714286,121.03639751665402,361.9299378904509,True,55.0,67.0,99.0,5.654545454545454,366.0,38.0,311.0,246.14285714285714,2.033626593791534,1,1.0,5,1,0,2.3754056714634
2006-08-20,5,46,117.85714285714286,122.29939843328268,362.4559397237082,False,366.0,38.0,60.0,-0.8743169398907104,366.0,38.0,-320.0,-71.85714285714286,-0.5875510256154893,0,1.0,6,1,0,0.6742220939380988
2006-08-21,5,45,96.14285714285714,119.3641886153862,334.87123437362953,False,46.0,55.0,197.0,-0.021739130434782594,366.0,38.0,-1.0,-51.14285714285714,-0.42846060825699506,0,1.0,0,0,0,0.4053959954986439
2006-08-22,5,106,103.28571428571429,118.05043312883154,339.38658054337736,False,45.0,366.0,56.0,1.3555555555555556,366.0,38.0,61.0,2.714285714285708,0.02299259233888294,0,0.0,1,0,0,0.34693629620749794
2006-08-23,5,80,105.14285714285714,117.48535876359017,340.11357467003745,False,106.0,46.0,67.0,-0.24528301886792447,366.0,38.0,-26.0,-25.14285714285714,-0.21400841149378208,0,0.0,2,0,0,0.13622369873980483
2006-08-24,5,36,104.85714285714286,117.67813245094786,340.21340775903855,False,80.0,45.0,38.0,-0.55,366.0,36.0,-44.0,-68.85714285714286,-0.5851311163060277,0,0.0,3,0,0,0.34229589070710964
2006-08-25,5,43,103.14285714285714,118.60920224477874,340.36126163241465,False,36.0,106.0,55.0,0.19444444444444442,366.0,36.0,7.0,-60.14285714285714,-0.5070673348604477,0,0.0,4,0,0,0.2260846783122678
2006-08-26,5,127,69.0,35.879427717472105,140.75885543494422,False,43.0,80.0,366.0,1.9534883720930232,127.0,36.0,84.0,58.0,1.6165247754636887,0,0.0,5,1,0,1.0541557644355468
2006-08-27,5,251,98.28571428571429,75.62564442858036,249.537003142875,True,127.0,36.0,46.0,0.9763779527559056,251.0,36.0,124.0,152.71428571428572,2.0193449811202178,1,1.0,6,1,0,1.2008652315810524
2006-08-28,5,70,101.85714285714286,73.24258454257443,248.34231194229173,False,251.0,43.0,45.0,-0.7211155378486056,251.0,36.0,-181.0,-31.85714285714286,-0.43495377322583717,0,1.0,0,0,0,0.5825127050911945
2006-08-29,5,56,94.71428571428571,75.18358483453287,245.08145538335145,False,70.0,127.0,106.0,-0.19999999999999996,251.0,36.0,-14.0,-38.71428571428571,-0.5149299631055111,0,1.0,1,0,0,0.48022548708692886
2006-08-30,5,32,87.85714285714286,78.84886084873281,245.55486455460849,False,56.0,251.0,80.0,-0.4285714285714286,251.0,32.0,-24.0,-55.85714285714286,-0.7084076443440983,0,0.0,2,0,0,0.35508553266329157
2006-08-31,5,87,95.14285714285714,75.54563426924702,246.23412568135117,False,32.0,70.0,36.0,1.71875,251.0,32.0,55.0,-8.142857142857139,-0.10778724864448495,0,0.0,3,0,0,0.46741303702556974
2006-09-01,5,40,94.71428571428571,75.8984283669392,246.5111424481641,False,87.0,56.0,43.0,-0.5402298850574713,251.0,32.0,-47.0,-54.71428571428571,-0.7208881617532574,0,0.0,4,0,0,0.3873683278780079
2006-09-02,5,44,82.85714285714286,76.4949422542181,235.84702736557907,False,40.0,32.0,127.0,0.10000000000000009,251.0,32.0,4.0,-38.85714285714286,-0.507970025630027,0,0.0,5,1,0,0.20278950897050946
2006-09-03,5,57,55.142857142857146,18.836388289942825,92.8156337227428,False,44.0,87.0,251.0,0.2954545454545454,87.0,32.0,13.0,1.857142857142854,0.09859331006684141,0,0.0,6,1,0,0.10837129488703084
2006-09-04,5,61,53.857142857142854,17.939050248257153,89.73524335365715,False,57.0,40.0,70.0,0.07017543859649122,87.0,32.0,4.0,7.142857142857146,0.39817342960042185,0,0.0,0,0,0,0.15690456000927044
2006-09-05,5,5,46.57142857142857,25.63108232112628,97.83359321368113,False,61.0,44.0,56.0,-0.9180327868852459,87.0,5.0,-56.0,-41.57142857142857,-1.6219140429361867,0,0.0,1,0,0,0.7971781117489768
2006-07-08,6,40,49.142857142857146,31.824668479177028,112.79219410121121,False,37.0,113.0,63.0,0.08108108108108114,113.0,23.0,3.0,-9.142857142857146,-0.2872882800320934,0,0.0,5,1,0,0.12082116828150297
2006-07-09,6,33,50.0,31.20363226720035,112.4072645344007,False,40.0,23.0,27.0,-0.17500000000000004,113.0,23.0,-7.0,-17.0,-0.5448081943263885,0,0.0,6,1,0,0.23443286801423596
2006-07-10,6,41,50.857142857142854,30.802751886958475,112.46264663105981,False,33.0,37.0,35.0,0.24242424242424243,113.0,23.0,8.0,-9.857142857142854,-0.32000841006780795,0,0.0,0,0,0,0.17260900412979338
2006-07-11,6,134,60.142857142857146,44.10755253328154,148.35796220942024,False,41.0,40.0,69.0,2.268292682926829,134.0,23.0,93.0,73.85714285714286,1.67447799459364,0,0.0,1,0,0,1.1531404688394813
2006-07-12,6,23,47.285714285714285,38.947461559192305,125.18063740409889,False,134.0,33.0,113.0,-0.8283582089552239,134.0,23.0,-111.0,-24.285714285714285,-0.6235504723022878,0,0.0,2,0,0,0.4253322175446067
2006-07-13,6,54,51.714285714285715,37.45981974380143,126.63392520188859,False,23.0,41.0,23.0,1.347826086956522,134.0,23.0,31.0,2.2857142857142847,0.06101774357617061,0,0.0,3,0,0,0.3583127319907902
2006-07-14,6,27,50.285714285714285,38.29584087823937,126.87739604219303,False,54.0,134.0,37.0,-0.5,134.0,23.0,-27.0,-23.285714285714285,-0.6080479673829572,0,0.0,4,0,0,0.33781678858403497
2006-07-15,6,367,97.0,124.9839989758689,346.9679979517378,True,27.0,23.0,40.0,12.592592592592593,367.0,23.0,340.0,270.0,2.160276360251253,1,1.0,5,1,1,4.304244874236087
2006-07-16,6,31,96.71428571428571,125.15685396828292,347.02799365085156,False,367.0,54.0,33.0,-0.9155313351498637,367.0,23.0,-336.0,-65.71428571428571,-0.5250553875410215,0,1.0,6,1,0,0.6626522194268234
2006-07-17,6,34,95.71428571428571,125.70297568171603,347.1202370777178,False,31.0,27.0,41.0,0.09677419354838701,367.0,23.0,3.0,-61.71428571428571,-0.49095322103604006,0,1.0,0,0,0,0.44602717574971074
2006-07-18,6,44,82.85714285714286,125.73706503577027,334.3312729286834,False,34.0,367.0,134.0,0.2941176470588236,367.0,23.0,10.0,-38.85714285714286,-0.30903488765019066,0,0.0,1,0,0,0.1816916224422726
2006-07-19,6,25,83.14285714285714,125.58055657814306,334.30397029914326,False,44.0,31.0,23.0,-0.43181818181818177,367.0,25.0,-19.0,-58.14285714285714,-0.4629924734945155,0,0.0,2,0,0,0.27000191117762584
2006-07-20,6,20,78.28571428571429,127.5378561914256,333.3614266685655,False,25.0,34.0,54.0,-0.19999999999999996,367.0,20.0,-5.0,-58.28571428571429,-0.457007130715449,0,0.0,3,0,0,0.20995249575040714
2006-07-21,6,117,91.14285714285714,126.0336311881721,343.2101195192013,False,20.0,44.0,27.0,4.85,367.0,20.0,97.0,25.85714285714286,0.2051606429313373,0,0.0,4,0,0,1.284306225025968
2006-07-22,6,60,47.285714285714285,33.455015995185114,114.19574627608452,False,117.0,25.0,367.0,-0.4871794871794872,117.0,20.0,-57.0,12.714285714285715,0.3800411249453391,0,0.0,5,1,0,0.25480926552574046
2006-07-23,6,59,51.285714285714285,32.851759393342874,116.98923307240003,False,60.0,20.0,31.0,-0.01666666666666672,117.0,20.0,-1.0,7.714285714285715,0.23482101137142852,0,0.0,6,1,0,0.08635402064666665
2006-07-24,6,47,53.142857142857146,32.06986421044198,117.2825855637411,False,59.0,117.0,34.0,-0.2033898305084746,117.0,20.0,-12.0,-6.142857142857146,-0.1915460317227258,0,0.0,0,0,0,0.11788856873007267
2006-07-25,6,77,57.857142857142854,32.91619951446684,123.68954188607654,False,47.0,60.0,44.0,0.6382978723404256,117.0,20.0,30.0,19.142857142857146,0.5815632305549568,0,0.0,1,0,0,0.36312159877934125
2006-07-26,6,95,67.85714285714286,31.887450882902506,131.6320446229479,False,77.0,59.0,25.0,0.23376623376623384,117.0,20.0,18.0,27.14285714285714,0.8512078538498705,0,0.0,2,0,0,0.35636430728901314
2006-07-27,6,42,71.0,27.110883423451845,125.22176684690369,False,95.0,47.0,20.0,-0.5578947368421052,117.0,42.0,-53.0,-29.0,-1.0696807201091356,0,0.0,3,0,0,0.5138619362487238
2006-07-28,6,50,61.42857142857143,18.680267154202514,98.78910573697647,False,42.0,77.0,117.0,0.19047619047619047,95.0,42.0,8.0,-11.42857142857143,-0.6117988150941507,0,0.0,4,0,0,0.26174863290200034
2006-07-29,6,136,72.28571428571429,33.73284396407688,139.75140221386806,False,50.0,95.0,60.0,1.7200000000000002,136.0,42.0,86.0,63.71428571428571,1.8887902512528867,0,0.0,5,1,0,1.0910765879385105
2006-07-30,6,74,74.42857142857143,33.22076229738028,140.870096023332,False,136.0,42.0,59.0,-0.4558823529411765,136.0,42.0,-62.0,-0.4285714285714306,-0.01290070636332638,0,0.0,6,1,0,0.11848583546245836
2006-07-31,6,73,78.14285714285714,31.023800387383005,140.19045791762315,False,74.0,50.0,47.0,-0.013513513513513487,136.0,42.0,-1.0,-5.142857142857139,-0.16577129239252553,0,0.0,0,0,0,0.061398330715762305
2006-08-01,6,32,71.71428571428571,35.621689486951034,142.95766468818778,False,73.0,136.0,77.0,-0.5616438356164384,136.0,32.0,-41.0,-39.71428571428571,-1.1148902575194053,0,0.0,1,0,0,0.5306225490359014
2006-08-02,6,43,64.28571428571429,35.377555435210965,135.04082515613624,False,32.0,74.0,95.0,0.34375,136.0,32.0,11.0,-21.285714285714292,-0.6016726709104978,0,0.0,2,0,0,0.2965229348186742
2006-08-03,6,49,65.28571428571429,34.7357370523705,134.7571883904553,False,43.0,73.0,42.0,0.13953488372093026,136.0,32.0,6.0,-16.285714285714292,-0.4688459488480438,0,0.0,3,0,0,0.1989798030270479
2006-08-04,6,45,64.57142857142857,35.151373339018264,134.8741752494651,False,49.0,32.0,50.0,-0.08163265306122447,136.0,32.0,-4.0,-19.57142857142857,-0.5567754868328085,0,0.0,4,0,0,0.2152795836567891
2006-08-05,6,60,53.714285714285715,15.850491955712048,85.41526962570981,False,45.0,43.0,136.0,0.33333333333333326,74.0,32.0,15.0,6.285714285714285,0.39656247501039554,0,0.0,5,1,0,0.22213019958697175
2006-08-06,6,49,50.142857142857146,13.094891770312111,76.33264068348137,False,60.0,49.0,74.0,-0.18333333333333335,73.0,32.0,-11.0,-1.142857142857146,-0.08727496875525675,0,0.0,6,1,0,0.0763795723976732
2006-08-07,6,54,47.42857142857143,8.847921466972448,65.12441436251632,False,49.0,45.0,73.0,0.1020408163265305,60.0,32.0,5.0,6.571428571428569,0.7427078968636222,0,0.0,0,0,0,0.2854579679839004
2006-08-08,6,24,46.285714285714285,11.338934190276715,68.96358266626771,False,54.0,60.0,32.0,-0.5555555555555556,60.0,24.0,-30.0,-22.285714285714285,-1.9654135263161945,0,0.0,1,0,0,0.8267836230995569
2006-08-09,6,30,44.42857142857143,12.921005415693422,70.27058225995827,False,24.0,49.0,43.0,0.25,60.0,24.0,6.0,-14.42857142857143,-1.1166747321612962,0,0.0,2,0,0,0.4533361562564536
2006-08-10,6,65,46.714285714285715,15.09651489267505,76.90731549963581,False,30.0,54.0,49.0,1.1666666666666665,65.0,24.0,35.0,18.285714285714285,1.2112532132866323,0,0.0,3,0,0,0.7156052913169879
2006-08-11,6,16,42.57142857142857,19.095000592276648,80.76142975598187,False,65.0,24.0,45.0,-0.7538461538461538,65.0,16.0,-49.0,-26.57142857142857,-1.3915377759557728,0,0.0,4,0,0,0.6754997600460588
2006-08-12,6,70,44.0,20.904544960366817,85.80908992073364,False,16.0,30.0,60.0,3.375,70.0,16.0,54.0,26.0,1.2437480754454566,0,0.0,5,1,0,1.27906182640591
2006-08-13,6,30,41.285714285714285,21.37533068527268,84.03637565625965,False,70.0,65.0,49.0,-0.5714285714285714,70.0,16.0,-40.0,-11.285714285714285,-0.5279782180730336,0,0.0,6,1,0,0.3276495191827046
2006-08-14,6,40,39.285714285714285,20.629382651243507,80.5444795882013,False,30.0,16.0,54.0,0.33333333333333326,70.0,16.0,10.0,0.7142857142857153,0.03462466037470373,0,0.0,0,0,0,0.09545196446447962
2006-08-15,6,41,41.714285714285715,19.499694747305487,80.71367520889669,False,40.0,70.0,24.0,0.02499999999999991,70.0,16.0,1.0,-0.7142857142857153,-0.036630591259819816,0,0.0,1,0,0,0.01907070694093691
2006-08-16,6,54,45.142857142857146,19.204414175119258,83.55168549309566,False,41.0,30.0,30.0,0.3170731707317074,70.0,16.0,13.0,8.857142857142854,0.46120325068730433,0,0.0,2,0,0,0.24068943042348334
2006-08-17,6,17,38.285714285714285,19.49969474730549,77.28510378032527,False,54.0,40.0,65.0,-0.6851851851851851,70.0,16.0,-37.0,-21.285714285714285,-1.0915916195426287,0,0.0,3,0,0,0.5533533631362163
2006-08-18,6,39,41.57142857142857,16.880532602746243,75.33249377692105,False,17.0,41.0,16.0,1.2941176470588234,70.0,17.0,22.0,-2.5714285714285694,-0.15233091920932873,0,0.0,4,0,0,0.3768452334879709
2006-08-19,6,563,112.0,199.1933733837549,510.3867467675098,True,39.0,54.0,70.0,13.435897435897436,563.0,17.0,524.0,451.0,2.264131430164668,1,1.0,5,1,1,4.551420359531993
2006-08-20,6,39,113.28571428571429,198.60405692878336,510.493828143281,False,563.0,17.0,30.0,-0.9307282415630551,563.0,17.0,-524.0,-74.28571428571429,-0.37403924015489626,0,1.0,6,1,0,0.6135957944449775
2006-08-21,6,24,111.0,199.67723956425277,510.35447912850555,False,39.0,39.0,40.0,-0.3846153846153846,563.0,17.0,-15.0,-87.0,-0.43570311685410545,0,1.0,0,0,0,0.49864993705278304
2006-08-22,6,120,122.28571428571429,197.279593712168,516.8449017100503,False,24.0,563.0,41.0,4.0,563.0,17.0,96.0,-2.285714285714292,-0.011586166246811611,0,0.0,1,0,1,1.154055158186384
2006-08-23,6,58,122.85714285714286,197.0545005587951,516.9661439747331,False,120.0,39.0,54.0,-0.5166666666666666,563.0,17.0,-62.0,-64.85714285714286,-0.3291330032143134,0,0.0,2,0,0,0.24436321779167633
2006-08-24,6,102,135.0,191.9982638810396,518.9965277620793,False,58.0,24.0,17.0,0.7586206896551724,563.0,24.0,44.0,-33.0,-0.17187654520501836,0,0.0,3,0,0,0.24981196323554952
2006-08-25,6,36,134.57142857142858,192.25144745259794,519.0743234766245,False,102.0,120.0,39.0,-0.6470588235294117,563.0,24.0,-66.0,-98.57142857142858,-0.5127213591903855,0,0.0,4,0,0,0.34121718159898784
2006-08-26,6,147,75.14285714285714,47.68797392574833,170.5188049943538,False,36.0,58.0,563.0,3.083333333333333,147.0,24.0,111.0,71.85714285714286,1.5068186352567694,0,0.0,5,1,0,1.2982198556732025
2006-08-27,6,291,111.14285714285714,91.15998495580641,293.4628270544699,False,147.0,102.0,39.0,0.9795918367346939,291.0,24.0,144.0,179.85714285714286,1.97298324713967,0,0.0,6,1,0,0.935442095682558
2006-08-28,6,228,140.28571428571428,91.26648579063082,322.8186858669759,False,291.0,36.0,24.0,-0.21649484536082475,291.0,36.0,-63.0,87.71428571428572,0.961078706423724,0,0.0,0,0,0,0.3905012585885096
2006-08-29,6,92,136.28571428571428,92.90266283538246,322.0910399564792,False,228.0,147.0,120.0,-0.5964912280701755,291.0,36.0,-136.0,-44.28571428571428,-0.47668934524828693,0,0.0,1,0,0,0.3159640778544443
2006-08-30,6,18,130.57142857142858,99.5152536764375,329.6019359243036,False,92.0,291.0,58.0,-0.8043478260869565,291.0,18.0,-74.0,-112.57142857142858,-1.1311976114281495,0,0.0,2,0,0,0.5970061205215914
2006-08-31,6,115,132.42857142857142,99.01322662967327,330.45502468791796,False,18.0,228.0,102.0,5.388888888888889,291.0,18.0,97.0,-17.428571428571416,-0.17602264123288186,0,0.0,3,0,0,1.408830146653731
2006-09-01,6,31,131.71428571428572,99.83939483943577,331.39307539315723,False,115.0,92.0,36.0,-0.7304347826086957,291.0,18.0,-84.0,-100.71428571428572,-1.008762881512134,0,0.0,4,0,0,0.5356757041814207
2006-09-02,6,34,115.57142857142857,105.90696726035407,327.3853630921367,False,31.0,18.0,147.0,0.09677419354838701,291.0,18.0,3.0,-81.57142857142857,-0.7702177012464368,0,0.0,5,1,0,0.29376974382334964
2006-09-03,6,60,82.57142857142857,73.01565389891206,228.60273636925268,False,34.0,115.0,291.0,0.7647058823529411,228.0,18.0,26.0,-22.57142857142857,-0.3091313201325953,0,0.0,6,1,0,0.29937243263464364
2006-09-04,6,53,57.57142857142857,34.97073606535018,127.51290070212893,False,60.0,31.0,228.0,-0.1166666666666667,115.0,18.0,-7.0,-4.571428571428569,-0.13072150542301542,0,0.0,0,0,0,0.07491919356472207
2006-09-05,6,47,51.142857142857146,31.5564497973002,114.25575673745755,False,53.0,34.0,92.0,-0.1132075471698113,115.0,18.0,-6.0,-4.142857142857146,-0.13128396434417483,0,0.0,1,0,0,0.074251274312914
2006-09-06,6,70,58.57142857142857,28.41863908808883,115.40870674760623,False,47.0,60.0,18.0,0.4893617021276595,115.0,31.0,23.0,11.42857142857143,0.40215041162394705,0,0.0,2,0,0,0.2630930696002963
2006-09-07,6,85,54.285714285714285,19.284832431337467,92.85537914838922,False,70.0,53.0,115.0,0.2142857142857142,85.0,31.0,15.0,30.714285714285715,1.592664592601267,0,0.0,3,0,0,0.611004035981872
2006-09-08,6,85,62.0,19.218047073866156,100.43609414773232,False,85.0,47.0,31.0,0.0,85.0,34.0,0.0,23.0,1.1967911174161696,0,0.0,4,0,0,0.41887689109565934
2006-09-09,6,35,62.142857142857146,18.97743020387269,100.09771755060252,False,85.0,70.0,34.0,-0.5882352941176471,85.0,35.0,-50.0,-27.142857142857146,-1.4302696702644941,0,0.0,5,1,0,0.6476532081219847
2006-09-10,6,160,76.42857142857143,41.440146166316964,159.30886376120537,True,35.0,85.0,60.0,3.571428571428571,160.0,35.0,125.0,83.57142857142857,2.0166774525660784,1,1.0,6,1,0,1.8486942512552702
2006-09-11,6,47,75.57142857142857,42.06287810273703,159.69718477690265,False,160.0,85.0,53.0,-0.70625,160.0,35.0,-113.0,-28.57142857142857,-0.6792550359747985,0,1.0,0,0,0,0.6643017625911795
2006-09-12,6,43,75.0,42.54017708786209,160.08035417572418,False,47.0,35.0,47.0,-0.08510638297872342,160.0,35.0,-4.0,-32.0,-0.7522298840366524,0,1.0,1,0,0,0.5345570551575092
2006-09-13,6,46,71.57142857142857,43.95398026291114,159.47938909725084,False,43.0,160.0,70.0,0.06976744186046502,160.0,35.0,3.0,-25.57142857142857,-0.5817771815135069,0,0.0,2,0,0,0.22106387399484365
2006-09-14,6,43,65.57142857142857,44.6760828738642,154.92359431915696,False,46.0,47.0,85.0,-0.06521739130434778,160.0,35.0,-3.0,-22.57142857142857,-0.5052238707434731,0,0.0,3,0,0,0.19313270258630252
2006-09-15,6,50,60.57142857142857,44.09405531685328,148.75953920513513,False,43.0,43.0,85.0,0.16279069767441867,160.0,35.0,7.0,-10.57142857142857,-0.23974719716732587,0,0.0,4,0,0,0.12460919342716872
2006-09-16,6,36,60.714285714285715,43.99891773560759,148.7121211855009,False,50.0,46.0,35.0,-0.28,160.0,36.0,-14.0,-24.714285714285715,-0.5617020001668099,0,0.0,5,1,0,0.2665957000583835
2006-09-17,6,69,47.714285714285715,10.355582805332585,68.42545132495088,True,36.0,43.0,160.0,0.9166666666666667,69.0,36.0,33.0,21.285714285714285,2.055480037294752,1,1.0,6,1,0,1.1985846797198298
2006-09-18,6,30,45.285714285714285,12.351980754981511,69.9896757956773,False,69.0,50.0,47.0,-0.5652173913043479,69.0,30.0,-39.0,-15.285714285714285,-1.237510178636558,0,1.0,0,0,0,0.8244329103488823
2006-09-19,6,38,44.57142857142857,12.647228192469136,69.86588495636684,False,30.0,36.0,43.0,0.2666666666666666,69.0,30.0,8.0,-6.571428571428569,-0.5195939596790041,0,1.0,1,0,0,0.49852455255431805
2006-09-20,6,68,47.714285714285715,15.478095120893695,78.6704759560731,False,38.0,69.0,46.0,0.7894736842105263,69.0,30.0,30.0,20.285714285714285,1.31060708835288,0,0.0,2,0,0,0.6560809019761396
2006-09-21,6,51,48.857142857142854,15.366940396281283,79.59102364970542,False,68.0,30.0,43.0,-0.25,69.0,30.0,-17.0,2.142857142857146,0.1394458293674004,0,0.0,3,0,0,0.11130604027859015
2006-09-22,6,69,51.57142857142857,17.174177737300404,85.91978404602938,False,51.0,38.0,50.0,0.3529411764705883,69.0,30.0,18.0,17.42857142857143,1.014811978019696,0,0.0,4,0,0,0.44341948642454065
2006-09-23,6,44,52.714285714285715,16.204055929656388,85.12239757359849,False,69.0,68.0,36.0,-0.3623188405797102,69.0,30.0,-25.0,-8.714285714285715,-0.5377838964686628,0,0.0,5,1,0,0.2788040739089595
2006-09-24,6,42,48.857142857142854,14.837211905976865,78.53156666909658,False,44.0,51.0,69.0,-0.045454545454545414,69.0,30.0,-2.0,-6.857142857142854,-0.46215813853809096,0,0.0,6,1,0,0.17311898485196817
2006-09-25,6,548,122.85714285714286,187.87267725016017,498.6024973574632,True,42.0,69.0,30.0,12.047619047619047,548.0,38.0,506.0,425.1428571428571,2.2629306226762065,1,1.0,0,0,1,4.203930479841434
2006-09-26,6,121,134.71428571428572,184.20795701752792,503.13019974934156,False,548.0,44.0,38.0,-0.7791970802919708,548.0,42.0,-427.0,-13.714285714285722,-0.0744500139507037,0,1.0,1,0,1,0.620856774955739
2006-09-27,6,8,126.14285714285714,189.15904117208578,504.46093948702867,False,121.0,42.0,68.0,-0.9338842975206612,548.0,8.0,-113.0,-118.14285714285714,-0.6245688821698397,0,1.0,2,0,0,0.7020701831396092
2006-07-08,7,729,346.14285714285717,227.10014572975552,800.3431486023683,False,255.0,208.0,411.0,1.8588235294117648,729.0,68.0,474.0,382.85714285714283,1.6858515205631779,0,0.0,5,1,0,1.0547539145500533
2006-07-09,7,346,385.85714285714283,191.93873030338665,769.7346034639161,False,729.0,489.0,68.0,-0.5253772290809328,729.0,200.0,-383.0,-39.85714285714283,-0.20765554048204607,0,0.0,6,1,0,0.20402374643894933
2006-07-10,7,164,341.57142857142856,203.61962670860677,748.810681988642,False,346.0,255.0,474.0,-0.5260115606936416,729.0,164.0,-182.0,-177.57142857142856,-0.8720741842082013,0,0.0,0,0,0,0.43672885464628086
2006-07-11,7,219,344.2857142857143,201.53387993561964,747.3534741569536,False,164.0,729.0,200.0,0.33536585365853666,729.0,164.0,55.0,-125.28571428571428,-0.6216607753948332,0,0.0,1,0,0,0.3014227348028258
2006-07-12,7,163,337.85714285714283,207.24255400490551,752.3422508669539,False,219.0,346.0,208.0,-0.2557077625570776,729.0,163.0,-56.0,-174.85714285714283,-0.8437318062374671,0,0.0,2,0,0,0.35923307282238287
2006-07-13,7,424,328.57142857142856,200.69450843081307,729.9604454330547,False,163.0,164.0,489.0,1.6012269938650308,729.0,163.0,261.0,95.42857142857144,0.47549166850548163,0,0.0,3,0,0,0.5667288324431763
2006-07-14,7,865,415.7142857142857,280.13551142599675,975.9853085662792,False,424.0,219.0,255.0,1.0400943396226414,865.0,163.0,441.0,449.2857142857143,1.6038155818251056,0,0.0,4,0,0,0.8213590385444473
2006-07-15,7,1116,471.0,374.5468373025373,1220.0936746050747,False,865.0,163.0,729.0,0.2901734104046243,1116.0,163.0,251.0,645.0,1.7220809750375667,0,0.0,5,1,0,0.6752716938643044
2006-07-16,7,1005,565.1428571428571,418.17118845891673,1401.4852340606906,False,1116.0,424.0,346.0,-0.09946236559139787,1116.0,163.0,-111.0,439.8571428571429,1.051859010085212,0,0.0,6,1,0,0.39301624492767373
2006-07-17,7,722,644.8571428571429,380.4407218702315,1405.738586597606,False,1005.0,865.0,164.0,-0.281592039800995,1116.0,163.0,-283.0,77.14285714285711,0.2027723392382984,0,0.0,0,0,0,0.14136832868365318
2006-07-18,7,449,677.7142857142857,345.89483675712495,1369.5039592285357,False,722.0,1116.0,219.0,-0.37811634349030476,1116.0,163.0,-273.0,-228.71428571428567,-0.6612249007423945,0,0.0,1,0,0,0.32595780113241424
2006-07-19,7,309,698.5714285714286,312.4723225838609,1323.5160737391502,False,449.0,1005.0,163.0,-0.311804008908686,1116.0,309.0,-140.0,-389.57142857142856,-1.2467389523738903,0,0.0,2,0,0,0.5143096355580331
2006-07-20,7,544,715.7142857142857,297.84767599435474,1311.409637702995,False,309.0,722.0,424.0,0.7605177993527508,1116.0,309.0,235.0,-171.71428571428567,-0.5765171051808684,0,0.0,3,0,0,0.3919104366514916
2006-07-21,7,64,601.2857142857143,374.84828677111244,1350.9822878279392,False,544.0,449.0,865.0,-0.8823529411764706,1116.0,64.0,-480.0,-537.2857142857143,-1.433341751620092,0,0.0,4,0,0,0.7222578483611498
2006-07-22,7,55,449.7142857142857,345.38563678189956,1140.4855592780848,False,64.0,309.0,1116.0,-0.140625,1005.0,55.0,-9.0,-394.7142857142857,-1.1428219133944952,0,0.0,5,1,0,0.4351439196880733
2006-07-23,7,66,315.57142857142856,267.29562731356566,850.1626831985599,False,55.0,544.0,1005.0,0.19999999999999996,722.0,55.0,11.0,-249.57142857142856,-0.9336906171747774,0,0.0,6,1,0,0.37679171601117206
2006-07-24,7,65,221.71428571428572,210.0077096090482,641.7297049323821,False,66.0,64.0,722.0,-0.015151515151515138,544.0,55.0,-1.0,-156.71428571428572,-0.7462310719150044,0,0.0,0,0,0,0.2649687539581303
2006-07-25,7,192,185.0,184.57518793164004,554.15037586328,False,65.0,55.0,449.0,1.953846153846154,544.0,55.0,127.0,7.0,0.03792492208293633,0,0.0,1,0,0,0.5017352611905662
2006-07-26,7,918,272.0,334.99701491207384,941.9940298241477,False,192.0,66.0,309.0,3.78125,918.0,55.0,726.0,646.0,1.9283753345855972,0,0.0,2,0,1,1.7702438671049587
2006-07-27,7,794,307.7142857142857,379.23375126066816,1066.181788235622,False,918.0,65.0,544.0,-0.13507625272331159,918.0,55.0,-124.0,486.2857142857143,1.2822848700737473,0,0.0,3,0,0,0.4825687677066394
2006-07-28,7,629,388.42857142857144,378.84335247472126,1146.115276378014,False,794.0,192.0,64.0,-0.207808564231738,918.0,55.0,-165.0,240.57142857142856,0.63501555629731,0,0.0,4,0,0,0.274207585761993
2006-07-29,7,75,391.2857142857143,375.9741632460555,1143.2340407778254,False,629.0,918.0,55.0,-0.8807631160572337,918.0,65.0,-554.0,-316.2857142857143,-0.8412431937943827,0,0.0,5,1,0,0.5146258968423424
2006-07-30,7,118,398.7142857142857,368.9235305975638,1136.5613469094133,False,75.0,794.0,66.0,0.5733333333333333,918.0,65.0,43.0,-280.7142857142857,-0.7609009857695685,0,0.0,6,1,0,0.40964867835268226
2006-07-31,7,236,423.14285714285717,348.2242709191061,1119.5913989810695,False,118.0,629.0,65.0,1.0,918.0,75.0,118.0,-187.14285714285717,-0.5374204712230598,0,0.0,0,0,0,0.43809716492807094
2006-08-01,7,339,444.14285714285717,336.1861729118897,1116.5152029666365,False,236.0,75.0,192.0,0.43644067796610164,918.0,75.0,103.0,-105.14285714285717,-0.3127518693128856,0,0.0,1,0,0,0.2185733237510354
2006-08-02,7,1022,459.0,361.9300116505033,1182.8600233010065,False,339.0,118.0,918.0,2.0147492625368733,1022.0,75.0,683.0,563.0,1.5555493225805386,0,0.0,2,0,0,1.0481295785374067
2006-08-03,7,613,433.14285714285717,339.7967179414917,1112.7362930258405,False,1022.0,236.0,794.0,-0.4001956947162426,1022.0,75.0,-409.0,179.85714285714283,0.5293080482167319,0,0.0,3,0,0,0.2853067405549168
2006-08-04,7,325,389.7142857142857,329.8745793407523,1049.4634443957902,False,613.0,339.0,629.0,-0.46982055464926586,1022.0,75.0,-288.0,-64.71428571428572,-0.196178450251703,0,0.0,4,0,0,0.18611759625041252
2006-08-05,7,65,388.2857142857143,331.48238479377994,1051.250483873274,False,325.0,1022.0,75.0,-0.8,1022.0,65.0,-260.0,-323.2857142857143,-0.9752726520720205,0,0.0,5,1,0,0.5413454282252071
2006-08-06,7,66,380.85714285714283,339.04543873028246,1058.9480203177077,False,65.0,613.0,118.0,0.01538461538461533,1022.0,65.0,1.0,-314.85714285714283,-0.9286576299321396,0,0.0,6,1,0,0.32887632432240266
2006-08-07,7,126,365.14285714285717,349.27325910211005,1063.6893753470772,False,66.0,325.0,236.0,0.9090909090909092,1022.0,65.0,60.0,-239.14285714285717,-0.684686972345839,0,0.0,0,0,0,0.4669131675937709
2006-08-08,7,141,336.85714285714283,359.60785520315,1056.0728532634428,False,126.0,65.0,339.0,0.11904761904761907,1022.0,65.0,15.0,-195.85714285714283,-0.5446408763793279,0,0.0,1,0,0,0.22038621149466953
2006-08-09,7,113,207.0,199.39826144344113,605.7965228868823,False,141.0,66.0,1022.0,-0.1985815602836879,613.0,65.0,-28.0,-94.0,-0.47141832935428873,0,0.0,2,0,0,0.21464180534492303
2006-08-10,7,209,149.28571428571428,91.66008634390259,332.60588697351943,False,113.0,126.0,613.0,0.8495575221238938,325.0,65.0,96.0,59.71428571428572,0.6514752667315741,0,0.0,3,0,0,0.44040572388702437
2006-08-11,7,123,120.42857142857143,48.982504165119785,218.393579758811,False,209.0,141.0,325.0,-0.4114832535885168,209.0,65.0,-86.0,2.5714285714285694,0.05249686781614144,0,0.0,4,0,0,0.1212447171327787
2006-08-12,7,77,122.14285714285714,46.88435620911435,215.91156956108586,False,123.0,113.0,65.0,-0.3739837398373984,209.0,66.0,-46.0,-45.14285714285714,-0.9628552285747084,0,0.0,5,1,0,0.4304952649604975
2006-08-13,7,236,146.42857142857142,56.082846881073756,258.59426519071894,False,77.0,209.0,66.0,2.064935064935065,236.0,77.0,159.0,89.57142857142858,1.5971267077454498,0,0.0,6,1,0,1.0752281139446738
2006-08-14,7,436,190.71428571428572,121.50269446355908,433.7196746414039,True,236.0,123.0,126.0,0.847457627118644,436.0,77.0,200.0,245.28571428571428,2.018767527592606,1,1.0,0,0,0,1.1684330414370732
2006-08-15,7,158,193.14285714285714,120.50923695085126,434.1613310445597,False,436.0,77.0,141.0,-0.6376146788990826,436.0,77.0,-278.0,-35.14285714285714,-0.2916195896335646,0,1.0,1,0,0,0.5114705260965182
2006-08-16,7,408,235.28571428571428,138.1083080842893,511.50233045429286,False,158.0,236.0,113.0,1.5822784810126582,436.0,77.0,250.0,172.71428571428572,1.2505712046169148,0,1.0,2,0,0,1.0832695418690848
2006-08-17,7,138,225.14285714285714,142.88506869908787,510.91299454103284,False,408.0,436.0,209.0,-0.6617647058823529,436.0,77.0,-270.0,-87.14285714285714,-0.6098807372768269,0,0.0,3,0,0,0.37889943451747765
2006-08-18,7,354,258.14285714285717,142.03570979561107,542.2142767340792,False,138.0,158.0,123.0,1.5652173913043477,436.0,77.0,216.0,95.85714285714283,0.6748805370584311,0,0.0,4,0,0,0.6275125357965378
2006-08-19,7,341,295.85714285714283,119.12238604537362,534.10191494789,False,354.0,408.0,77.0,-0.03672316384180796,436.0,138.0,-13.0,45.14285714285717,0.37896196384147857,0,0.0,5,1,0,0.1418174783049695
2006-08-20,7,290,303.57142857142856,116.31545776157989,536.2023440945884,False,341.0,138.0,236.0,-0.14956011730205276,436.0,138.0,-51.0,-13.571428571428555,-0.11667776292012065,0,0.0,6,1,0,0.07822724634755542
2006-08-21,7,230,274.14285714285717,102.46044532961506,479.0637478020873,False,290.0,354.0,436.0,-0.2068965517241379,408.0,138.0,-60.0,-44.14285714285717,-0.43082823515520885,0,0.0,0,0,0,0.20251402023535756
2006-08-22,7,550,330.14285714285717,131.43113351540043,593.005124173658,False,230.0,341.0,158.0,1.391304347826087,550.0,138.0,320.0,219.85714285714283,1.6727933500128231,0,0.0,1,0,0,0.9333037594610097
2006-08-23,7,536,348.42857142857144,151.44840391241894,651.3253792534093,False,550.0,290.0,408.0,-0.025454545454545507,550.0,138.0,-14.0,187.57142857142856,1.2385169558784497,0,0.0,2,0,0,0.43984457092109375
2006-08-24,7,129,347.14285714285717,153.5561011177229,654.255059378303,False,536.0,230.0,138.0,-0.7593283582089552,550.0,129.0,-407.0,-218.14285714285717,-1.4206068098170264,0,0.0,3,0,0,0.6870444729881979
2006-08-25,7,379,350.7142857142857,154.0321549609201,658.7785956361259,False,129.0,550.0,354.0,1.937984496124031,550.0,129.0,250.0,28.285714285714278,0.18363511473652738,0,0.0,4,0,0,0.5487684141887923
2006-08-26,7,285,342.7142857142857,156.06164838049818,654.837582475282,False,379.0,536.0,341.0,-0.24802110817941958,550.0,129.0,-94.0,-57.71428571428572,-0.36981720118320766,0,0.0,5,1,0,0.19144129745897756
2006-08-27,7,309,345.42857142857144,155.1546079913598,655.737787411291,False,285.0,129.0,290.0,0.08421052631578951,550.0,129.0,24.0,-36.428571428571445,-0.2347888312973067,0,0.0,6,1,0,0.10322872253300472
2006-08-28,7,475,380.42857142857144,152.38531987788667,685.1992111843448,False,309.0,379.0,230.0,0.5372168284789645,550.0,129.0,166.0,94.57142857142856,0.6206071716169329,0,0.0,0,0,0,0.3515167171856676
2006-08-29,7,348,351.57142857142856,132.7878723664898,617.1471733044082,False,475.0,285.0,550.0,-0.2673684210526316,536.0,129.0,-127.0,-3.571428571428555,-0.026895741597652262,0,0.0,1,0,0,0.07625561482233618
2006-08-30,7,627,364.57142857142856,156.23684706544904,677.0451227023266,False,348.0,309.0,536.0,0.8017241379310345,627.0,129.0,279.0,262.42857142857144,1.679684143406941,0,0.0,2,0,0,0.7883204846751879
2006-08-31,7,595,431.14285714285717,137.25939988628454,705.6616569154262,False,627.0,475.0,129.0,-0.05103668261562999,627.0,285.0,-32.0,163.85714285714283,1.1937771187628865,0,0.0,3,0,0,0.4305811622209178
2006-09-01,7,569,458.2857142857143,143.85723743317493,746.0001891520642,False,595.0,348.0,379.0,-0.043697478991596594,627.0,285.0,-26.0,110.71428571428572,0.7696121515581973,0,0.0,4,0,0,0.28028862279326816
2006-09-02,7,341,466.2857142857143,133.82166526851395,733.9290448227422,False,569.0,627.0,285.0,-0.4007029876977153,627.0,309.0,-228.0,-125.28571428571428,-0.9362139132866762,0,0.0,5,1,0,0.4278506165747655
2006-09-03,7,226,454.42857142857144,152.45967460595108,759.3479206404736,False,341.0,595.0,309.0,-0.3372434017595308,627.0,226.0,-115.0,-228.42857142857144,-1.4982883640286306,0,0.0,6,1,0,0.6087117778499034
2006-09-04,7,292,428.2857142857143,163.62529784614054,755.5363099779954,False,226.0,569.0,475.0,0.2920353982300885,627.0,226.0,66.0,-136.28571428571428,-0.832913417121671,0,0.0,0,0,0,0.36452854555010694
2006-09-05,7,463,444.7142857142857,159.95282042497678,764.6199265642392,False,292.0,341.0,348.0,0.5856164383561644,627.0,226.0,171.0,18.285714285714278,0.11431941677512789,0,0.0,1,0,0,0.18641590546033585
2006-09-06,7,290,396.57142857142856,146.0557623453653,688.6829532621591,False,463.0,226.0,627.0,-0.37365010799136067,595.0,226.0,-173.0,-106.57142857142856,-0.7296625587616518,0,0.0,2,0,0,0.3487944225644183
2006-09-07,7,481,380.2857142857143,125.09425018189906,630.4742146495124,False,290.0,292.0,595.0,0.6586206896551725,569.0,226.0,191.0,100.71428571428572,0.8051071693284527,0,0.0,3,0,0,0.44644268167875156
2006-09-08,7,233,332.2857142857143,103.15314550982716,538.5920053053686,False,481.0,463.0,569.0,-0.5155925155925156,481.0,226.0,-248.0,-99.28571428571428,-0.9625077758891784,0,0.0,4,0,0,0.46577585045934133
2006-09-09,7,96,297.2857142857143,136.0290585202475,569.3438313262093,False,233.0,290.0,341.0,-0.5879828326180258,481.0,96.0,-137.0,-201.28571428571428,-1.4797257415296754,0,0.0,5,1,0,0.6648997176898929
2006-09-10,7,466,331.57142857142856,145.01592687570283,621.6032823228343,False,96.0,481.0,226.0,3.854166666666667,481.0,96.0,370.0,134.42857142857144,0.9269917108751563,0,0.0,6,1,0,1.2879887654729714
2006-09-11,7,433,351.7142857142857,148.35735493026593,648.4289955748176,False,466.0,233.0,292.0,-0.07081545064377681,481.0,96.0,-33.0,81.28571428571428,0.5479048129758971,0,0.0,0,0,0,0.20947054720250818
2006-09-12,7,388,341.0,141.53209294479282,624.0641858895856,False,433.0,96.0,463.0,-0.10392609699769051,481.0,96.0,-45.0,47.0,0.3320801360404657,0,0.0,1,0,0,0.14220957186358563
2006-09-13,7,780,411.0,214.4792142221093,839.9584284442186,False,388.0,466.0,290.0,1.0103092783505154,780.0,96.0,392.0,369.0,1.7204463571626538,0,0.0,2,0,0,0.8547335445945576
2006-09-14,7,520,416.57142857142856,217.09126893456394,850.7539664405565,False,780.0,433.0,481.0,-0.33333333333333337,780.0,96.0,-260.0,103.42857142857144,0.4764289562260448,0,0.0,3,0,0,0.250083468012449
2006-09-15,7,1293,568.0,377.8637320516486,1323.7274641032973,False,520.0,388.0,233.0,1.4865384615384616,1293.0,96.0,773.0,725.0,1.9186810464098534,0,0.0,4,0,1,1.1931729816280638
2006-09-16,7,519,628.4285714285714,319.04589907141224,1266.5203695713958,False,1293.0,780.0,96.0,-0.5986078886310905,1293.0,388.0,-774.0,-109.42857142857144,-0.3429869129087563,0,0.0,5,1,1,0.4196973916758373
2006-09-17,7,76,572.7142857142857,380.30852137254493,1333.3313284593755,False,519.0,520.0,466.0,-0.8535645472061657,1293.0,76.0,-443.0,-496.71428571428567,-1.3060824166148177,0,0.0,6,1,0,0.6705199826167276
2006-09-18,7,415,570.1428571428571,381.4697142069641,1333.0822855567853,False,76.0,1293.0,433.0,4.4605263157894735,1293.0,76.0,339.0,-155.1428571428571,-0.4066976939398873,0,0.0,0,0,1,1.4074757718263289
2006-09-19,7,380,569.0,382.1177828889936,1333.2355657779872,False,415.0,519.0,388.0,-0.08433734939759041,1293.0,76.0,-35.0,-189.0,-0.4946118802034039,0,0.0,1,0,0,0.19419849542058895
2006-09-20,7,447,521.4285714285714,372.067582186739,1265.5637358020495,False,380.0,76.0,780.0,0.1763157894736842,1293.0,76.0,67.0,-74.42857142857144,-0.200040457679034,0,0.0,2,0,0,0.11409310755608294
2006-09-21,7,812,563.1428571428571,387.91211572185983,1338.9670885865767,False,447.0,415.0,520.0,0.8165548098434003,1293.0,76.0,365.0,248.8571428571429,0.6415296825126268,0,0.0,3,0,0,0.42867409134026946
2006-09-22,7,119,395.42857142857144,248.50543732673626,892.439446082044,False,812.0,380.0,1293.0,-0.853448275862069,812.0,76.0,-693.0,-276.42857142857144,-1.1123642334693844,0,0.0,4,0,1,0.7526895506798018
2006-09-23,7,365,373.42857142857144,242.48632754780033,858.4012265241721,False,119.0,447.0,519.0,2.0672268907563027,812.0,76.0,246.0,-8.428571428571445,-0.03475895390151602,0,0.0,5,1,0,0.5289723565546063
2006-09-24,7,208,392.2857142857143,219.5493219345139,831.3843581547421,False,365.0,812.0,76.0,-0.4301369863013699,812.0,119.0,-157.0,-184.28571428571428,-0.8393818039067508,0,0.0,6,1,0,0.40131787794270524
2006-09-25,7,259,370.0,224.7161172086537,819.4322344173074,False,208.0,119.0,415.0,0.2451923076923077,812.0,119.0,51.0,-111.0,-0.49395653698203035,0,0.0,0,0,0,0.23418286486678755
2006-09-26,7,991,457.2857142857143,325.3698993892512,1108.0255130642167,False,259.0,365.0,380.0,2.8262548262548264,991.0,119.0,732.0,533.7142857142858,1.640330805992834,0,0.0,1,0,0,1.2806794886611985
2006-09-27,7,597,478.7142857142857,329.4929004221054,1137.7000865584964,False,991.0,208.0,447.0,-0.3975782038345106,991.0,119.0,-394.0,118.28571428571428,0.358993199987767,0,0.0,2,0,0,0.2250421709543461
2006-09-28,7,270,401.2857142857143,300.52992878453574,1002.3455718547857,False,597.0,259.0,812.0,-0.5477386934673367,991.0,119.0,-327.0,-131.28571428571428,-0.4368473730660135,0,0.0,3,0,0,0.2898312539399389
2006-09-29,7,512,457.42857142857144,274.5959802709289,1006.6205319704293,False,270.0,991.0,119.0,0.8962962962962964,991.0,208.0,242.0,54.571428571428555,0.19873352308453557,0,0.0,4,0,0,0.2936308071536615
2006-09-30,7,106,420.42857142857144,304.9026386366951,1030.2338487019615,False,512.0,597.0,365.0,-0.79296875,991.0,106.0,-406.0,-314.42857142857144,-1.0312425058767756,0,0.0,5,1,0,0.5591770645568714
2006-07-08,8,2188,2022.7142857142858,2456.292851316506,6935.2999883472985,False,1144.0,7456.0,448.0,0.9125874125874125,7456.0,495.0,1044.0,165.28571428571422,0.06729071964046077,0,0.0,5,1,0,0.2516986050210144
2006-07-09,8,7,1925.2857142857142,2530.4186553668487,6986.123025019411,False,2188.0,495.0,689.0,-0.996800731261426,7456.0,7.0,-2181.0,-1918.2857142857142,-0.7580902482821393,0,0.0,6,1,0,0.5145317697141052
2006-07-10,8,212,1819.7142857142858,2592.495883268073,7004.706052250433,False,7.0,1144.0,951.0,29.285714285714285,7456.0,7.0,205.0,-1607.7142857142858,-0.6201414975773087,0,0.0,0,0,0,7.538478095580629
2006-07-11,8,25,1646.7142857142858,2676.969163954248,7000.652613622782,False,212.0,2188.0,1236.0,-0.8820754716981132,7456.0,7.0,-187.0,-1621.7142857142858,-0.6058023758707661,0,0.0,1,0,0,0.43254969947929645
2006-07-12,8,1342,773.2857142857143,816.6896012328704,2406.664916751455,False,25.0,7.0,7456.0,52.68,2188.0,7.0,1317.0,568.7142857142857,0.6963652749981203,0,0.0,2,0,0,13.413727846249342
2006-07-13,8,33,707.2857142857143,860.4242585852079,2428.1342314561302,False,1342.0,212.0,495.0,-0.9754098360655737,2188.0,7.0,-1309.0,-674.2857142857143,-0.7836665455687803,0,0.0,3,0,0,0.5181357499654665
2006-07-14,8,55,551.7142857142857,866.7294299617987,2285.173145637883,False,33.0,25.0,1144.0,0.6666666666666667,2188.0,7.0,22.0,-496.71428571428567,-0.5730903587816037,0,0.0,4,0,0,0.367248292240228
2006-07-15,8,5586,1037.142857142857,2062.54029686464,5162.223450872137,True,55.0,1342.0,2188.0,100.56363636363636,5586.0,7.0,5531.0,4548.857142857143,2.205463392747977,1,1.0,5,1,1,26.31282127837088
2006-07-16,8,203,1065.142857142857,2047.5003808360598,5160.143618814976,False,5586.0,33.0,7.0,-0.9636591478696742,5586.0,25.0,-5383.0,-862.1428571428571,-0.42107091212364395,0,1.0,6,1,0,0.638289606210694
2006-07-17,8,3438,1526.0,2182.102197423393,5890.204394846786,False,203.0,55.0,212.0,15.935960591133004,5586.0,25.0,3235.0,1912.0,0.8762192685088167,0,1.0,0,0,0,4.540666891761337
2006-07-18,8,25,1526.0,2182.1021974233927,5890.204394846785,False,3438.0,5586.0,25.0,-0.9927283304246655,5586.0,25.0,-3413.0,-1501.0,-0.6878687876735011,0,0.0,1,0,0,0.48893615829189174
2006-07-19,8,9,1335.5714285714287,2257.6909928171344,5850.953414205697,False,25.0,203.0,1342.0,-0.64,5586.0,9.0,-16.0,-1326.5714285714287,-0.587578825851784,0,0.0,2,0,0,0.36565258904812437
2006-07-20,8,181,1356.7142857142858,2244.1117555568776,5844.9377968280405,False,9.0,3438.0,33.0,19.11111111111111,5586.0,9.0,172.0,-1175.7142857142858,-0.5239107533588157,0,0.0,3,0,0,4.961146541453363
2006-07-21,8,181,1374.7142857142858,2232.405333139251,5839.5249519927875,False,181.0,25.0,55.0,0.0,5586.0,9.0,0.0,-1193.7142857142858,-0.534721120150905,0,0.0,4,0,0,0.18715239205281675
2006-07-22,8,202,605.5714285714286,1251.736641249915,3109.0447110712585,False,181.0,9.0,5586.0,0.11602209944751385,3438.0,9.0,21.0,-403.57142857142856,-0.32240921296699626,0,0.0,5,1,0,0.14184874940032716
2006-07-23,8,4748,1254.857142857143,1976.8541868813884,5208.565516619919,False,202.0,181.0,203.0,22.504950495049506,4748.0,9.0,4546.0,3493.142857142857,1.7670209885248538,0,0.0,6,1,0,6.244694969746075
2006-07-24,8,2621,1138.142857142857,1846.2842349406756,4830.711327024208,False,4748.0,181.0,3438.0,-0.44797809604043803,4748.0,9.0,-2127.0,1482.857142857143,0.8031575565466572,0,0.0,0,0,0,0.39309966880143954
2006-07-25,8,459,1200.142857142857,1809.596311204189,4819.335479551235,False,2621.0,202.0,25.0,-0.824876001526135,4748.0,9.0,-2162.0,-741.1428571428571,-0.409562535278402,0,0.0,1,0,0,0.34956588772897446
2006-07-26,8,689,1297.2857142857142,1752.342310003548,4801.97033429281,False,459.0,4748.0,9.0,0.5010893246187365,4748.0,181.0,230.0,-608.2857142857142,-0.34712721786259354,0,0.0,2,0,0,0.24676685740659185
2006-07-27,8,641,1363.0,1711.656604968804,4786.313209937608,False,689.0,2621.0,181.0,-0.06966618287373005,4748.0,181.0,-48.0,-722.0,-0.4218135773764172,0,0.0,3,0,0,0.16505129780017852
2006-07-28,8,196,1365.142857142857,1709.9387346307105,4785.020326404278,False,641.0,459.0,181.0,-0.6942277691107644,4748.0,196.0,-445.0,-1169.142857142857,-0.6837337657936705,0,0.0,4,0,0,0.4128637603054758
2006-07-29,8,250,1372.0,1704.5847979297869,4781.169595859574,False,196.0,689.0,202.0,0.2755102040816326,4748.0,196.0,54.0,-1122.0,-0.6582248033541175,0,0.0,5,1,0,0.29925623219434927
2006-07-30,8,580,776.5714285714286,834.8450668922258,2446.26156235588,False,250.0,641.0,4748.0,1.3199999999999998,2621.0,196.0,330.0,-196.57142857142856,-0.23545857071252146,0,0.0,6,1,0,0.4124104997493825
2006-07-31,8,2628,777.5714285714286,837.4228038338528,2452.417036239134,True,580.0,196.0,2621.0,3.5310344827586206,2628.0,196.0,2048.0,1850.4285714285716,2.209670599917167,1,1.0,0,0,0,1.9061433306606634
2006-08-01,8,2500,1069.142857142857,1039.0570129643877,3147.2568830716327,False,2628.0,250.0,459.0,-0.0487062404870624,2628.0,196.0,-128.0,1430.857142857143,1.37707277967764,0,1.0,1,0,0,0.7441520330089396
2006-08-02,8,126,988.7142857142857,1093.7371278154105,3176.188541345107,False,2500.0,580.0,689.0,-0.9496,2628.0,126.0,-2374.0,-862.7142857142857,-0.788776622724395,0,1.0,2,0,0,0.7634718179535382
2006-08-03,8,305,940.7142857142857,1118.629923058517,3177.97413183132,False,126.0,2628.0,641.0,1.4206349206349205,2628.0,126.0,179.0,-635.7142857142857,-0.5682972240659956,0,0.0,3,0,0,0.5540627585818285
2006-08-04,8,122,930.1428571428571,1127.1578458777674,3184.458548898392,False,305.0,2500.0,196.0,-0.6,2628.0,122.0,-183.0,-808.1428571428571,-0.7169739827732654,0,0.0,4,0,0,0.4009408939706429
2006-08-05,8,274,933.5714285714286,1124.7781791895466,3183.1277869505216,False,122.0,126.0,250.0,1.2459016393442623,2628.0,122.0,152.0,-659.5714285714286,-0.5864013322010445,0,0.0,5,1,0,0.5167158761064312
2006-08-06,8,122,868.1428571428571,1161.4950751181896,3191.133007379236,False,274.0,305.0,580.0,-0.5547445255474452,2628.0,122.0,-152.0,-746.1428571428571,-0.6423986349171097,0,0.0,6,1,0,0.3635256536078497
2006-08-07,8,526,567.8571428571429,864.4062371692735,2296.66961719569,False,122.0,122.0,2628.0,3.3114754098360653,2500.0,122.0,404.0,-41.85714285714289,-0.04842299901720419,0,0.0,0,0,0,0.8448169021150378
2006-08-08,8,768,320.42857142857144,245.46680504897571,811.3621815265228,False,526.0,274.0,2500.0,0.4600760456273765,768.0,122.0,242.0,447.57142857142856,1.8233480093108667,0,0.0,1,0,0,0.7531908146656474
2006-08-09,8,2892,715.5714285714286,986.8920672398535,2689.3555630511355,True,768.0,122.0,126.0,2.765625,2892.0,122.0,2124.0,2176.4285714285716,2.205335944651235,1,1.0,2,0,0,1.7132738306279323
2006-08-10,8,301,715.0,987.1705357569512,2689.3410715139025,False,2892.0,526.0,305.0,-0.8959197786998617,2892.0,122.0,-2591.0,-414.0,-0.419380421933628,0,1.0,3,0,0,0.6207630923517352
2006-08-11,8,2466,1049.857142857143,1138.4551562785168,3326.7674554141768,False,301.0,768.0,122.0,7.192691029900333,2892.0,122.0,2165.0,1416.142857142857,1.2439162288419934,0,1.0,4,0,0,2.483543437569781
2006-08-12,8,354,1061.2857142857142,1129.7366528363607,3320.7590199584356,False,2466.0,2892.0,274.0,-0.856447688564477,2892.0,122.0,-2112.0,-707.2857142857142,-0.6260624599983994,0,0.0,5,1,0,0.433233783140559
2006-08-13,8,18,1046.4285714285713,1144.7322623133114,3335.8930960551943,False,354.0,301.0,122.0,-0.9491525423728814,2892.0,18.0,-336.0,-1028.4285714285713,-0.8984009591607741,0,0.0,6,1,0,0.5517284712994913
2006-08-14,8,1216,1145.0,1121.9303305761307,3388.8606611522614,False,18.0,2466.0,526.0,66.55555555555556,2892.0,18.0,1198.0,71.0,0.06328378637441988,0,0.0,0,0,0,16.661038214119937
2006-08-15,8,19,1038.0,1197.0776917142844,3432.1553834285687,False,1216.0,354.0,768.0,-0.984375,2892.0,18.0,-1197.0,-1019.0,-0.8512396468004819,0,0.0,1,0,0,0.5440276263801687
2006-08-16,8,14,626.8571428571429,915.2377520934886,2457.3326470441198,False,19.0,18.0,2892.0,-0.26315789473684215,2466.0,14.0,-5.0,-612.8571428571429,-0.6696152281296951,0,0.0,2,0,0,0.3001548035296038
2006-08-17,8,223,615.7142857142857,920.3268829218075,2456.368051557901,False,14.0,1216.0,301.0,14.928571428571429,2466.0,14.0,209.0,-392.71428571428567,-0.4267117355090169,0,0.0,3,0,0,3.8814919645710133
2006-08-18,8,8,264.57142857142856,440.5791102412273,1145.7296490538831,False,223.0,19.0,2466.0,-0.9641255605381166,1216.0,8.0,-215.0,-256.57142857142856,-0.5823504037843413,0,0.0,4,0,0,0.4448540314590486
2006-08-19,8,520,288.2857142857143,450.54955860804466,1189.3848315018035,False,8.0,14.0,354.0,64.0,1216.0,8.0,512.0,231.71428571428572,0.5142925481654727,0,0.0,5,1,0,16.180002391857915
2006-08-20,8,516,359.42857142857144,439.9507007013605,1239.3299728312925,False,520.0,223.0,18.0,-0.007692307692307665,1216.0,8.0,-4.0,156.57142857142856,0.3558840223756556,0,0.0,6,1,0,0.12648248475455637
2006-08-21,8,2046,478.0,727.2933841763348,1932.5867683526697,True,516.0,8.0,1216.0,2.9651162790697674,2046.0,8.0,1530.0,1568.0,2.155938734705231,1,1.0,0,0,0,1.7458576269142725
2006-08-22,8,2447,824.8571428571429,999.8203886317825,2824.497920120708,False,2046.0,520.0,19.0,0.19599217986314765,2447.0,8.0,401.0,1622.142857142857,1.6224342485537404,0,1.0,1,0,0,0.866850031959596
2006-08-23,8,414,882.0,956.234106621734,2794.468213243468,False,2447.0,516.0,14.0,-0.8308132407029015,2447.0,8.0,-2033.0,-468.0,-0.48941989400398156,0,1.0,2,0,0,0.6290002730771189
2006-08-24,8,1925,1125.142857142857,976.903343661563,3078.9495444659833,False,414.0,2046.0,223.0,3.64975845410628,2447.0,8.0,1511.0,799.8571428571429,0.8187679363154733,0,0.0,3,0,0,1.1990083912369855
2006-08-25,8,470,1191.142857142857,901.5498560019527,2994.2425691467624,False,1925.0,2447.0,8.0,-0.7558441558441559,2447.0,414.0,-1455.0,-721.1428571428571,-0.7998923679517193,0,0.0,4,0,0,0.4689233677441407
2006-08-26,8,3052,1552.857142857143,1078.057578637218,3708.972300131579,False,470.0,414.0,520.0,5.493617021276596,3052.0,414.0,2582.0,1499.142857142857,1.3905962658617677,0,0.0,5,1,0,1.8601129483707677
2006-08-27,8,1250,1657.7142857142858,992.7179381686942,3643.150162051674,False,3052.0,1925.0,516.0,-0.59043250327654,3052.0,414.0,-1802.0,-407.7142857142858,-0.4107050612577443,0,0.0,6,1,0,0.2913548972593455
2006-08-28,8,1103,1523.0,995.2252676320734,3513.4505352641468,False,1250.0,470.0,2046.0,-0.11760000000000004,3052.0,414.0,-147.0,-420.0,-0.4220150044814985,0,0.0,0,0,0,0.17710525156852447
2006-08-29,8,1929,1449.0,932.3418543288358,3313.6837086576716,False,1103.0,3052.0,2447.0,0.7488667271078875,3052.0,414.0,826.0,480.0,0.5148326149073411,0,0.0,1,0,0,0.36740809699454124
2006-08-30,8,491,1460.0,918.446151569776,3296.892303139552,False,1929.0,1250.0,414.0,-0.7454639709694142,3052.0,470.0,-1438.0,-969.0,-1.055042789164494,0,0.0,2,0,0,0.5556309689499264
2006-08-31,8,1137,1347.4285714285713,900.0608974106241,3147.5503662498195,False,491.0,1103.0,1925.0,1.315682281059063,3052.0,470.0,646.0,-210.42857142857133,-0.23379370184396867,0,0.0,3,0,0,0.41074836591015473
2006-09-01,8,1173,1447.857142857143,821.6447789995027,3091.1467008561485,False,1137.0,1929.0,470.0,0.0316622691292876,3052.0,491.0,36.0,-274.8571428571429,-0.3345206426633946,0,0.0,4,0,0,0.12499779221451
2006-09-02,8,2749,1404.5714285714287,725.3945724323312,2855.360573436091,False,1173.0,491.0,3052.0,1.3435635123614662,2749.0,491.0,1576.0,1344.4285714285713,1.8533755337964453,0,0.0,5,1,0,0.9845723149191223
2006-09-03,8,7,1227.0,900.5346560053453,3028.0693120106907,False,2749.0,1137.0,1250.0,-0.9974536194979993,2749.0,7.0,-2742.0,-1220.0,-1.35475073426297,0,0.0,6,1,0,0.7235261618665394
2006-09-04,8,1705,1313.0,915.3425588270212,3143.685117654042,False,7.0,1173.0,1103.0,242.57142857142858,2749.0,7.0,1698.0,392.0,0.42825496524468865,0,0.0,0,0,0,60.79274638069279
2006-09-05,8,383,1092.142857142857,928.3597414385267,2948.8623400199103,False,1705.0,2749.0,1929.0,-0.775366568914956,2749.0,7.0,-1322.0,-709.1428571428571,-0.7638664386774792,0,0.0,1,0,0,0.4611948957658567
2006-09-06,8,722,1125.142857142857,907.2964286956101,2939.7357145340775,False,383.0,7.0,491.0,0.885117493472585,2749.0,7.0,339.0,-403.1428571428571,-0.44433422192469113,0,0.0,2,0,0,0.3767963510417881
2006-09-07,8,1244,1140.4285714285713,908.430121536205,2957.288814500981,False,722.0,1705.0,1137.0,0.7229916897506925,2749.0,7.0,522.0,103.57142857142867,0.1140114412500648,0,0.0,3,0,0,0.2206519268751958
2006-09-08,8,4724,1647.7142857142858,1632.5350138445945,4912.784313403475,False,1244.0,383.0,1173.0,2.797427652733119,4724.0,7.0,3480.0,3076.285714285714,1.8843612353510857,0,0.0,4,0,0,1.3588833455561597
2006-09-09,8,737,1360.2857142857142,1582.6816603774862,4525.649035040687,False,4724.0,722.0,2749.0,-0.8439881456392887,4724.0,7.0,-3987.0,-623.2857142857142,-0.3938162208810152,0,0.0,5,1,0,0.3488327137181775
2006-09-10,8,17,1361.7142857142858,1581.2604375714236,4524.235160857133,False,737.0,1244.0,7.0,-0.9769335142469471,4724.0,17.0,-720.0,-1344.7142857142858,-0.8504065777270046,0,0.0,6,1,0,0.5418756807661884
2006-09-11,8,1132,1279.857142857143,1575.3479434261947,4430.553029709532,False,17.0,4724.0,1705.0,65.58823529411765,4724.0,17.0,1115.0,-147.8571428571429,-0.09385681590887344,0,0.0,0,0,0,16.429908709097518
2006-09-12,8,597,1310.4285714285713,1557.0124017000048,4424.453374828581,False,1132.0,737.0,383.0,-0.4726148409893993,4724.0,17.0,-535.0,-713.4285714285713,-0.4582035223788763,0,0.0,1,0,0,0.2785249430799565
2006-09-13,8,565,1288.0,1567.9934098500962,4423.986819700192,False,597.0,17.0,722.0,-0.05360134003350081,4724.0,17.0,-32.0,-723.0,-0.46109887378808034,0,0.0,2,0,0,0.17478494083420332
2006-09-14,8,550,1188.857142857143,1592.980584582606,4374.818312022355,False,565.0,1132.0,1244.0,-0.026548672566371723,4724.0,17.0,-15.0,-638.8571428571429,-0.4010451508510289,0,0.0,3,0,0,0.14700297093945303
2006-09-15,8,271,552.7142857142857,350.71484821989407,1254.143982154074,False,550.0,597.0,4724.0,-0.5072727272727273,1132.0,17.0,-279.0,-281.71428571428567,-0.8032573445680883,0,0.0,4,0,0,0.4079582524170127
2006-09-16,8,1156,612.5714285714286,416.91680110978683,1446.4050307910022,False,271.0,565.0,737.0,3.265682656826568,1156.0,17.0,885.0,543.4285714285714,1.3034460519402522,0,0.0,5,1,0,1.2726267823857302
2006-09-17,8,365,662.2857142857143,349.3335150853741,1360.9527444564624,False,1156.0,550.0,17.0,-0.6842560553633218,1156.0,271.0,-791.0,-297.28571428571433,-0.85100825697465,0,0.0,6,1,0,0.46891690378195794
2006-09-18,8,610,587.7142857142857,281.47807154715144,1150.6704288085884,False,365.0,271.0,1132.0,0.6712328767123288,1156.0,271.0,245.0,22.285714285714334,0.07917388864958984,0,0.0,0,0,0,0.19551908020543862
2006-09-19,8,1803,760.0,539.2024975214152,1838.4049950428305,False,610.0,1156.0,597.0,1.955737704918033,1803.0,271.0,1193.0,1043.0,1.9343381854702812,0,0.0,1,0,0,1.1659527911441065
2006-09-20,8,9573,2046.857142857143,3361.134998209753,8769.127139276648,True,1803.0,365.0,565.0,4.309484193011647,9573.0,271.0,7770.0,7526.142857142857,2.2391670786088174,1,1.0,2,0,1,2.261079525765998
2006-09-21,8,390,2024.0,3373.5319770234873,8771.063954046975,False,9573.0,610.0,550.0,-0.9592604199310562,9573.0,271.0,-9183.0,-1634.0,-0.48435882816149023,0,1.0,3,0,1,0.8093406948392856
2006-09-22,8,1037,2133.4285714285716,3319.177752453302,8771.784076335176,False,390.0,1803.0,271.0,1.6589743589743589,9573.0,365.0,647.0,-1096.4285714285716,-0.33033138020850344,0,1.0,4,0,0,0.7803595728165659
2006-09-23,8,2151,2275.5714285714284,3291.53347530412,8858.638379179669,False,1037.0,9573.0,1156.0,1.0742526518804243,9573.0,365.0,1114.0,-124.57142857142844,-0.03784601588518207,0,0.0,5,1,0,0.2818092685299198
2006-09-24,8,713,2325.285714285714,3260.347666240811,8845.981046767336,False,2151.0,390.0,365.0,-0.6685262668526266,9573.0,390.0,-1438.0,-1612.2857142857142,-0.4945134305874653,0,0.0,6,1,0,0.3402112674187695
2006-09-25,8,685,2336.0,3253.888186974674,8843.77637394935,False,713.0,1037.0,610.0,-0.03927068723702665,9573.0,390.0,-28.0,-1651.0,-0.5073929711337436,0,0.0,0,0,0,0.18740521170606692
2006-09-26,8,531,2154.285714285714,3323.38997181521,8801.065657916135,False,685.0,2151.0,1803.0,-0.2248175182481752,9573.0,390.0,-154.0,-1623.2857142857142,-0.4884427416487209,0,0.0,1,0,0,0.2271593391390961
2006-09-27,8,881,912.5714285714286,586.0147487173722,2084.600926006173,False,531.0,713.0,9573.0,0.6591337099811676,2151.0,390.0,350.0,-31.571428571428555,-0.05387480110659649,0,0.0,2,0,0,0.18363960788260067
2006-09-28,8,452,921.4285714285714,577.2024073473865,2075.8333861233446,False,881.0,685.0,390.0,-0.4869466515323496,2151.0,452.0,-429.0,-469.42857142857144,-0.8132824072114864,0,0.0,3,0,0,0.4063855054071076
2006-09-29,8,11426,2405.5714285714284,4018.9733289793826,10443.518086530194,True,452.0,531.0,1037.0,24.278761061946902,11426.0,452.0,10974.0,9020.428571428572,2.2444609134230555,1,1.0,4,0,1,7.255251585184795
2006-09-30,8,3382,2581.4285714285716,4032.885768162498,10647.200107753568,False,11426.0,881.0,2151.0,-0.7040084018904254,11426.0,452.0,-8044.0,800.5714285714284,0.19851081151526995,0,1.0,5,1,1,0.6454808845029508
2006-07-08,9,1758,1333.4285714285713,1129.4039515223442,3592.2364744732595,False,3136.0,1910.0,1463.0,-0.43941326530612246,3136.0,5.0,-1378.0,424.57142857142867,0.3759252163407866,0,0.0,5,1,0,0.24142714204580593
2006-07-09,9,5,1333.4285714285713,1129.4039515223442,3592.2364744732595,False,1758.0,1680.0,5.0,-0.997155858930603,3136.0,5.0,-1753.0,-1328.4285714285713,-1.1762209242102872,0,0.0,6,1,0,0.6609662882062513
2006-07-10,9,2169,1523.4285714285713,1144.1401221212457,3811.7088156710624,False,5.0,3136.0,839.0,432.8,3136.0,5.0,2164.0,645.5714285714287,0.5642415736038676,0,0.0,0,0,0,108.39748455076136
2006-07-11,9,1158,1688.0,957.0529417609736,3602.1058835219474,False,2169.0,1758.0,6.0,-0.4661134163208852,3136.0,5.0,-1011.0,-530.0,-0.5537833607062203,0,0.0,1,0,0,0.3103525303273984
2006-07-12,9,118,1432.0,1114.4928592563226,3660.9857185126452,False,1158.0,5.0,1910.0,-0.8981001727115717,3136.0,5.0,-1040.0,-1314.0,-1.1790115811838295,0,0.0,2,0,0,0.6371790965922333
2006-07-13,9,5,1192.7142857142858,1226.5525826866283,3645.8194510875423,False,118.0,2169.0,1680.0,-0.9576271186440678,3136.0,5.0,-113.0,-1187.7142857142858,-0.9683353920541871,0,0.0,3,0,0,0.5783241668799824
2006-07-14,9,5,745.4285714285714,936.3441064663599,2618.116784361291,False,5.0,1158.0,3136.0,0.0,2169.0,5.0,0.0,-740.4285714285714,-0.7907654444637854,0,0.0,4,0,0,0.2767679055623249
2006-07-15,9,9,495.57142857142856,850.5358814972394,2196.6431915659073,False,5.0,118.0,1758.0,0.8,2169.0,5.0,4.0,-486.57142857142856,-0.5720763032291246,0,0.0,5,1,0,0.4002267061301936
2006-07-16,9,6,495.7142857142857,850.4398301831266,2196.593946080539,False,9.0,5.0,5.0,-0.33333333333333337,2169.0,5.0,-3.0,-489.7142857142857,-0.5758364819889373,0,0.0,6,1,0,0.2848761020294614
2006-07-17,9,4,186.42857142857142,430.4613250699218,1047.351221568415,False,6.0,5.0,2169.0,-0.33333333333333337,1158.0,4.0,-2.0,-182.42857142857142,-0.4237978107811674,0,0.0,0,0,0,0.23166256710674193
2006-07-18,9,1000,163.85714285714286,371.0711650395515,905.9994729362459,True,4.0,9.0,1158.0,249.0,1000.0,4.0,996.0,836.1428571428571,2.253322040047263,1,1.0,1,0,1,63.43866271401654
2006-07-19,9,4378,772.4285714285714,1632.510628565999,4037.4498285605696,True,1000.0,6.0,118.0,3.378,4378.0,4.0,3378.0,3605.5714285714284,2.2086051651942498,1,2.0,2,0,1,2.2675118078179874
2006-07-20,9,338,820.0,1611.1324174836368,4042.2648349672736,False,4378.0,4.0,5.0,-0.9227957971676565,4378.0,4.0,-4040.0,-482.0,-0.29916845553957133,0,2.0,3,0,0,0.8354079087307641
2006-07-21,9,3598,1333.2857142857142,1861.1514996802127,5055.58871364614,False,338.0,1000.0,5.0,9.644970414201184,4378.0,4.0,3260.0,2264.714285714286,1.2168349937847962,0,1.0,4,0,0,3.087134851374975
2006-07-22,9,6,1332.857142857143,1861.5075815560024,5055.872305969147,False,3598.0,4378.0,9.0,-0.9983324068927182,4378.0,4.0,-3592.0,-1326.857142857143,-0.7127863183990809,0,0.0,5,1,0,0.49905831316285787
2006-07-23,9,5,1332.7142857142858,1861.626413854806,5055.967113423898,False,6.0,338.0,6.0,-0.16666666666666663,4378.0,4.0,-1.0,-1327.7142857142858,-0.7132012463408385,0,0.0,6,1,0,0.2912871028859601
2006-07-24,9,2637,1708.857142857143,1813.7995505357833,5336.456243928709,False,5.0,3598.0,4.0,526.4,4378.0,5.0,2632.0,928.1428571428571,0.5117119208412921,0,0.0,0,0,0,131.77909917229445
2006-07-25,9,2792,1964.857142857143,1823.5122180900817,5611.881579037306,False,2637.0,6.0,1000.0,0.05877891543420555,4378.0,5.0,155.0,827.1428571428571,0.4535987444455986,0,0.0,1,0,0,0.17345428941451088
2006-07-26,9,2912,1755.4285714285713,1566.2045265697643,4887.8376245681,False,2792.0,5.0,4378.0,0.042979942693409656,3598.0,5.0,120.0,1156.5714285714287,0.7384549090277206,0,0.0,2,0,0,0.2692042038330546
2006-07-27,9,1734,1954.857142857143,1439.3825561181236,4833.62225509339,False,2912.0,2637.0,338.0,-0.40453296703296704,3598.0,5.0,-1178.0,-220.8571428571429,-0.15343880637152177,0,0.0,3,0,0,0.15483682398827436
2006-07-28,9,1651,1676.7142857142858,1243.7711089378834,4164.2565035900525,False,1734.0,2792.0,3598.0,-0.047866205305651666,2912.0,5.0,-83.0,-25.71428571428578,-0.020674451531118087,0,0.0,4,0,0,0.019202609362304245
2006-07-29,9,1494,1889.2857142857142,1017.1521869556057,3923.5900881969255,False,1651.0,2912.0,6.0,-0.09509388249545725,2912.0,5.0,-157.0,-395.2857142857142,-0.38862002704101395,0,0.0,5,1,0,0.1597904800882192
2006-07-30,9,9,1889.857142857143,1015.9175538351901,3921.6922505275234,False,1494.0,1734.0,5.0,-0.9939759036144579,2912.0,9.0,-1485.0,-1880.857142857143,-1.851387563137229,0,0.0,6,1,0,0.8964796230016445
2006-07-31,9,2954,1935.142857142857,1060.8450135892344,4056.8328843213258,False,9.0,1651.0,2637.0,327.22222222222223,2954.0,9.0,2945.0,1018.8571428571429,0.9604203443496102,0,0.0,0,0,1,82.29170267607793
2006-08-01,9,1349,1729.0,1005.3397435693073,3739.6794871386146,False,2954.0,1494.0,2792.0,-0.543331076506432,2954.0,9.0,-1605.0,-380.0,-0.3779816710230221,0,0.0,1,0,0,0.2681263539846657
2006-08-02,9,3782,1853.2857142857142,1209.0932848331313,4271.472283951976,False,1349.0,9.0,2912.0,1.80355819125278,3782.0,9.0,2433.0,1928.7142857142858,1.5951740812361965,0,0.0,2,0,0,1.0092004762458637
2006-08-03,9,1352,1798.7142857142858,1223.9043691244447,4246.523023963175,False,3782.0,2954.0,1734.0,-0.6425171866737176,3782.0,9.0,-2430.0,-446.7142857142858,-0.3649911654322667,0,0.0,3,0,0,0.28837620456972274
2006-08-04,9,1622,1794.5714285714287,1224.5366276191794,4243.644683809787,False,1352.0,1349.0,1651.0,0.1997041420118344,3782.0,9.0,270.0,-172.57142857142867,-0.1409279422679854,0,0.0,4,0,0,0.09925081529675349
2006-08-05,9,939,1715.2857142857142,1264.5549565342105,4244.395627354135,False,1622.0,3782.0,1494.0,-0.42108508014796553,3782.0,9.0,-683.0,-776.2857142857142,-0.6138805625929373,0,0.0,5,1,0,0.32012946694451944
2006-08-06,9,4,1714.5714285714287,1265.6802989094915,4245.932026390412,False,939.0,1352.0,9.0,-0.9957401490947817,3782.0,4.0,-935.0,-1710.5714285714287,-1.3515035483527864,0,0.0,6,1,0,0.7219612791971706
2006-08-07,9,1219,1466.7142857142858,1146.811189674179,3760.336665062644,False,4.0,1622.0,2954.0,303.75,3782.0,4.0,1215.0,-247.71428571428578,-0.21600267401004103,0,0.0,0,0,0,76.01310093590351
2006-08-08,9,572,1355.7142857142858,1196.6247969860503,3748.9638796863865,False,1219.0,939.0,1349.0,-0.5307629204265791,3782.0,4.0,-647.0,-783.7142857142858,-0.6549373547488406,0,0.0,1,0,0,0.361918804268739
2006-08-09,9,2223,1133.0,719.9046233124692,2572.809246624938,False,572.0,4.0,3782.0,2.8863636363636362,2223.0,4.0,1651.0,1090.0,1.5140894356862595,0,0.0,2,0,0,1.2515222115810998
2006-08-10,9,4017,1513.7142857142858,1314.3101757557988,4142.334637225884,False,2223.0,1219.0,1352.0,0.8070175438596492,4017.0,4.0,1794.0,2503.285714285714,1.9046384494434934,0,0.0,3,0,0,0.868377843270135
2006-08-11,9,3796,1824.2857142857142,1575.1395403038337,4974.564794893382,False,4017.0,572.0,1622.0,-0.055016181229773475,4017.0,4.0,-221.0,1971.7142857142858,1.251771175026337,0,0.0,4,0,0,0.4518739565666613
2006-08-12,9,2813,2092.0,1558.766392589559,5209.532785179118,False,3796.0,2223.0,939.0,-0.2589567966280295,4017.0,4.0,-983.0,721.0,0.46254525296555776,0,0.0,5,1,0,0.22663003769495257
2006-08-13,9,9,2092.714285714286,1557.6508716959775,5208.01602910624,False,2813.0,4017.0,4.0,-0.996800568787771,4017.0,9.0,-2804.0,-2083.714285714286,-1.337728697874538,0,0.0,6,1,0,0.7174051864530311
2006-08-14,9,268,1956.857142857143,1682.9865743742016,5322.830291605546,False,9.0,3796.0,1219.0,28.77777777777778,4017.0,9.0,259.0,-1688.857142857143,-1.003488179013099,0,0.0,0,0,0,7.545665307099029
2006-08-15,9,2700,2260.8571428571427,1580.1995051861254,5421.256153229393,False,268.0,2813.0,572.0,9.074626865671641,4017.0,9.0,2432.0,439.14285714285734,0.2779034248033752,0,0.0,1,0,0,2.3659229150990915
2006-08-16,9,2324,2275.285714285714,1580.2573328718452,5435.800380029405,False,2700.0,9.0,2223.0,-0.1392592592592593,4017.0,9.0,-376.0,48.71428571428578,0.03082680547824949,0,0.0,2,0,0,0.045604196732202146
2006-08-17,9,281,1741.5714285714287,1523.8618547561825,4789.295138083794,False,2324.0,268.0,4017.0,-0.8790877796901894,3796.0,9.0,-2043.0,-1460.5714285714287,-0.9584670778575588,0,0.0,3,0,0,0.555235422172693
2006-08-18,9,4,1199.857142857143,1333.9931819630156,3867.8435067831742,False,281.0,2700.0,3796.0,-0.9857651245551602,2813.0,4.0,-277.0,-1195.857142857143,-0.8964492098324723,0,0.0,4,0,0,0.5601985045801554
2006-08-19,9,4,798.5714285714286,1181.655598040713,3161.8826246528542,False,4.0,2324.0,2813.0,0.0,2700.0,4.0,0.0,-794.5714285714286,-0.6724221703554529,0,0.0,5,1,0,0.23534775962440851
2006-08-20,9,4,797.8571428571429,1182.2138030789856,3162.2847490151144,False,4.0,281.0,9.0,0.0,2700.0,4.0,0.0,-793.8571428571429,-0.6715004799255412,0,0.0,6,1,0,0.2350251679739394
2006-08-21,9,8,760.7142857142857,1205.4905936707155,3171.695473055717,False,4.0,4.0,268.0,1.0,2700.0,4.0,4.0,-752.7142857142857,-0.6244049380578105,0,0.0,0,0,0,0.46854172832023366
2006-08-22,9,804,489.85714285714283,860.8856735113822,2211.628489879907,False,8.0,4.0,2700.0,99.5,2324.0,4.0,796.0,314.14285714285717,0.36490658766856326,0,0.0,1,0,0,25.002717305683998
2006-08-23,9,3089,599.1428571428571,1136.852735782936,2872.8483287087292,True,804.0,4.0,2324.0,2.8420398009950247,3089.0,4.0,2285.0,2489.857142857143,2.1901316173911427,1,1.0,2,0,0,1.727056016335656
2006-08-24,9,2293,886.5714285714286,1287.3898473452482,3461.351123261925,False,3089.0,8.0,281.0,-0.2576885723535125,3089.0,4.0,-796.0,1406.4285714285716,1.0924651638384004,0,1.0,3,0,0,0.6967849504318182
2006-08-25,9,2532,1247.7142857142858,1351.528112210486,3950.7705101352576,False,2293.0,804.0,4.0,0.10423026602703889,3089.0,4.0,239.0,1284.2857142857142,0.9502471263307539,0,1.0,4,0,0,0.6086440607225236
2006-08-26,9,58,1255.4285714285713,1343.3755812805864,3942.179733989744,False,2532.0,3089.0,4.0,-0.9770932069510269,3089.0,4.0,-2474.0,-1197.4285714285713,-0.8913579934016148,0,0.0,5,1,0,0.5562485994283218
2006-08-27,9,4,1255.4285714285713,1343.3755812805864,3942.179733989744,False,58.0,2293.0,4.0,-0.9310344827586207,3089.0,4.0,-54.0,-1251.4285714285713,-0.9315552400618164,0,0.0,6,1,0,0.5588029547112909
2006-08-28,9,3756,1790.857142857143,1500.9963833591146,4792.849909575372,False,4.0,2532.0,8.0,938.0,3756.0,4.0,3752.0,1965.142857142857,1.3092255689868904,0,0.0,0,0,1,235.10822894914543
2006-08-29,9,2863,2085.0,1476.9283440077018,5038.856688015403,False,3756.0,58.0,804.0,-0.2377529286474973,3756.0,4.0,-893.0,778.0,0.5267689511741495,0,0.0,1,0,0,0.24380736507282663
2006-08-30,9,1956,1923.142857142857,1409.0862794226414,4741.31541598814,False,2863.0,4.0,3089.0,-0.31680055885434855,3756.0,4.0,-907.0,32.85714285714289,0.023318048797853087,0,0.0,2,0,0,0.08736145679283572
2006-08-31,9,5,1596.2857142857142,1565.6613846641844,4727.6084836140835,False,1956.0,3756.0,2293.0,-0.9974437627811861,3756.0,4.0,-1951.0,-1591.2857142857142,-1.0163664504399599,0,0.0,3,0,0,0.6050891983492824
2006-09-01,9,4,1235.142857142857,1604.9203955930266,4444.98364832891,False,5.0,2863.0,2532.0,-0.19999999999999996,3756.0,4.0,-1.0,-1231.142857142857,-0.7671052426353464,0,0.0,4,0,0,0.31848683492237123
2006-09-02,9,4,1227.4285714285713,1611.637247971025,4450.703067370621,False,4.0,1956.0,58.0,0.0,3756.0,4.0,0.0,-1223.4285714285713,-0.7591215488333957,0,0.0,5,1,0,0.26569254209168847
2006-09-03,9,7,1227.857142857143,1611.2580414665047,4450.373225790152,False,4.0,5.0,4.0,0.75,3756.0,4.0,3.0,-1220.857142857143,-0.75770429308078,0,0.0,6,1,0,0.452696502578273
2006-09-04,9,5,692.0,1202.1361542409973,3096.2723084819945,False,7.0,4.0,3756.0,-0.2857142857142857,2863.0,4.0,-2.0,-687.0,-0.5714826826075539,0,0.0,0,0,0,0.2714475103412153
2006-09-05,9,5,283.7142857142857,737.4093648907462,1758.5330154957783,False,5.0,4.0,2863.0,0.0,1956.0,4.0,0.0,-278.7142857142857,-0.3779641203443877,0,0.0,1,0,0,0.1322874421205357
2006-09-06,9,4,4.857142857142857,1.0690449689929071,6.995232795128671,False,5.0,7.0,1956.0,-0.19999999999999996,7.0,4.0,-1.0,-0.8571428571428568,-0.8017762248000398,0,0.0,2,0,0,0.3306216786800139
2006-09-07,9,4,4.714285714285714,1.1126972818190337,6.939680277923782,False,4.0,5.0,5.0,0.0,7.0,4.0,0.0,-0.7142857142857144,-0.6419349688428506,0,0.0,3,0,0,0.2246772390949977
2006-09-08,9,7,5.142857142857143,1.3451854193363317,7.833227981529807,False,4.0,5.0,4.0,0.75,7.0,4.0,3.0,1.8571428571428568,1.3805747703624358,0,0.0,4,0,0,0.6707011696268526
2006-09-09,9,5,5.285714285714286,1.2535663422011216,7.792846970116528,False,7.0,4.0,4.0,-0.2857142857142857,7.0,4.0,-2.0,-0.2857142857142856,-0.22791933454376412,0,0.0,5,1,0,0.15120033851888887
2006-09-10,9,4,4.857142857142857,1.0690449689929074,6.995232795128672,False,5.0,4.0,7.0,-0.19999999999999996,7.0,4.0,-1.0,-0.8571428571428568,-0.8017762248000396,0,0.0,6,1,0,0.33062167868001385
2006-09-11,9,3100,447.0,1169.863524803927,2786.727049607854,True,4.0,7.0,5.0,774.0,3100.0,4.0,3096.0,2653.0,2.2677858750804227,1,1.0,0,0,1,194.69372505627814
2006-09-12,9,2454,796.8571428571429,1365.4894639617244,3527.8360707805914,False,3100.0,5.0,5.0,-0.20838709677419354,3100.0,4.0,-646.0,1657.142857142857,1.2135888915605864,0,1.0,1,0,0,0.7268528862397536
2006-09-13,9,1512,1012.2857142857143,1338.2394796006824,3688.764673487079,False,2454.0,4.0,4.0,-0.3838630806845966,3100.0,4.0,-942.0,499.71428571428567,0.37341170216356084,0,1.0,2,0,0,0.47665986592839543
2006-09-14,9,2912,1427.7142857142858,1421.8249674609172,4271.36422063612,False,1512.0,3100.0,4.0,0.9259259259259258,3100.0,4.0,1400.0,1484.2857142857142,1.0439299757810832,0,0.0,3,0,0,0.5968569730048605
2006-09-15,9,6,1427.5714285714287,1421.9915444126073,4271.554517396643,False,2912.0,2454.0,7.0,-0.9979395604395604,3100.0,4.0,-2906.0,-1421.5714285714287,-0.9997045510995654,0,0.0,4,0,0,0.5993814829947379
2006-09-16,9,4,1427.4285714285713,1422.1583194969137,4271.7452104223985,False,6.0,1512.0,5.0,-0.33333333333333337,3100.0,4.0,-2.0,-1423.4285714285713,-1.0008931789838809,0,0.0,5,1,0,0.43364594597769157
2006-09-17,9,4,1427.4285714285713,1422.1583194969137,4271.7452104223985,False,4.0,2912.0,4.0,0.0,3100.0,4.0,0.0,-1423.4285714285713,-1.0008931789838809,0,0.0,6,1,0,0.35031261264435826
2006-09-18,9,4,985.1428571428571,1290.642143608035,3566.427144358927,False,4.0,6.0,3100.0,0.0,2912.0,4.0,0.0,-981.1428571428571,-0.76019743691157,0,0.0,0,0,0,0.2660691029190495
2006-09-19,9,1884,903.7142857142857,1197.1167743493415,3297.947834412969,False,4.0,4.0,2454.0,470.0,2912.0,4.0,1880.0,980.2857142857143,0.8188722496431462,0,0.0,1,0,0,117.7866052873751
2006-09-20,9,3095,1129.857142857143,1453.2875866544136,4036.4323161659704,False,1884.0,4.0,1512.0,0.6427813163481952,3095.0,4.0,1211.0,1965.142857142857,1.352205070535781,0,0.0,2,0,0,0.6339671037745722
2006-09-21,9,594,798.7142857142857,1225.818735143403,3250.351756001092,False,3095.0,4.0,2912.0,-0.8080775444264944,3095.0,4.0,-2501.0,-204.71428571428567,-0.1670020845458168,0,0.0,3,0,0,0.2604701156976595
2006-09-22,9,2310,1127.857142857143,1285.3684852434897,3698.594113344122,False,594.0,1884.0,6.0,2.888888888888889,3095.0,4.0,1716.0,1182.142857142857,0.9196917938454074,0,0.0,4,0,0,1.044114350068115
2006-09-23,9,1264,1307.857142857143,1186.1501350407302,3680.1574129386036,False,2310.0,3095.0,4.0,-0.4528138528138528,3095.0,4.0,-1046.0,-43.85714285714289,-0.036974360320663216,0,0.0,5,1,0,0.12614448931569533
2006-09-24,9,8,1308.4285714285713,1185.418049626777,3679.264670682125,False,1264.0,594.0,4.0,-0.9936708860759493,3095.0,4.0,-1256.0,-1300.4285714285713,-1.0970210558779616,0,0.0,6,1,0,0.6323750910762739
2006-09-25,9,724,1411.2857142857142,1079.9121436928274,3571.110001671369,False,8.0,2310.0,4.0,89.5,3095.0,8.0,716.0,-687.2857142857142,-0.6364274278565137,0,0.0,0,0,0,22.59774959974978
2006-09-26,9,1330,1332.142857142857,1059.6040814963903,3451.3510201356376,False,724.0,1264.0,1884.0,0.8370165745856353,3095.0,8.0,606.0,-2.1428571428571104,-0.0020223186754884386,0,0.0,1,0,0,0.20996195518282978
2006-09-27,9,97,903.8571428571429,803.16839840128,2510.1939396597027,False,1330.0,8.0,3095.0,-0.9270676691729324,2310.0,8.0,-1233.0,-806.8571428571429,-1.0045927285202931,0,0.0,2,0,0,0.5833743722753356
2006-09-28,9,983,959.4285714285714,791.5292913390002,2542.487154106572,False,97.0,724.0,594.0,9.1340206185567,2310.0,8.0,886.0,23.571428571428555,0.029779603271229076,0,0.0,3,0,0,2.2939280157841053
2006-09-29,9,5,630.1428571428571,589.773806520046,1809.6904701829492,False,983.0,1330.0,2310.0,-0.9949135300101729,1330.0,5.0,-978.0,-625.1428571428571,-1.0599705168864664,0,0.0,4,0,0,0.6197180634128064
2006-09-30,9,4,450.14285714285717,555.3495681614826,1560.8419934658223,False,5.0,97.0,1264.0,-0.19999999999999996,1330.0,4.0,-1.0,-446.14285714285717,-0.8033549941999404,0,0.0,5,1,0,0.33117424796997913
